slug,title,category,tags,summary,col_labels,compare_rows,article_title,article_lead,exam_points,common_mistakes,memory_tip,related_terms,faq_1_question,faq_1_answer,faq_2_question,faq_2_answer,faq_3_question,faq_3_answer,faq_4_question,faq_4_answer
kako-mogi,過去問と模擬試験の違い,契約・実務,演習;学習法,過去に出題された問題と本番形式の練習の目的・使い方の差を整理します。,過去問;模擬試験,"[{""axis"": ""定義"", ""cols"": [""過去に実際に出題された問題"", ""本番に近い形式で解く練習問題""]}, {""axis"": ""主な目的"", ""cols"": [""出題傾向・論点の把握"", ""時間配分・本番形式への慣れ""]}, {""axis"": ""使うタイミング"", ""cols"": [""学習の中盤以降、論点確認"", ""直前期の総仕上げ・実力確認""]}, {""axis"": ""復習の仕方"", ""cols"": [""解説を読み、同分野の用語とセットで確認"", ""本番と同じ制限時間で解き直す""]}]",過去問と模擬試験の違い,過去問は出題傾向を知る材料、模擬試験は本番形式への慣れを作る演習です。目的が異なるため、学習段階に応じて使い分けると効率的です。過去に出題された問題と本番形式の練習の目的・使い方の差を整理します。試験で押さえるべき点は、過去問で論点を拾い、模擬試験で形式に慣れる、直前期は模擬試験で時間配分を確認する、どちらも解説と用語確認をセットにする。,過去問で論点を拾い、模擬試験で形式に慣れる;直前期は模擬試験で時間配分を確認する;どちらも解説と用語確認をセットにする,過去問と模擬試験を同じ目的の演習だと思い込むと、時間配分の練習が不足しがちです。,「論点把握＝過去問」「形式慣れ＝模擬試験」と役割を分けて覚えると整理しやすくなります。,過去問;模擬試験;復習,「過去問と模擬試験の違い」の試験での位置づけは？,過去問は出題傾向を知る材料、模擬試験は本番形式への慣れを作る演習です。目的が異なるため、学習段階に応じて使い分けると効率的です。過去に出題された問題と本番形式の練習の目的・使い方の差を整理します。試験で押さえるべき点は、過去問で論点を拾い… 試験では過去問で論点を拾い、模擬試験で形式に慣れるを軸に、関連条文・数値・主体の取り違えを照合してください。,「過去問と模擬試験の違い」でよくある誤答パターンは？,過去問と模擬試験を同じ目的の演習だと思い込むと、時間配分の練習が不足しがちです。 誤答肢では直前期は模擬試験で時間配分を確認するの主語や条件が入れ替わることが多いので、比較表で整理してください。 過去問で正誤の型を分類し、試験要項で数値・期限を照合してください。,「過去問と模擬試験の違い」の覚え方・確認手順は？,覚え方：「論点把握＝過去問」「形式慣れ＝模擬試験」と役割を分けて覚えると整理しやすくなります。 用語集→本ページ→過去問の順で往復し、正誤理由をメモに残してください。 過去問で正誤の型を分類し、試験要項で数値・期限を照合してください。,「過去問と模擬試験の違い」の公式情報はどこで確認しますか？,「過去問と模擬試験の違い」では過去問で論点を拾い、模擬試験で形式に慣れるを軸に、条文・数値・主体の取り違えを比較表で整理してください。 典型誤答は過去問と模擬試験を同じ目的の演習だと思い込むと、時間配分の練習が不足しがちです。。 過去問では条件文の主語入れ替え肢に注意してください。
koushiki-youkou,公式情報と試験要項の違い,法令・制度,公式情報;制度,試験実施団体の公表情報のうち、要項が担う範囲と一次情報全体の関係を整理します。,公式情報;試験要項,"[{""axis"": ""位置づけ"", ""cols"": [""試験実施団体が公表する一次情報の総称"", ""日程・申込・受験資格などをまとめた案内資料""]}, {""axis"": ""含まれる内容"", ""cols"": [""要項・合格発表・出題範囲など幅広い情報"", ""試験日程、申込方法、受験資格、試験料など""]}, {""axis"": ""更新"", ""cols"": [""各ページ・資料ごとに更新"", ""年度ごとに改訂されることが多い""]}, {""axis"": ""学習での使い方"", ""cols"": [""最新条件の最終確認先"", ""受験前チェックリストの基準資料""]}]",公式情報と試験要項の違い｜受験前に確認する情報の整理,公式情報は一次情報全体、試験要項はその中でも受験手続きの核心をまとめた資料です。非公式情報と食い違う場合は公式情報を優先します。試験実施団体の公表情報のうち、要項が担う範囲と一次情報全体の関係を整理します。試験で押さえるべき点は、試験要項は公式情報の一部、年度更新を必ず確認する、申込前・直前期の再確認が重要。,試験要項は公式情報の一部;年度更新を必ず確認する;申込前・直前期の再確認が重要,試験要項だけ見れば公式情報はすべて確認できたと考えると、合格発表や範囲変更を見落とすことがあります。,「要項＝手続きの公式」「公式情報＝全体の正」と覚えると混同しにくくなります。,公式情報;試験要項;受験資格,「公式情報と試験要項の違い」の試験での位置づけは？,公式情報は一次情報全体、試験要項はその中でも受験手続きの核心をまとめた資料です。非公式情報と食い違う場合は公式情報を優先します。試験実施団体の公表情報のうち、要項が担う範囲と一次情報全体の関係を整理します。試験で押さえるべき点は、試験要項… 試験では試験要項は公式情報の一部を軸に、関連条文・数値・主体の取り違えを照合してください。,「公式情報と試験要項の違い」でよくある誤答パターンは？,試験要項だけ見れば公式情報はすべて確認できたと考えると、合格発表や範囲変更を見落とすことがあります。 誤答肢では年度更新を必ず確認するの主語や条件が入れ替わることが多いので、比較表で整理してください。,「公式情報と試験要項の違い」の覚え方・確認手順は？,覚え方：「要項＝手続きの公式」「公式情報＝全体の正」と覚えると混同しにくくなります。 用語集→本ページ→過去問の順で往復し、正誤理由をメモに残してください。 過去問で正誤の型を分類し、試験要項で数値・期限を照合してください。,「公式情報と試験要項の違い」の公式情報はどこで確認しますか？,「公式情報と試験要項の違い」では試験要項は公式情報の一部を軸に、条文・数値・主体の取り違えを比較表で整理してください。 典型誤答は試験要項だけ見れば公式情報はすべて確認できたと考えると、合格発表や範囲変更を見落とすことがあります。。 過去問では条件文の主語入れ替え肢に注意してください。
goukaku-shutsudai,合格基準と出題範囲の違い,法令・制度,得点;学習計画,合否判定の基準と、学習対象となる分野・項目の違いを整理します。,合格基準;出題範囲,"[{""axis"": ""定義"", ""cols"": [""合格に必要な点数や条件"", ""試験で問われる分野やテーマの範囲""]}, {""axis"": ""役割"", ""cols"": [""合否判定・目標点設定"", ""教材選定・学習計画の土台""]}, {""axis"": ""学習への影響"", ""cols"": [""全体得点・科目別基準点の確認"", ""何を勉強するかの優先順位づけ""]}, {""axis"": ""確認タイミング"", ""cols"": [""学習計画立案時・模試後"", ""学習開始前・教材選定時""]}]",合格基準と出題範囲の違い｜学習計画の前提を整理,合格基準は「どれだけ取れば合格か」、出題範囲は「何を学ぶか」を示します。両方をセットで確認すると計画が立てやすくなります。合否判定の基準と、学習対象となる分野・項目の違いを整理します。試験で押さえるべき点は、出題範囲で学習対象を決め、合格基準で目標点を設定する、科目別基準点も見落とさない、公式情報で最新条件を確認する。,出題範囲で学習対象を決め、合格基準で目標点を設定する;科目別基準点も見落とさない;公式情報で最新条件を確認する,合格基準だけ見て出題範囲を確認しないと、範囲外の深掘りや漏れが起きやすくなります。,「範囲＝何を」「基準＝どれだけ」と役割で分けると覚えやすくなります。,合格基準;出題範囲;試験要項,「合格基準と出題範囲の違い」の試験での位置づけは？,合格基準は「どれだけ取れば合格か」、出題範囲は「何を学ぶか」を示します。両方をセットで確認すると計画が立てやすくなります。合否判定の基準と、学習対象となる分野・項目の違いを整理します。試験で押さえるべき点は、出題範囲で学習対象を決め、合格… 試験では出題範囲で学習対象を決め、合格基準で目標点を設定するを軸に、関連条文・数値・主体の取り違えを照合してください。,「合格基準と出題範囲の違い」でよくある誤答パターンは？,合格基準だけ見て出題範囲を確認しないと、範囲外の深掘りや漏れが起きやすくなります。 誤答肢では科目別基準点も見落とさないの主語や条件が入れ替わることが多いので、比較表で整理してください。 過去問で正誤の型を分類し、試験要項で数値・期限を照合してください。,「合格基準と出題範囲の違い」の覚え方・確認手順は？,覚え方：「範囲＝何を」「基準＝どれだけ」と役割で分けると覚えやすくなります。 用語集→本ページ→過去問の順で往復し、正誤理由をメモに残してください。 過去問で正誤の型を分類し、試験要項で数値・期限を照合してください。,「合格基準と出題範囲の違い」の公式情報はどこで確認しますか？,「合格基準と出題範囲の違い」では出題範囲で学習対象を決め、合格基準で目標点を設定するを軸に、条文・数値・主体の取り違えを比較表で整理してください。 典型誤答は合格基準だけ見て出題範囲を確認しないと、範囲外の深掘りや漏れが起きやすくなります。。 過去問では条件文の主語入れ替え肢に注意してください。
ichimon-jissen,一問一答と実践演習の違い,契約・実務,演習;学習法,短い確認問題と、本番に近い形式の演習問題の使い分けを整理します。,一問一答;実践演習,"[{""axis"": ""問題形式"", ""cols"": [""短い問題で知識を素早く確認"", ""本番に近い形式の演習問題""]}, {""axis"": ""向いている場面"", ""cols"": [""用語確認・隙間時間の学習"", ""分野横断・時間を意識した演習""]}, {""axis"": ""学習効果"", ""cols"": [""知識の定着・暗記の確認"", ""応用力・時間配分の訓練""]}, {""axis"": ""進め方"", ""cols"": [""分野ごとに繰り返し解く"", ""過去問と組み合わせて総合演習""]}]",一問一答と実践演習の違い｜演習モードの使い分け,一問一答は知識の点検、実践演習は本番形式への慣れを目的とした演習です。サイト内の演習モード切替と対応しています。短い確認問題と、本番に近い形式の演習問題の使い分けを整理します。試験で押さえるべき点は、用語確認は一問一答、総合演習は実践演習、過去問と組み合わせて使う、解説で誤答理由まで確認する。,用語確認は一問一答、総合演習は実践演習;過去問と組み合わせて使う;解説で誤答理由まで確認する,一問一答だけで十分だと考えると、時間配分や複合論点への対応が弱くなることがあります。,「点検＝一問一答」「本番慣れ＝実践演習」と覚えると整理しやすくなります。,一問一答;過去問;模擬試験,「一問一答と実践演習の違い」の試験での位置づけは？,一問一答は知識の点検、実践演習は本番形式への慣れを目的とした演習です。サイト内の演習モード切替と対応しています。短い確認問題と、本番に近い形式の演習問題の使い分けを整理します。試験で押さえるべき点は、用語確認は一問一答、総合演習は実践演習… 試験では用語確認は一問一答、総合演習は実践演習を軸に、関連条文・数値・主体の取り違えを照合してください。,「一問一答と実践演習の違い」でよくある誤答パターンは？,一問一答だけで十分だと考えると、時間配分や複合論点への対応が弱くなることがあります。 誤答肢では過去問と組み合わせて使うの主語や条件が入れ替わることが多いので、比較表で整理してください。 過去問で正誤の型を分類し、試験要項で数値・期限を照合してください。,「一問一答と実践演習の違い」の覚え方・確認手順は？,覚え方：「点検＝一問一答」「本番慣れ＝実践演習」と覚えると整理しやすくなります。 用語集→本ページ→過去問の順で往復し、正誤理由をメモに残してください。 過去問で正誤の型を分類し、試験要項で数値・期限を照合してください。,「一問一答と実践演習の違い」の公式情報はどこで確認しますか？,「一問一答と実践演習の違い」では用語確認は一問一答、総合演習は実践演習を軸に、条文・数値・主体の取り違えを比較表で整理してください。 典型誤答は一問一答だけで十分だと考えると、時間配分や複合論点への対応が弱くなることがあります。。 過去問では条件文の主語入れ替え肢に注意してください。
fukushu-kiroku,復習と学習記録の違い,設備・その他,学習法;整理,解き直しの学習行為と、結果を残す記録の違い・関係を整理します。,復習;学習記録,"[{""axis"": ""定義"", ""cols"": [""一度解いた問題を再確認して定着させること"", ""学習した内容や結果を残す記録""]}, {""axis"": ""目的"", ""cols"": [""理解の穴を埋める・定着"", ""進捗把握・弱点分析の材料""]}, {""axis"": ""具体例"", ""cols"": [""不正解問題の解き直し、関連用語の確認"", ""正誤履歴、ブックマーク、演習ログ""]}, {""axis"": ""関係"", ""cols"": [""記録を見て復習対象を決める"", ""復習の結果が記録に反映される""]}]",復習と学習記録の違い｜定着と分析の整理,復習は学習行為そのもの、学習記録はその結果を残して次の復習に活かす仕組みです。アプリ連携の復習機能とも対応します。解き直しの学習行為と、結果を残す記録の違い・関係を整理します。試験で押さえるべき点は、記録を見て復習対象を決める、正解でも迷った問題は復習対象にする、間隔を空けて解き直す。,記録を見て復習対象を決める;正解でも迷った問題は復習対象にする;間隔を空けて解き直す,記録を取るだけで復習したつもりになると、理解の確認まで進みません。,「記録で把握、復習で定着」と流れで覚えると実践しやすくなります。,復習;学習記録;過去問,「復習と学習記録の違い」の試験での位置づけは？,復習は学習行為そのもの、学習記録はその結果を残して次の復習に活かす仕組みです。アプリ連携の復習機能とも対応します。解き直しの学習行為と、結果を残す記録の違い・関係を整理します。試験で押さえるべき点は、記録を見て復習対象を決める、正解でも迷… 試験では記録を見て復習対象を決めるを軸に、関連条文・数値・主体の取り違えを照合してください。,「復習と学習記録の違い」でよくある誤答パターンは？,記録を取るだけで復習したつもりになると、理解の確認まで進みません。 誤答肢では正解でも迷った問題は復習対象にするの主語や条件が入れ替わることが多いので、比較表で整理してください。 過去問で正誤の型を分類し、試験要項で数値・期限を照合してください。,「復習と学習記録の違い」の覚え方・確認手順は？,覚え方：「記録で把握、復習で定着」と流れで覚えると実践しやすくなります。 用語集→本ページ→過去問の順で往復し、正誤理由をメモに残してください。 過去問で正誤の型を分類し、試験要項で数値・期限を照合してください。,「復習と学習記録の違い」の公式情報はどこで確認しますか？,「復習と学習記録の違い」では記録を見て復習対象を決めるを軸に、条文・数値・主体の取り違えを比較表で整理してください。 典型誤答は記録を取るだけで復習したつもりになると、理解の確認まで進みません。。 過去問では条件文の主語入れ替え肢に注意してください。
sanketa-enso,過去問・実践演習・一問一答の使い分け,契約・実務,演習;学習法,サイト内の3つの演習モードの目的と向いている学習段階を一覧で整理します。,過去問;実践演翇;一問一答,"[{""axis"": ""主な目的"", ""cols"": [""出題傾向・論点の把握"", ""本番形式での総合力確認"", ""短時間での知識点検""]}, {""axis"": ""問題の特徴"", ""cols"": [""実際の出題形式・年度別"", ""分野横断・時間を意識"", ""1問が短く、用語確認向き""]}, {""axis"": ""向いている段階"", ""cols"": [""中盤以降の論点確認"", ""理解が進んだ後の実力測定"", ""学習初期〜直前の隙間時間""]}, {""axis"": ""サイト内の入口"", ""cols"": [""過去問一覧タブ"", ""実践演習一覧タブ"", ""一問一答一覧タブ""]}, {""axis"": ""復習のコツ"", ""cols"": [""解説と用語解説をセット"", ""時間配分を意識して解き直す"", ""間違えた用語を用語解説で確認""]}]",過去問・実践演習・一問一答の使い分け｜演習モード早見表,過去問一覧のタブ切替と同じ3モードを、学習段階別に整理した早見表です。テンプレートの比較表（3列）のサンプルとしても参照できます。サイト内の3つの演習モードの目的と向いている学習段階を一覧で整理します。試験で押さえるべき点は、初期は一問一答、中盤は過去問、後半は実践演習を中心に、各モードの解説で誤答理由まで確認、タブからモードを切り替えて弱点分野を補う。,初期は一問一答、中盤は過去問、後半は実践演習を中心に;各モードの解説で誤答理由まで確認;タブからモードを切り替えて弱点分野を補う,3モードのどれか1つだけで足りると考えると弱点が残りやすいです。,「点検→論点→総合」の順でモードを組み合わせると計画が立てやすくなります。,過去問;一問一答;出題範囲,「過去問・実践演習・一問一答の使い分け」の試験での位置づけは？,過去問一覧のタブ切替と同じ3モードを、学習段階別に整理した早見表です。テンプレートの比較表（3列）のサンプルとしても参照できます。サイト内の3つの演習モードの目的と向いている学習段階を一覧で整理します。試験で押さえるべき点は、初期は一問一… 試験では初期は一問一答、中盤は過去問、後半は実践演習を中心にを軸に、関連条文・数値・主体の取り違えを照合してください。,「過去問・実践演習・一問一答の使い分け」でよくある誤答パターンは？,3モードのどれか1つだけで足りると考えると弱点が残りやすいです。 誤答肢では各モードの解説で誤答理由まで確認の主語や条件が入れ替わることが多いので、比較表で整理してください。 過去問で正誤の型を分類し、試験要項で数値・期限を照合してください。,「過去問・実践演習・一問一答の使い分け」の覚え方・確認手順は？,覚え方：「点検→論点→総合」の順でモードを組み合わせると計画が立てやすくなります。 用語集→本ページ→過去問の順で往復し、正誤理由をメモに残してください。 過去問で正誤の型を分類し、試験要項で数値・期限を照合してください。,「過去問・実践演習・一問一答の使い分け」の公式情報はどこで確認しますか？,「過去問・実践演習・一問一答の使い分け」では初期は一問一答、中盤は過去問、後半は実践演習を中心にを軸に、条文・数値・主体の取り違えを比較表で整理してください。 典型誤答は3モードのどれか1つだけで足りると考えると弱点が残りやすいです。。 過去問では条件文の主語入れ替え肢に注意してください。
juken-goukaku,受験資格と合格基準の違い,法令・制度,制度;得点,申込前に確認する条件と、合否判定の基準の違いを整理します。,受験資格;合格基準,"[{""axis"": ""確認する問い"", ""cols"": [""受験できるか？"", ""合格するには何点必要か？""]}, {""axis"": ""主な内容"", ""cols"": [""年齢・学歴・実務経験など"", ""総得点・科目別基準点など""]}, {""axis"": ""確認タイミング"", ""cols"": [""申込前（必須）"", ""学習計画立案時・模試後""]}, {""axis"": ""情報源"", ""cols"": [""試験要項・公式案内"", ""試験要項・合格発表基準""]}, {""axis"": ""見落としやすい点"", ""cols"": [""例外条件・必要書類"", ""科目別の足切りライン""]}]",受験資格と合格基準の違い｜申込前と学習計画の整理,受験資格は「受けられるか」、合格基準は「取れば合格か」を示します。申込前と学習中で確認するタイミングが異なります。申込前に確認する条件と、合否判定の基準の違いを整理します。試験で押さえるべき点は、申込前は受験資格、計画時は合格基準を確認、科目別基準点を見落とさない、試験要項で最新条件を照合。,申込前は受験資格、計画時は合格基準を確認;科目別基準点を見落とさない;試験要項で最新条件を照合,受験資格と合格基準を同じ情報だと思い込むと、足切り基準を見落とすことがあります。,「受けられるか＝資格」「取れば合格＝基準」と分けて覚えます。,受験資格;合格基準;試験要項,「受験資格と合格基準の違い」の試験での位置づけは？,受験資格は「受けられるか」、合格基準は「取れば合格か」を示します。申込前と学習中で確認するタイミングが異なります。申込前に確認する条件と、合否判定の基準の違いを整理します。試験で押さえるべき点は、申込前は受験資格、計画時は合格基準を確認… 試験では申込前は受験資格、計画時は合格基準を確認を軸に、関連条文・数値・主体の取り違えを照合してください。,「受験資格と合格基準の違い」でよくある誤答パターンは？,受験資格と合格基準を同じ情報だと思い込むと、足切り基準を見落とすことがあります。 誤答肢では科目別基準点を見落とさないの主語や条件が入れ替わることが多いので、比較表で整理してください。 過去問で正誤の型を分類し、試験要項で数値・期限を照合してください。,「受験資格と合格基準の違い」の覚え方・確認手順は？,覚え方：「受けられるか＝資格」「取れば合格＝基準」と分けて覚えます。 用語集→本ページ→過去問の順で往復し、正誤理由をメモに残してください。 過去問で正誤の型を分類し、試験要項で数値・期限を照合してください。,「受験資格と合格基準の違い」の公式情報はどこで確認しますか？,「受験資格と合格基準の違い」では申込前は受験資格、計画時は合格基準を確認を軸に、条文・数値・主体の取り違えを比較表で整理してください。 典型誤答は受験資格と合格基準を同じ情報だと思い込むと、足切り基準を見落とすことがあります。。 過去問では条件文の主語入れ替え肢に注意してください。
yougo-hikaku,用語解説と比較表の使い分け,設備・その他,整理;用語集,意味の確認（用語解説）と差分の整理（比較表）を学習場面別に整理します。,用語解説;比較表,"[{""axis"": ""主な用途"", ""cols"": [""用語の定義・試験ポイントの確認"", ""似た概念・数字の横並び比較""]}, {""axis"": ""向いている場面"", ""cols"": [""初めて出会う語句・根拠の確認"", ""混同しやすい2〜3項目の整理""]}, {""axis"": ""ページ形式"", ""cols"": [""1語1ページの解説記事"", ""2〜3列の比較表ページ""]}, {""axis"": ""サイト内の入口"", ""cols"": [""用語解説タブ・用語一覧"", ""比較・整理表タブ・比較一覧""]}, {""axis"": ""併用のコツ"", ""cols"": [""比較表から関連用語リンクへ"", ""用語を読んだあと比較表で差分確認""]}]",用語解説と比較表の使い分け｜知識整理の2つの入口,用語解説は「意味を知る」、比較表は「違いを並べて確認する」ためのコンテンツです。このサイトの知識ハブの使い方サンプルです。意味の確認（用語解説）と差分の整理（比較表）を学習場面別に整理します。試験で押さえるべき点は、未知の語は用語解説、混同語は比較表、比較表の関連用語リンクをたどる、過去問演習とセットで確認。,未知の語は用語解説、混同語は比較表;比較表の関連用語リンクをたどる;過去問演習とセットで確認,用語解説だけ、または比較表だけに偏ると理解の穴が残ることがあります。,「意味＝用語解説」「差分＝比較表」と使い分けると効率的です。,用語解説;比較表;出題範囲,「用語解説と比較表の使い分け」の試験での位置づけは？,用語解説は「意味を知る」、比較表は「違いを並べて確認する」ためのコンテンツです。このサイトの知識ハブの使い方サンプルです。意味の確認（用語解説）と差分の整理（比較表）を学習場面別に整理します。試験で押さえるべき点は、未知の語は用語解説、混… 試験では未知の語は用語解説、混同語は比較表を軸に、関連条文・数値・主体の取り違えを照合してください。,「用語解説と比較表の使い分け」でよくある誤答パターンは？,用語解説だけ、または比較表だけに偏ると理解の穴が残ることがあります。 誤答肢では比較表の関連用語リンクをたどるの主語や条件が入れ替わることが多いので、比較表で整理してください。 過去問で正誤の型を分類し、試験要項で数値・期限を照合してください。,「用語解説と比較表の使い分け」の覚え方・確認手順は？,覚え方：「意味＝用語解説」「差分＝比較表」と使い分けると効率的です。 用語集→本ページ→過去問の順で往復し、正誤理由をメモに残してください。 過去問で正誤の型を分類し、試験要項で数値・期限を照合してください。,「用語解説と比較表の使い分け」の公式情報はどこで確認しますか？,「用語解説と比較表の使い分け」では未知の語は用語解説、混同語は比較表を軸に、条文・数値・主体の取り違えを比較表で整理してください。 典型誤答は用語解説だけ、または比較表だけに偏ると理解の穴が残ることがあります。。 過去問では条件文の主語入れ替え肢に注意してください。
hub-4tabs,知識ハブ4タブの違い,設備・その他,知識ハブ;整理,用語解説・比較・数値・誤答の4タブの役割と学習での使い分けを整理します。,用語解説;比較・整理表;数値・期限;よくある誤答,"[{""axis"": ""目的"", ""cols"": [""1語の意味と試験ポイント"", ""似た概念の差分"", ""数字・期限の早見"", ""誤答パターンの整理""]}, {""axis"": ""形式"", ""cols"": [""1語1ページ"", ""2〜3列の表"", ""項目と数値の一覧"", ""誤りと正解の対比""]}, {""axis"": ""向く場面"", ""cols"": [""初見の語・根拠確認"", ""混同語の整理"", ""暗記・直前確認"", ""引っかけ対策""]}, {""axis"": ""入口"", ""cols"": [""用語解説タブ"", ""比較・整理表タブ"", ""数値・期限タブ"", ""よくある誤答タブ""]}]",知識ハブ4タブの違い｜テンプレートサイトの使い方,このテンプレートでは知識ハブを4種類に分けています。目的に応じてタブを切り替えると、学習コンテンツの配置例として活用できます。用語解説・比較・数値・誤答の4タブの役割と学習での使い分けを整理します。試験で押さえるべき点は、意味は用語解説、差分は比較表、数字は数値タブ、引っかけは誤答タブ。,意味は用語解説;差分は比較表;数字は数値タブ;引っかけは誤答タブ,1タブだけで全学習を完結させようとすると、数字や誤答対策が弱くなりがちです。,「意味→差分→数字→誤答」の順で巡回すると整理しやすいです。,用語解説;比較表;公式情報,「知識ハブ4タブの違い」の試験での位置づけは？,このテンプレートでは知識ハブを4種類に分けています。目的に応じてタブを切り替えると、学習コンテンツの配置例として活用できます。用語解説・比較・数値・誤答の4タブの役割と学習での使い分けを整理します。試験で押さえるべき点は、意味は用語解説… 試験では意味は用語解説を軸に、関連条文・数値・主体の取り違えを照合してください。,「知識ハブ4タブの違い」でよくある誤答パターンは？,1タブだけで全学習を完結させようとすると、数字や誤答対策が弱くなりがちです。 誤答肢では差分は比較表の主語や条件が入れ替わることが多いので、比較表で整理してください。 過去問で正誤の型を分類し、試験要項で数値・期限を照合してください。,「知識ハブ4タブの違い」の覚え方・確認手順は？,覚え方：「意味→差分→数字→誤答」の順で巡回すると整理しやすいです。 用語集→本ページ→過去問の順で往復し、正誤理由をメモに残してください。 過去問で正誤の型を分類し、試験要項で数値・期限を照合してください。,「知識ハブ4タブの違い」の公式情報はどこで確認しますか？,「知識ハブ4タブの違い」では意味は用語解説を軸に、条文・数値・主体の取り違えを比較表で整理してください。 典型誤答は1タブだけで全学習を完結させようとすると、数字や誤答対策が弱くなりがちです。。 過去問では条件文の主語入れ替え肢に注意してください。
glossary-vs-numbers,比較表と数値早見の違い,設備・その他,比較表;数値,概念の差分を並べる比較表と、数字・期限を並べる数値早見の使い分けを整理します。,比較・整理表;数値・期限早見,"[{""axis"": ""主な内容"", ""cols"": [""2〜3項目の違い"", ""割合・年数・期限""]}, {""axis"": ""学習効果"", ""cols"": [""混同防止"", ""暗記・直前確認""]}, {""axis"": ""例"", ""cols"": [""媒介と代理"", ""35条8日・37条5日""]}, {""axis"": ""関連"", ""cols"": [""用語解説へリンク"", ""試験要項で裏取り""]}]",比較表と数値早見の違い｜テンプレート早見表,比較表は「違い」、数値早見は「数字」に特化したページです。両方を往復すると理解が定着しやすくなります。概念の差分を並べる比較表と、数字・期限を並べる数値早見の使い分けを整理します。試験で押さえるべき点は、混同は比較、暗記は数値、公式で裏取り、用語とセット。,混同は比較;暗記は数値;公式で裏取り;用語とセット,数値だけ暗記し比較で意味を確認しないと、類似数字の入れ替えに弱くなります。,「違い＝比較」「数字＝数値」と役割で分けてください。,比較表;試験要項;合格基準,「比較表と数値早見の違い」の試験での位置づけは？,比較表は「違い」、数値早見は「数字」に特化したページです。両方を往復すると理解が定着しやすくなります。概念の差分を並べる比較表と、数字・期限を並べる数値早見の使い分けを整理します。試験で押さえるべき点は、混同は比較、暗記は数値、公式で裏取… 試験では混同は比較を軸に、関連条文・数値・主体の取り違えを照合してください。,「比較表と数値早見の違い」でよくある誤答パターンは？,数値だけ暗記し比較で意味を確認しないと、類似数字の入れ替えに弱くなります。 誤答肢では暗記は数値の主語や条件が入れ替わることが多いので、比較表で整理してください。 過去問で正誤の型を分類し、試験要項で数値・期限を照合してください。,「比較表と数値早見の違い」の覚え方・確認手順は？,覚え方：「違い＝比較」「数字＝数値」と役割で分けてください。 用語集→本ページ→過去問の順で往復し、正誤理由をメモに残してください。 過去問で正誤の型を分類し、試験要項で数値・期限を照合してください。,「比較表と数値早見の違い」の公式情報はどこで確認しますか？,「比較表と数値早見の違い」では混同は比較を軸に、条文・数値・主体の取り違えを比較表で整理してください。 典型誤答は数値だけ暗記し比較で意味を確認しないと、類似数字の入れ替えに弱くなります。。 過去問では条件文の主語入れ替え肢に注意してください。
s31-plan-selfstudy,学習計画と独学の進め方の違い,契約・実務,学習法;;比較,学習計画と独学の進め方の違いを、試験学習で混同しやすい観点で整理します。,観点A;観点B,"[{""axis"": ""目的"", ""cols"": [""学習全体の設計"", ""演習・定着の設計""]}, {""axis"": ""タイミング"", ""cols"": [""学習開始〜中盤"", ""中盤〜直前期""]}, {""axis"": ""成果指標"", ""cols"": [""計画達成率"", ""得点・正答率""]}, {""axis"": ""試験での見分け"", ""cols"": [""計画・手順の語句"", ""演習形式の語句""]}, {""axis"": ""混同注意"", ""cols"": [""目的を入れ替える"", ""時期を逆にする""]}]",学習計画と独学の進め方の違い,テンプレートサイトでは学習法そのものがハブの主題です。比較軸を先に決めてから読むと、似た学習用語の入れ替え肢に強くなります。数値・日程・合格基準は試験実施団体の公式サイト（www.exam.or.jp 等）の試験要項で必ずご確認ください。,目的と時期を分離;計画と演習を往復;公式情報で前提確認,すべて同じ演習とみなす;直前期だけ計画;非公式のみ参照,「計画→演習→振り返り」の順で整理。,過去問;復習;出題範囲,「学習計画と独学の進め方の違い」の試験での位置づけは？,テンプレートサイトでは学習法そのものがハブの主題です。比較軸を先に決めてから読むと、似た学習用語の入れ替え肢に強くなります。数値・日程・合格基準は試験実施団体の公式サイト（www.exam.or.jp 等）の試験要項で必ずご確認ください。 試験では目的と時期を分離を軸に、関連条文・数値・主体の取り違えを照合してください。,「学習計画と独学の進め方の違い」でよくある誤答パターンは？,すべて同じ演習とみなす;直前期だけ計画;非公式のみ参照 誤答肢では計画と演習を往復の主語や条件が入れ替わることが多いので、比較表で整理してください。 過去問で正誤の型を分類し、試験要項で数値・期限を照合してください。,「学習計画と独学の進め方の違い」の覚え方・確認手順は？,「学習計画と独学の進め方の違い」では目的と時期を分離を軸に、条文・数値・主体の取り違えを比較表で整理してください。 典型誤答はすべて同じ演習とみなす;直前期だけ計画;非公式のみ参照。 過去問では条件文の主語入れ替え肢に注意してください。,「学習計画と独学の進め方の違い」の公式情報はどこで確認しますか？,「学習計画と独学の進め方の違い」では目的と時期を分離を軸に、条文・数値・主体の取り違えを比較表で整理してください。 典型誤答はすべて同じ演習とみなす;直前期だけ計画;非公式のみ参照。 過去問では条件文の主語入れ替え肢に注意してください。
s31-past-mock,過去問中心と模試中心の違い,契約・実務,学習法;;比較,過去問中心と模試中心の違いを、試験学習で混同しやすい観点で整理します。,観点A;観点B,"[{""axis"": ""目的"", ""cols"": [""学習全体の設計"", ""演習・定着の設計""]}, {""axis"": ""タイミング"", ""cols"": [""学習開始〜中盤"", ""中盤〜直前期""]}, {""axis"": ""成果指標"", ""cols"": [""計画達成率"", ""得点・正答率""]}, {""axis"": ""試験での見分け"", ""cols"": [""計画・手順の語句"", ""演習形式の語句""]}, {""axis"": ""混同注意"", ""cols"": [""目的を入れ替える"", ""時期を逆にする""]}]",過去問中心と模試中心の違い,テンプレートサイトでは学習法そのものがハブの主題です。比較軸を先に決めてから読むと、似た学習用語の入れ替え肢に強くなります。数値・日程・合格基準は試験実施団体の公式サイト（www.exam.or.jp 等）の試験要項で必ずご確認ください。,目的と時期を分離;計画と演習を往復;公式情報で前提確認,すべて同じ演習とみなす;直前期だけ計画;非公式のみ参照,「計画→演習→振り返り」の順で整理。,過去問;復習;出題範囲,「過去問中心と模試中心の違い」の試験での位置づけは？,テンプレートサイトでは学習法そのものがハブの主題です。比較軸を先に決めてから読むと、似た学習用語の入れ替え肢に強くなります。数値・日程・合格基準は試験実施団体の公式サイト（www.exam.or.jp 等）の試験要項で必ずご確認ください。 試験では目的と時期を分離を軸に、関連条文・数値・主体の取り違えを照合してください。,「過去問中心と模試中心の違い」でよくある誤答パターンは？,すべて同じ演習とみなす;直前期だけ計画;非公式のみ参照 誤答肢では計画と演習を往復の主語や条件が入れ替わることが多いので、比較表で整理してください。 過去問で正誤の型を分類し、試験要項で数値・期限を照合してください。,「過去問中心と模試中心の違い」の覚え方・確認手順は？,「過去問中心と模試中心の違い」では目的と時期を分離を軸に、条文・数値・主体の取り違えを比較表で整理してください。 典型誤答はすべて同じ演習とみなす;直前期だけ計画;非公式のみ参照。 過去問では条件文の主語入れ替え肢に注意してください。,「過去問中心と模試中心の違い」の公式情報はどこで確認しますか？,「過去問中心と模試中心の違い」では目的と時期を分離を軸に、条文・数値・主体の取り違えを比較表で整理してください。 典型誤答はすべて同じ演習とみなす;直前期だけ計画;非公式のみ参照。 過去問では条件文の主語入れ替え肢に注意してください。
s31-ichimon-practice,一問一答と実践演習の使い分け,契約・実務,学習法;;比較,一問一答と実践演習の使い分けを、試験学習で混同しやすい観点で整理します。,観点A;観点B,"[{""axis"": ""目的"", ""cols"": [""学習全体の設計"", ""演習・定着の設計""]}, {""axis"": ""タイミング"", ""cols"": [""学習開始〜中盤"", ""中盤〜直前期""]}, {""axis"": ""成果指標"", ""cols"": [""計画達成率"", ""得点・正答率""]}, {""axis"": ""試験での見分け"", ""cols"": [""計画・手順の語句"", ""演習形式の語句""]}, {""axis"": ""混同注意"", ""cols"": [""目的を入れ替える"", ""時期を逆にする""]}]",一問一答と実践演習の使い分け,テンプレートサイトでは学習法そのものがハブの主題です。比較軸を先に決めてから読むと、似た学習用語の入れ替え肢に強くなります。数値・日程・合格基準は試験実施団体の公式サイト（www.exam.or.jp 等）の試験要項で必ずご確認ください。,目的と時期を分離;計画と演習を往復;公式情報で前提確認,すべて同じ演習とみなす;直前期だけ計画;非公式のみ参照,「計画→演習→振り返り」の順で整理。,過去問;復習;出題範囲,「一問一答と実践演習の使い分け」の試験での位置づけは？,テンプレートサイトでは学習法そのものがハブの主題です。比較軸を先に決めてから読むと、似た学習用語の入れ替え肢に強くなります。数値・日程・合格基準は試験実施団体の公式サイト（www.exam.or.jp 等）の試験要項で必ずご確認ください。 試験では目的と時期を分離を軸に、関連条文・数値・主体の取り違えを照合してください。,「一問一答と実践演習の使い分け」でよくある誤答パターンは？,すべて同じ演習とみなす;直前期だけ計画;非公式のみ参照 誤答肢では計画と演習を往復の主語や条件が入れ替わることが多いので、比較表で整理してください。 過去問で正誤の型を分類し、試験要項で数値・期限を照合してください。,「一問一答と実践演習の使い分け」の覚え方・確認手順は？,「一問一答と実践演習の使い分け」では目的と時期を分離を軸に、条文・数値・主体の取り違えを比較表で整理してください。 典型誤答はすべて同じ演習とみなす;直前期だけ計画;非公式のみ参照。 過去問では条件文の主語入れ替え肢に注意してください。,「一問一答と実践演習の使い分け」の公式情報はどこで確認しますか？,「一問一答と実践演習の使い分け」では目的と時期を分離を軸に、条文・数値・主体の取り違えを比較表で整理してください。 典型誤答はすべて同じ演習とみなす;直前期だけ計画;非公式のみ参照。 過去問では条件文の主語入れ替え肢に注意してください。
s31-glossary-past,用語整理と過去問演習の順序,契約・実務,学習法;;比較,用語整理と過去問演習の順序を、試験学習で混同しやすい観点で整理します。,観点A;観点B,"[{""axis"": ""目的"", ""cols"": [""学習全体の設計"", ""演習・定着の設計""]}, {""axis"": ""タイミング"", ""cols"": [""学習開始〜中盤"", ""中盤〜直前期""]}, {""axis"": ""成果指標"", ""cols"": [""計画達成率"", ""得点・正答率""]}, {""axis"": ""試験での見分け"", ""cols"": [""計画・手順の語句"", ""演習形式の語句""]}, {""axis"": ""混同注意"", ""cols"": [""目的を入れ替える"", ""時期を逆にする""]}]",用語整理と過去問演習の順序,テンプレートサイトでは学習法そのものがハブの主題です。比較軸を先に決めてから読むと、似た学習用語の入れ替え肢に強くなります。数値・日程・合格基準は試験実施団体の公式サイト（www.exam.or.jp 等）の試験要項で必ずご確認ください。,目的と時期を分離;計画と演習を往復;公式情報で前提確認,すべて同じ演習とみなす;直前期だけ計画;非公式のみ参照,「計画→演習→振り返り」の順で整理。,過去問;復習;出題範囲,「用語整理と過去問演習の順序」の試験での位置づけは？,テンプレートサイトでは学習法そのものがハブの主題です。比較軸を先に決めてから読むと、似た学習用語の入れ替え肢に強くなります。数値・日程・合格基準は試験実施団体の公式サイト（www.exam.or.jp 等）の試験要項で必ずご確認ください。 試験では目的と時期を分離を軸に、関連条文・数値・主体の取り違えを照合してください。,「用語整理と過去問演習の順序」でよくある誤答パターンは？,すべて同じ演習とみなす;直前期だけ計画;非公式のみ参照 誤答肢では計画と演習を往復の主語や条件が入れ替わることが多いので、比較表で整理してください。 過去問で正誤の型を分類し、試験要項で数値・期限を照合してください。,「用語整理と過去問演習の順序」の覚え方・確認手順は？,「用語整理と過去問演習の順序」では目的と時期を分離を軸に、条文・数値・主体の取り違えを比較表で整理してください。 典型誤答はすべて同じ演習とみなす;直前期だけ計画;非公式のみ参照。 過去問では条件文の主語入れ替え肢に注意してください。,「用語整理と過去問演習の順序」の公式情報はどこで確認しますか？,「用語整理と過去問演習の順序」では目的と時期を分離を軸に、条文・数値・主体の取り違えを比較表で整理してください。 典型誤答はすべて同じ演習とみなす;直前期だけ計画;非公式のみ参照。 過去問では条件文の主語入れ替え肢に注意してください。
s31-official-unofficial,公式情報と非公式情報の見分け,法令・制度,学習法;;比較,公式情報と非公式情報の見分けを、試験学習で混同しやすい観点で整理します。,観点A;観点B,"[{""axis"": ""目的"", ""cols"": [""学習全体の設計"", ""演習・定着の設計""]}, {""axis"": ""タイミング"", ""cols"": [""学習開始〜中盤"", ""中盤〜直前期""]}, {""axis"": ""成果指標"", ""cols"": [""計画達成率"", ""得点・正答率""]}, {""axis"": ""試験での見分け"", ""cols"": [""計画・手順の語句"", ""演習形式の語句""]}, {""axis"": ""混同注意"", ""cols"": [""目的を入れ替える"", ""時期を逆にする""]}]",公式情報と非公式情報の見分け,テンプレートサイトでは学習法そのものがハブの主題です。比較軸を先に決めてから読むと、似た学習用語の入れ替え肢に強くなります。数値・日程・合格基準は試験実施団体の公式サイト（www.exam.or.jp 等）の試験要項で必ずご確認ください。,目的と時期を分離;計画と演習を往復;公式情報で前提確認,すべて同じ演習とみなす;直前期だけ計画;非公式のみ参照,「計画→演習→振り返り」の順で整理。,公式情報;試験要項;受験資格,「公式情報と非公式情報の見分け」の試験での位置づけは？,テンプレートサイトでは学習法そのものがハブの主題です。比較軸を先に決めてから読むと、似た学習用語の入れ替え肢に強くなります。数値・日程・合格基準は試験実施団体の公式サイト（www.exam.or.jp 等）の試験要項で必ずご確認ください。 試験では目的と時期を分離を軸に、関連条文・数値・主体の取り違えを照合してください。,「公式情報と非公式情報の見分け」でよくある誤答パターンは？,すべて同じ演習とみなす;直前期だけ計画;非公式のみ参照 誤答肢では計画と演習を往復の主語や条件が入れ替わることが多いので、比較表で整理してください。 過去問で正誤の型を分類し、試験要項で数値・期限を照合してください。,「公式情報と非公式情報の見分け」の覚え方・確認手順は？,「公式情報と非公式情報の見分け」では目的と時期を分離を軸に、条文・数値・主体の取り違えを比較表で整理してください。 典型誤答はすべて同じ演習とみなす;直前期だけ計画;非公式のみ参照。 過去問では条件文の主語入れ替え肢に注意してください。,「公式情報と非公式情報の見分け」の公式情報はどこで確認しますか？,「公式情報と非公式情報の見分け」では目的と時期を分離を軸に、条文・数値・主体の取り違えを比較表で整理してください。 典型誤答はすべて同じ演習とみなす;直前期だけ計画;非公式のみ参照。 過去問では条件文の主語入れ替え肢に注意してください。
s31-scope-detail,出題範囲と細部暗記のバランス,法令・制度,学習法;;比較,出題範囲と細部暗記のバランスを、試験学習で混同しやすい観点で整理します。,観点A;観点B,"[{""axis"": ""目的"", ""cols"": [""学習全体の設計"", ""演習・定着の設計""]}, {""axis"": ""タイミング"", ""cols"": [""学習開始〜中盤"", ""中盤〜直前期""]}, {""axis"": ""成果指標"", ""cols"": [""計画達成率"", ""得点・正答率""]}, {""axis"": ""試験での見分け"", ""cols"": [""計画・手順の語句"", ""演習形式の語句""]}, {""axis"": ""混同注意"", ""cols"": [""目的を入れ替える"", ""時期を逆にする""]}]",出題範囲と細部暗記のバランス,テンプレートサイトでは学習法そのものがハブの主題です。比較軸を先に決めてから読むと、似た学習用語の入れ替え肢に強くなります。数値・日程・合格基準は試験実施団体の公式サイト（www.exam.or.jp 等）の試験要項で必ずご確認ください。,目的と時期を分離;計画と演習を往復;公式情報で前提確認,すべて同じ演習とみなす;直前期だけ計画;非公式のみ参照,「計画→演習→振り返り」の順で整理。,公式情報;試験要項;受験資格,「出題範囲と細部暗記のバランス」の試験での位置づけは？,テンプレートサイトでは学習法そのものがハブの主題です。比較軸を先に決めてから読むと、似た学習用語の入れ替え肢に強くなります。数値・日程・合格基準は試験実施団体の公式サイト（www.exam.or.jp 等）の試験要項で必ずご確認ください。 試験では目的と時期を分離を軸に、関連条文・数値・主体の取り違えを照合してください。,「出題範囲と細部暗記のバランス」でよくある誤答パターンは？,すべて同じ演習とみなす;直前期だけ計画;非公式のみ参照 誤答肢では計画と演習を往復の主語や条件が入れ替わることが多いので、比較表で整理してください。 過去問で正誤の型を分類し、試験要項で数値・期限を照合してください。,「出題範囲と細部暗記のバランス」の覚え方・確認手順は？,「出題範囲と細部暗記のバランス」では目的と時期を分離を軸に、条文・数値・主体の取り違えを比較表で整理してください。 典型誤答はすべて同じ演習とみなす;直前期だけ計画;非公式のみ参照。 過去問では条件文の主語入れ替え肢に注意してください。,「出題範囲と細部暗記のバランス」の公式情報はどこで確認しますか？,「出題範囲と細部暗記のバランス」では目的と時期を分離を軸に、条文・数値・主体の取り違えを比較表で整理してください。 典型誤答はすべて同じ演習とみなす;直前期だけ計画;非公式のみ参照。 過去問では条件文の主語入れ替え肢に注意してください。
s31-review-cram,間隔復習と詰め込みの違い,契約・実務,学習法;;比較,間隔復習と詰め込みの違いを、試験学習で混同しやすい観点で整理します。,観点A;観点B,"[{""axis"": ""目的"", ""cols"": [""学習全体の設計"", ""演習・定着の設計""]}, {""axis"": ""タイミング"", ""cols"": [""学習開始〜中盤"", ""中盤〜直前期""]}, {""axis"": ""成果指標"", ""cols"": [""計画達成率"", ""得点・正答率""]}, {""axis"": ""試験での見分け"", ""cols"": [""計画・手順の語句"", ""演習形式の語句""]}, {""axis"": ""混同注意"", ""cols"": [""目的を入れ替える"", ""時期を逆にする""]}]",間隔復習と詰め込みの違い,テンプレートサイトでは学習法そのものがハブの主題です。比較軸を先に決めてから読むと、似た学習用語の入れ替え肢に強くなります。数値・日程・合格基準は試験実施団体の公式サイト（www.exam.or.jp 等）の試験要項で必ずご確認ください。,目的と時期を分離;計画と演習を往復;公式情報で前提確認,すべて同じ演習とみなす;直前期だけ計画;非公式のみ参照,「計画→演習→振り返り」の順で整理。,過去問;復習;出題範囲,「間隔復習と詰め込みの違い」の試験での位置づけは？,テンプレートサイトでは学習法そのものがハブの主題です。比較軸を先に決めてから読むと、似た学習用語の入れ替え肢に強くなります。数値・日程・合格基準は試験実施団体の公式サイト（www.exam.or.jp 等）の試験要項で必ずご確認ください。 試験では目的と時期を分離を軸に、関連条文・数値・主体の取り違えを照合してください。,「間隔復習と詰め込みの違い」でよくある誤答パターンは？,すべて同じ演習とみなす;直前期だけ計画;非公式のみ参照 誤答肢では計画と演習を往復の主語や条件が入れ替わることが多いので、比較表で整理してください。 過去問で正誤の型を分類し、試験要項で数値・期限を照合してください。,「間隔復習と詰め込みの違い」の覚え方・確認手順は？,「間隔復習と詰め込みの違い」では目的と時期を分離を軸に、条文・数値・主体の取り違えを比較表で整理してください。 典型誤答はすべて同じ演習とみなす;直前期だけ計画;非公式のみ参照。 過去問では条件文の主語入れ替え肢に注意してください。,「間隔復習と詰め込みの違い」の公式情報はどこで確認しますか？,「間隔復習と詰め込みの違い」では目的と時期を分離を軸に、条文・数値・主体の取り違えを比較表で整理してください。 典型誤答はすべて同じ演習とみなす;直前期だけ計画;非公式のみ参照。 過去問では条件文の主語入れ替え肢に注意してください。
s31-weak-balanced,苦手克服と全体点の取り方,契約・実務,学習法;;比較,苦手克服と全体点の取り方を、試験学習で混同しやすい観点で整理します。,観点A;観点B,"[{""axis"": ""目的"", ""cols"": [""学習全体の設計"", ""演習・定着の設計""]}, {""axis"": ""タイミング"", ""cols"": [""学習開始〜中盤"", ""中盤〜直前期""]}, {""axis"": ""成果指標"", ""cols"": [""計画達成率"", ""得点・正答率""]}, {""axis"": ""試験での見分け"", ""cols"": [""計画・手順の語句"", ""演習形式の語句""]}, {""axis"": ""混同注意"", ""cols"": [""目的を入れ替える"", ""時期を逆にする""]}]",苦手克服と全体点の取り方,テンプレートサイトでは学習法そのものがハブの主題です。比較軸を先に決めてから読むと、似た学習用語の入れ替え肢に強くなります。数値・日程・合格基準は試験実施団体の公式サイト（www.exam.or.jp 等）の試験要項で必ずご確認ください。,目的と時期を分離;計画と演習を往復;公式情報で前提確認,すべて同じ演習とみなす;直前期だけ計画;非公式のみ参照,「計画→演習→振り返り」の順で整理。,過去問;復習;出題範囲,「苦手克服と全体点の取り方」の試験での位置づけは？,テンプレートサイトでは学習法そのものがハブの主題です。比較軸を先に決めてから読むと、似た学習用語の入れ替え肢に強くなります。数値・日程・合格基準は試験実施団体の公式サイト（www.exam.or.jp 等）の試験要項で必ずご確認ください。 試験では目的と時期を分離を軸に、関連条文・数値・主体の取り違えを照合してください。,「苦手克服と全体点の取り方」でよくある誤答パターンは？,すべて同じ演習とみなす;直前期だけ計画;非公式のみ参照 誤答肢では計画と演習を往復の主語や条件が入れ替わることが多いので、比較表で整理してください。 過去問で正誤の型を分類し、試験要項で数値・期限を照合してください。,「苦手克服と全体点の取り方」の覚え方・確認手順は？,「苦手克服と全体点の取り方」では目的と時期を分離を軸に、条文・数値・主体の取り違えを比較表で整理してください。 典型誤答はすべて同じ演習とみなす;直前期だけ計画;非公式のみ参照。 過去問では条件文の主語入れ替え肢に注意してください。,「苦手克服と全体点の取り方」の公式情報はどこで確認しますか？,「苦手克服と全体点の取り方」では目的と時期を分離を軸に、条文・数値・主体の取り違えを比較表で整理してください。 典型誤答はすべて同じ演習とみなす;直前期だけ計画;非公式のみ参照。 過去問では条件文の主語入れ替え肢に注意してください。
s31-hub-tabs,比較表・数値・誤答タブの使い分け,設備・その他,学習法;;比較,比較表・数値・誤答タブの使い分けを、試験学習で混同しやすい観点で整理します。,観点A;観点B,"[{""axis"": ""目的"", ""cols"": [""学習全体の設計"", ""演習・定着の設計""]}, {""axis"": ""タイミング"", ""cols"": [""学習開始〜中盤"", ""中盤〜直前期""]}, {""axis"": ""成果指標"", ""cols"": [""計画達成率"", ""得点・正答率""]}, {""axis"": ""試験での見分け"", ""cols"": [""計画・手順の語句"", ""演習形式の語句""]}, {""axis"": ""混同注意"", ""cols"": [""目的を入れ替える"", ""時期を逆にする""]}]",比較表・数値・誤答タブの使い分け,テンプレートサイトでは学習法そのものがハブの主題です。比較軸を先に決めてから読むと、似た学習用語の入れ替え肢に強くなります。数値・日程・合格基準は試験実施団体の公式サイト（www.exam.or.jp 等）の試験要項で必ずご確認ください。,目的と時期を分離;計画と演習を往復;公式情報で前提確認,すべて同じ演習とみなす;直前期だけ計画;非公式のみ参照,「計画→演習→振り返り」の順で整理。,用語解説;比較表;学習記録,「比較表・数値・誤答タブの使い分け」の試験での位置づけは？,テンプレートサイトでは学習法そのものがハブの主題です。比較軸を先に決めてから読むと、似た学習用語の入れ替え肢に強くなります。数値・日程・合格基準は試験実施団体の公式サイト（www.exam.or.jp 等）の試験要項で必ずご確認ください。 試験では目的と時期を分離を軸に、関連条文・数値・主体の取り違えを照合してください。,「比較表・数値・誤答タブの使い分け」でよくある誤答パターンは？,すべて同じ演習とみなす;直前期だけ計画;非公式のみ参照 誤答肢では計画と演習を往復の主語や条件が入れ替わることが多いので、比較表で整理してください。 過去問で正誤の型を分類し、試験要項で数値・期限を照合してください。,「比較表・数値・誤答タブの使い分け」の覚え方・確認手順は？,「比較表・数値・誤答タブの使い分け」では目的と時期を分離を軸に、条文・数値・主体の取り違えを比較表で整理してください。 典型誤答はすべて同じ演習とみなす;直前期だけ計画;非公式のみ参照。 過去問では条件文の主語入れ替え肢に注意してください。,「比較表・数値・誤答タブの使い分け」の公式情報はどこで確認しますか？,「比較表・数値・誤答タブの使い分け」では目的と時期を分離を軸に、条文・数値・主体の取り違えを比較表で整理してください。 典型誤答はすべて同じ演習とみなす;直前期だけ計画;非公式のみ参照。 過去問では条件文の主語入れ替え肢に注意してください。
s31-record-reflect,学習記録と振り返りの違い,設備・その他,学習法;;比較,学習記録と振り返りの違いを、試験学習で混同しやすい観点で整理します。,観点A;観点B,"[{""axis"": ""目的"", ""cols"": [""学習全体の設計"", ""演習・定着の設計""]}, {""axis"": ""タイミング"", ""cols"": [""学習開始〜中盤"", ""中盤〜直前期""]}, {""axis"": ""成果指標"", ""cols"": [""計画達成率"", ""得点・正答率""]}, {""axis"": ""試験での見分け"", ""cols"": [""計画・手順の語句"", ""演習形式の語句""]}, {""axis"": ""混同注意"", ""cols"": [""目的を入れ替える"", ""時期を逆にする""]}]",学習記録と振り返りの違い,テンプレートサイトでは学習法そのものがハブの主題です。比較軸を先に決めてから読むと、似た学習用語の入れ替え肢に強くなります。数値・日程・合格基準は試験実施団体の公式サイト（www.exam.or.jp 等）の試験要項で必ずご確認ください。,目的と時期を分離;計画と演習を往復;公式情報で前提確認,すべて同じ演習とみなす;直前期だけ計画;非公式のみ参照,「計画→演習→振り返り」の順で整理。,用語解説;比較表;学習記録,「学習記録と振り返りの違い」の試験での位置づけは？,テンプレートサイトでは学習法そのものがハブの主題です。比較軸を先に決めてから読むと、似た学習用語の入れ替え肢に強くなります。数値・日程・合格基準は試験実施団体の公式サイト（www.exam.or.jp 等）の試験要項で必ずご確認ください。 試験では目的と時期を分離を軸に、関連条文・数値・主体の取り違えを照合してください。,「学習記録と振り返りの違い」でよくある誤答パターンは？,すべて同じ演習とみなす;直前期だけ計画;非公式のみ参照 誤答肢では計画と演習を往復の主語や条件が入れ替わることが多いので、比較表で整理してください。 過去問で正誤の型を分類し、試験要項で数値・期限を照合してください。,「学習記録と振り返りの違い」の覚え方・確認手順は？,「学習記録と振り返りの違い」では目的と時期を分離を軸に、条文・数値・主体の取り違えを比較表で整理してください。 典型誤答はすべて同じ演習とみなす;直前期だけ計画;非公式のみ参照。 過去問では条件文の主語入れ替え肢に注意してください。,「学習記録と振り返りの違い」の公式情報はどこで確認しますか？,「学習記録と振り返りの違い」では目的と時期を分離を軸に、条文・数値・主体の取り違えを比較表で整理してください。 典型誤答はすべて同じ演習とみなす;直前期だけ計画;非公式のみ参照。 過去問では条件文の主語入れ替え肢に注意してください。
s32-mock-active-use,模試活用と過去問演習の違い,契約・実務,学習法;;比較,模試活用と過去問演習の違いを、試験学習で混同しやすい観点で整理します。,観点A;観点B,"[{""axis"": ""目的"", ""cols"": [""学習設計"", ""定着・演習""]}, {""axis"": ""タイミング"", ""cols"": [""中盤以前"", ""中盤〜直前期""]}, {""axis"": ""成果指標"", ""cols"": [""計画達成"", ""得点・正答率""]}, {""axis"": ""見分け方"", ""cols"": [""計画語句"", ""演習語句""]}, {""axis"": ""混同注意"", ""cols"": [""目的の入替"", ""時期の逆転""]}]",模試活用と過去問演習の違い,模試活用・暗記法・科目配分など、学習プロセスの設計差を整理します。比較軸を先に決めてから読むと効果的です。数値・日程・合格基準は試験実施団体の公式サイト（www.exam.or.jp 等）の試験要項で必ずご確認ください。,目的と時期を分離;模試は振り返り必須;要項で制度数値確認,模試＝過去問と同一視;暗記のみ;非公式優先,「計画→演習→振り返り→要項確認」。,過去問;模擬試験;復習,「模試活用と過去問演習の違い」の試験での位置づけは？,模試活用・暗記法・科目配分など、学習プロセスの設計差を整理します。比較軸を先に決めてから読むと効果的です。数値・日程・合格基準は試験実施団体の公式サイト（www.exam.or.jp 等）の試験要項で必ずご確認ください。 試験では目的と時期を分離を軸に、関連条文・数値・主体の取り違えを照合してください。,「模試活用と過去問演習の違い」でよくある誤答パターンは？,模試＝過去問と同一視;暗記のみ;非公式優先 誤答肢では模試は振り返り必須の主語や条件が入れ替わることが多いので、比較表で整理してください。 過去問で正誤の型を分類し、試験要項で数値・期限を照合してください。,「模試活用と過去問演習の違い」の覚え方・確認手順は？,「模試活用と過去問演習の違い」では目的と時期を分離を軸に、条文・数値・主体の取り違えを比較表で整理してください。 典型誤答は模試＝過去問と同一視;暗記のみ;非公式優先。 過去問では条件文の主語入れ替え肢に注意してください。,「模試活用と過去問演習の違い」の公式情報はどこで確認しますか？,「模試活用と過去問演習の違い」では目的と時期を分離を軸に、条文・数値・主体の取り違えを比較表で整理してください。 典型誤答は模試＝過去問と同一視;暗記のみ;非公式優先。 過去問では条件文の主語入れ替え肢に注意してください。
s32-memorization-spaced,暗記法と間隔復習の違い,契約・実務,学習法;;比較,暗記法と間隔復習の違いを、試験学習で混同しやすい観点で整理します。,観点A;観点B,"[{""axis"": ""目的"", ""cols"": [""学習設計"", ""定着・演習""]}, {""axis"": ""タイミング"", ""cols"": [""中盤以前"", ""中盤〜直前期""]}, {""axis"": ""成果指標"", ""cols"": [""計画達成"", ""得点・正答率""]}, {""axis"": ""見分け方"", ""cols"": [""計画語句"", ""演習語句""]}, {""axis"": ""混同注意"", ""cols"": [""目的の入替"", ""時期の逆転""]}]",暗記法と間隔復習の違い,模試活用・暗記法・科目配分など、学習プロセスの設計差を整理します。比較軸を先に決めてから読むと効果的です。数値・日程・合格基準は試験実施団体の公式サイト（www.exam.or.jp 等）の試験要項で必ずご確認ください。,目的と時期を分離;模試は振り返り必須;要項で制度数値確認,模試＝過去問と同一視;暗記のみ;非公式優先,「計画→演習→振り返り→要項確認」。,過去問;模擬試験;復習,「暗記法と間隔復習の違い」の試験での位置づけは？,模試活用・暗記法・科目配分など、学習プロセスの設計差を整理します。比較軸を先に決めてから読むと効果的です。数値・日程・合格基準は試験実施団体の公式サイト（www.exam.or.jp 等）の試験要項で必ずご確認ください。 試験では目的と時期を分離を軸に、関連条文・数値・主体の取り違えを照合してください。,「暗記法と間隔復習の違い」でよくある誤答パターンは？,模試＝過去問と同一視;暗記のみ;非公式優先 誤答肢では模試は振り返り必須の主語や条件が入れ替わることが多いので、比較表で整理してください。 過去問で正誤の型を分類し、試験要項で数値・期限を照合してください。,「暗記法と間隔復習の違い」の覚え方・確認手順は？,「暗記法と間隔復習の違い」では目的と時期を分離を軸に、条文・数値・主体の取り違えを比較表で整理してください。 典型誤答は模試＝過去問と同一視;暗記のみ;非公式優先。 過去問では条件文の主語入れ替え肢に注意してください。,「暗記法と間隔復習の違い」の公式情報はどこで確認しますか？,「暗記法と間隔復習の違い」では目的と時期を分離を軸に、条文・数値・主体の取り違えを比較表で整理してください。 典型誤答は模試＝過去問と同一視;暗記のみ;非公式優先。 過去問では条件文の主語入れ替え肢に注意してください。
s32-subject-time-split,科目配分と週次計画の違い,契約・実務,学習法;;比較,科目配分と週次計画の違いを、試験学習で混同しやすい観点で整理します。,観点A;観点B,"[{""axis"": ""目的"", ""cols"": [""学習設計"", ""定着・演習""]}, {""axis"": ""タイミング"", ""cols"": [""中盤以前"", ""中盤〜直前期""]}, {""axis"": ""成果指標"", ""cols"": [""計画達成"", ""得点・正答率""]}, {""axis"": ""見分け方"", ""cols"": [""計画語句"", ""演習語句""]}, {""axis"": ""混同注意"", ""cols"": [""目的の入替"", ""時期の逆転""]}]",科目配分と週次計画の違い,模試活用・暗記法・科目配分など、学習プロセスの設計差を整理します。比較軸を先に決めてから読むと効果的です。数値・日程・合格基準は試験実施団体の公式サイト（www.exam.or.jp 等）の試験要項で必ずご確認ください。,目的と時期を分離;模試は振り返り必須;要項で制度数値確認,模試＝過去問と同一視;暗記のみ;非公式優先,「計画→演習→振り返り→要項確認」。,過去問;模擬試験;復習,「科目配分と週次計画の違い」の試験での位置づけは？,模試活用・暗記法・科目配分など、学習プロセスの設計差を整理します。比較軸を先に決めてから読むと効果的です。数値・日程・合格基準は試験実施団体の公式サイト（www.exam.or.jp 等）の試験要項で必ずご確認ください。 試験では目的と時期を分離を軸に、関連条文・数値・主体の取り違えを照合してください。,「科目配分と週次計画の違い」でよくある誤答パターンは？,模試＝過去問と同一視;暗記のみ;非公式優先 誤答肢では模試は振り返り必須の主語や条件が入れ替わることが多いので、比較表で整理してください。 過去問で正誤の型を分類し、試験要項で数値・期限を照合してください。,「科目配分と週次計画の違い」の覚え方・確認手順は？,「科目配分と週次計画の違い」では目的と時期を分離を軸に、条文・数値・主体の取り違えを比較表で整理してください。 典型誤答は模試＝過去問と同一視;暗記のみ;非公式優先。 過去問では条件文の主語入れ替え肢に注意してください。,「科目配分と週次計画の違い」の公式情報はどこで確認しますか？,「科目配分と週次計画の違い」では目的と時期を分離を軸に、条文・数値・主体の取り違えを比較表で整理してください。 典型誤答は模試＝過去問と同一視;暗記のみ;非公式優先。 過去問では条件文の主語入れ替え肢に注意してください。
s32-anchor-flashcards,アンカー暗記と一問一答,契約・実務,学習法;;比較,アンカー暗記と一問一答を、試験学習で混同しやすい観点で整理します。,観点A;観点B,"[{""axis"": ""目的"", ""cols"": [""学習設計"", ""定着・演習""]}, {""axis"": ""タイミング"", ""cols"": [""中盤以前"", ""中盤〜直前期""]}, {""axis"": ""成果指標"", ""cols"": [""計画達成"", ""得点・正答率""]}, {""axis"": ""見分け方"", ""cols"": [""計画語句"", ""演習語句""]}, {""axis"": ""混同注意"", ""cols"": [""目的の入替"", ""時期の逆転""]}]",アンカー暗記と一問一答,模試活用・暗記法・科目配分など、学習プロセスの設計差を整理します。比較軸を先に決めてから読むと効果的です。数値・日程・合格基準は試験実施団体の公式サイト（www.exam.or.jp 等）の試験要項で必ずご確認ください。,目的と時期を分離;模試は振り返り必須;要項で制度数値確認,模試＝過去問と同一視;暗記のみ;非公式優先,「計画→演習→振り返り→要項確認」。,過去問;模擬試験;復習,「アンカー暗記と一問一答」の試験での位置づけは？,模試活用・暗記法・科目配分など、学習プロセスの設計差を整理します。比較軸を先に決めてから読むと効果的です。数値・日程・合格基準は試験実施団体の公式サイト（www.exam.or.jp 等）の試験要項で必ずご確認ください。 試験では目的と時期を分離を軸に、関連条文・数値・主体の取り違えを照合してください。,「アンカー暗記と一問一答」でよくある誤答パターンは？,模試＝過去問と同一視;暗記のみ;非公式優先 誤答肢では模試は振り返り必須の主語や条件が入れ替わることが多いので、比較表で整理してください。 過去問で正誤の型を分類し、試験要項で数値・期限を照合してください。,「アンカー暗記と一問一答」の覚え方・確認手順は？,「アンカー暗記と一問一答」では目的と時期を分離を軸に、条文・数値・主体の取り違えを比較表で整理してください。 典型誤答は模試＝過去問と同一視;暗記のみ;非公式優先。 過去問では条件文の主語入れ替え肢に注意してください。,「アンカー暗記と一問一答」の公式情報はどこで確認しますか？,「アンカー暗記と一問一答」では目的と時期を分離を軸に、条文・数値・主体の取り違えを比較表で整理してください。 典型誤答は模試＝過去問と同一視;暗記のみ;非公式優先。 過去問では条件文の主語入れ替え肢に注意してください。
s32-error-note-system,誤答ノートと学習記録,設備・その他,学習法;;比較,誤答ノートと学習記録を、試験学習で混同しやすい観点で整理します。,観点A;観点B,"[{""axis"": ""目的"", ""cols"": [""学習設計"", ""定着・演習""]}, {""axis"": ""タイミング"", ""cols"": [""中盤以前"", ""中盤〜直前期""]}, {""axis"": ""成果指標"", ""cols"": [""計画達成"", ""得点・正答率""]}, {""axis"": ""見分け方"", ""cols"": [""計画語句"", ""演習語句""]}, {""axis"": ""混同注意"", ""cols"": [""目的の入替"", ""時期の逆転""]}]",誤答ノートと学習記録,模試活用・暗記法・科目配分など、学習プロセスの設計差を整理します。比較軸を先に決めてから読むと効果的です。数値・日程・合格基準は試験実施団体の公式サイト（www.exam.or.jp 等）の試験要項で必ずご確認ください。,目的と時期を分離;模試は振り返り必須;要項で制度数値確認,模試＝過去問と同一視;暗記のみ;非公式優先,「計画→演習→振り返り→要項確認」。,比較表;用語解説;学習記録,「誤答ノートと学習記録」の試験での位置づけは？,模試活用・暗記法・科目配分など、学習プロセスの設計差を整理します。比較軸を先に決めてから読むと効果的です。数値・日程・合格基準は試験実施団体の公式サイト（www.exam.or.jp 等）の試験要項で必ずご確認ください。 試験では目的と時期を分離を軸に、関連条文・数値・主体の取り違えを照合してください。,「誤答ノートと学習記録」でよくある誤答パターンは？,模試＝過去問と同一視;暗記のみ;非公式優先 誤答肢では模試は振り返り必須の主語や条件が入れ替わることが多いので、比較表で整理してください。 過去問で正誤の型を分類し、試験要項で数値・期限を照合してください。,「誤答ノートと学習記録」の覚え方・確認手順は？,「誤答ノートと学習記録」では目的と時期を分離を軸に、条文・数値・主体の取り違えを比較表で整理してください。 典型誤答は模試＝過去問と同一視;暗記のみ;非公式優先。 過去問では条件文の主語入れ替え肢に注意してください。,「誤答ノートと学習記録」の公式情報はどこで確認しますか？,「誤答ノートと学習記録」では目的と時期を分離を軸に、条文・数値・主体の取り違えを比較表で整理してください。 典型誤答は模試＝過去問と同一視;暗記のみ;非公式優先。 過去問では条件文の主語入れ替え肢に注意してください。
s32-pass-line-plan,合格ライン設計と足切り対策,法令・制度,学習法;;比較,合格ライン設計と足切り対策を、試験学習で混同しやすい観点で整理します。,観点A;観点B,"[{""axis"": ""目的"", ""cols"": [""学習設計"", ""定着・演習""]}, {""axis"": ""タイミング"", ""cols"": [""中盤以前"", ""中盤〜直前期""]}, {""axis"": ""成果指標"", ""cols"": [""計画達成"", ""得点・正答率""]}, {""axis"": ""見分け方"", ""cols"": [""計画語句"", ""演習語句""]}, {""axis"": ""混同注意"", ""cols"": [""目的の入替"", ""時期の逆転""]}]",合格ライン設計と足切り対策,模試活用・暗記法・科目配分など、学習プロセスの設計差を整理します。比較軸を先に決めてから読むと効果的です。数値・日程・合格基準は試験実施団体の公式サイト（www.exam.or.jp 等）の試験要項で必ずご確認ください。,目的と時期を分離;模試は振り返り必須;要項で制度数値確認,模試＝過去問と同一視;暗記のみ;非公式優先,「計画→演習→振り返り→要項確認」。,公式情報;試験要項;合格基準,「合格ライン設計と足切り対策」の試験での位置づけは？,模試活用・暗記法・科目配分など、学習プロセスの設計差を整理します。比較軸を先に決めてから読むと効果的です。数値・日程・合格基準は試験実施団体の公式サイト（www.exam.or.jp 等）の試験要項で必ずご確認ください。 試験では目的と時期を分離を軸に、関連条文・数値・主体の取り違えを照合してください。,「合格ライン設計と足切り対策」でよくある誤答パターンは？,模試＝過去問と同一視;暗記のみ;非公式優先 誤答肢では模試は振り返り必須の主語や条件が入れ替わることが多いので、比較表で整理してください。 過去問で正誤の型を分類し、試験要項で数値・期限を照合してください。,「合格ライン設計と足切り対策」の覚え方・確認手順は？,「合格ライン設計と足切り対策」では目的と時期を分離を軸に、条文・数値・主体の取り違えを比較表で整理してください。 典型誤答は模試＝過去問と同一視;暗記のみ;非公式優先。 過去問では条件文の主語入れ替え肢に注意してください。,「合格ライン設計と足切り対策」の公式情報はどこで確認しますか？,「合格ライン設計と足切り対策」では目的と時期を分離を軸に、条文・数値・主体の取り違えを比較表で整理してください。 典型誤答は模試＝過去問と同一視;暗記のみ;非公式優先。 過去問では条件文の主語入れ替え肢に注意してください。
s32-youkou-read-order,要項読みの順序と確認項目,法令・制度,学習法;;比較,要項読みの順序と確認項目を、試験学習で混同しやすい観点で整理します。,観点A;観点B,"[{""axis"": ""目的"", ""cols"": [""学習設計"", ""定着・演習""]}, {""axis"": ""タイミング"", ""cols"": [""中盤以前"", ""中盤〜直前期""]}, {""axis"": ""成果指標"", ""cols"": [""計画達成"", ""得点・正答率""]}, {""axis"": ""見分け方"", ""cols"": [""計画語句"", ""演習語句""]}, {""axis"": ""混同注意"", ""cols"": [""目的の入替"", ""時期の逆転""]}]",要項読みの順序と確認項目,模試活用・暗記法・科目配分など、学習プロセスの設計差を整理します。比較軸を先に決めてから読むと効果的です。数値・日程・合格基準は試験実施団体の公式サイト（www.exam.or.jp 等）の試験要項で必ずご確認ください。,目的と時期を分離;模試は振り返り必須;要項で制度数値確認,模試＝過去問と同一視;暗記のみ;非公式優先,「計画→演習→振り返り→要項確認」。,公式情報;試験要項;合格基準,「要項読みの順序と確認項目」の試験での位置づけは？,模試活用・暗記法・科目配分など、学習プロセスの設計差を整理します。比較軸を先に決めてから読むと効果的です。数値・日程・合格基準は試験実施団体の公式サイト（www.exam.or.jp 等）の試験要項で必ずご確認ください。 試験では目的と時期を分離を軸に、関連条文・数値・主体の取り違えを照合してください。,「要項読みの順序と確認項目」でよくある誤答パターンは？,模試＝過去問と同一視;暗記のみ;非公式優先 誤答肢では模試は振り返り必須の主語や条件が入れ替わることが多いので、比較表で整理してください。 過去問で正誤の型を分類し、試験要項で数値・期限を照合してください。,「要項読みの順序と確認項目」の覚え方・確認手順は？,「要項読みの順序と確認項目」では目的と時期を分離を軸に、条文・数値・主体の取り違えを比較表で整理してください。 典型誤答は模試＝過去問と同一視;暗記のみ;非公式優先。 過去問では条件文の主語入れ替え肢に注意してください。,「要項読みの順序と確認項目」の公式情報はどこで確認しますか？,「要項読みの順序と確認項目」では目的と時期を分離を軸に、条文・数値・主体の取り違えを比較表で整理してください。 典型誤答は模試＝過去問と同一視;暗記のみ;非公式優先。 過去問では条件文の主語入れ替え肢に注意してください。
s32-practice-mode-mix,演習モードの組み合わせ,契約・実務,学習法;;比較,演習モードの組み合わせを、試験学習で混同しやすい観点で整理します。,観点A;観点B,"[{""axis"": ""目的"", ""cols"": [""学習設計"", ""定着・演習""]}, {""axis"": ""タイミング"", ""cols"": [""中盤以前"", ""中盤〜直前期""]}, {""axis"": ""成果指標"", ""cols"": [""計画達成"", ""得点・正答率""]}, {""axis"": ""見分け方"", ""cols"": [""計画語句"", ""演習語句""]}, {""axis"": ""混同注意"", ""cols"": [""目的の入替"", ""時期の逆転""]}]",演習モードの組み合わせ,模試活用・暗記法・科目配分など、学習プロセスの設計差を整理します。比較軸を先に決めてから読むと効果的です。数値・日程・合格基準は試験実施団体の公式サイト（www.exam.or.jp 等）の試験要項で必ずご確認ください。,目的と時期を分離;模試は振り返り必須;要項で制度数値確認,模試＝過去問と同一視;暗記のみ;非公式優先,「計画→演習→振り返り→要項確認」。,過去問;模擬試験;復習,「演習モードの組み合わせ」の試験での位置づけは？,模試活用・暗記法・科目配分など、学習プロセスの設計差を整理します。比較軸を先に決めてから読むと効果的です。数値・日程・合格基準は試験実施団体の公式サイト（www.exam.or.jp 等）の試験要項で必ずご確認ください。 試験では目的と時期を分離を軸に、関連条文・数値・主体の取り違えを照合してください。,「演習モードの組み合わせ」でよくある誤答パターンは？,模試＝過去問と同一視;暗記のみ;非公式優先 誤答肢では模試は振り返り必須の主語や条件が入れ替わることが多いので、比較表で整理してください。 過去問で正誤の型を分類し、試験要項で数値・期限を照合してください。,「演習モードの組み合わせ」の覚え方・確認手順は？,「演習モードの組み合わせ」では目的と時期を分離を軸に、条文・数値・主体の取り違えを比較表で整理してください。 典型誤答は模試＝過去問と同一視;暗記のみ;非公式優先。 過去問では条件文の主語入れ替え肢に注意してください。,「演習モードの組み合わせ」の公式情報はどこで確認しますか？,「演習モードの組み合わせ」では目的と時期を分離を軸に、条文・数値・主体の取り違えを比較表で整理してください。 典型誤答は模試＝過去問と同一視;暗記のみ;非公式優先。 過去問では条件文の主語入れ替え肢に注意してください。
s32-final-week-routine,直前1週間と直前1日の違い,契約・実務,学習法;;比較,直前1週間と直前1日の違いを、試験学習で混同しやすい観点で整理します。,観点A;観点B,"[{""axis"": ""目的"", ""cols"": [""学習設計"", ""定着・演習""]}, {""axis"": ""タイミング"", ""cols"": [""中盤以前"", ""中盤〜直前期""]}, {""axis"": ""成果指標"", ""cols"": [""計画達成"", ""得点・正答率""]}, {""axis"": ""見分け方"", ""cols"": [""計画語句"", ""演習語句""]}, {""axis"": ""混同注意"", ""cols"": [""目的の入替"", ""時期の逆転""]}]",直前1週間と直前1日の違い,模試活用・暗記法・科目配分など、学習プロセスの設計差を整理します。比較軸を先に決めてから読むと効果的です。数値・日程・合格基準は試験実施団体の公式サイト（www.exam.or.jp 等）の試験要項で必ずご確認ください。,目的と時期を分離;模試は振り返り必須;要項で制度数値確認,模試＝過去問と同一視;暗記のみ;非公式優先,「計画→演習→振り返り→要項確認」。,過去問;模擬試験;復習,「直前1週間と直前1日の違い」の試験での位置づけは？,模試活用・暗記法・科目配分など、学習プロセスの設計差を整理します。比較軸を先に決めてから読むと効果的です。数値・日程・合格基準は試験実施団体の公式サイト（www.exam.or.jp 等）の試験要項で必ずご確認ください。 試験では目的と時期を分離を軸に、関連条文・数値・主体の取り違えを照合してください。,「直前1週間と直前1日の違い」でよくある誤答パターンは？,模試＝過去問と同一視;暗記のみ;非公式優先 誤答肢では模試は振り返り必須の主語や条件が入れ替わることが多いので、比較表で整理してください。 過去問で正誤の型を分類し、試験要項で数値・期限を照合してください。,「直前1週間と直前1日の違い」の覚え方・確認手順は？,「直前1週間と直前1日の違い」では目的と時期を分離を軸に、条文・数値・主体の取り違えを比較表で整理してください。 典型誤答は模試＝過去問と同一視;暗記のみ;非公式優先。 過去問では条件文の主語入れ替え肢に注意してください。,「直前1週間と直前1日の違い」の公式情報はどこで確認しますか？,「直前1週間と直前1日の違い」では目的と時期を分離を軸に、条文・数値・主体の取り違えを比較表で整理してください。 典型誤答は模試＝過去問と同一視;暗記のみ;非公式優先。 過去問では条件文の主語入れ替え肢に注意してください。
s32-glossary-first-or-past,用語先行と過去問先行,設備・その他,学習法;;比較,用語先行と過去問先行を、試験学習で混同しやすい観点で整理します。,観点A;観点B,"[{""axis"": ""目的"", ""cols"": [""学習設計"", ""定着・演習""]}, {""axis"": ""タイミング"", ""cols"": [""中盤以前"", ""中盤〜直前期""]}, {""axis"": ""成果指標"", ""cols"": [""計画達成"", ""得点・正答率""]}, {""axis"": ""見分け方"", ""cols"": [""計画語句"", ""演習語句""]}, {""axis"": ""混同注意"", ""cols"": [""目的の入替"", ""時期の逆転""]}]",用語先行と過去問先行,模試活用・暗記法・科目配分など、学習プロセスの設計差を整理します。比較軸を先に決めてから読むと効果的です。数値・日程・合格基準は試験実施団体の公式サイト（www.exam.or.jp 等）の試験要項で必ずご確認ください。,目的と時期を分離;模試は振り返り必須;要項で制度数値確認,模試＝過去問と同一視;暗記のみ;非公式優先,「計画→演習→振り返り→要項確認」。,比較表;用語解説;学習記録,「用語先行と過去問先行」の試験での位置づけは？,模試活用・暗記法・科目配分など、学習プロセスの設計差を整理します。比較軸を先に決めてから読むと効果的です。数値・日程・合格基準は試験実施団体の公式サイト（www.exam.or.jp 等）の試験要項で必ずご確認ください。 試験では目的と時期を分離を軸に、関連条文・数値・主体の取り違えを照合してください。,「用語先行と過去問先行」でよくある誤答パターンは？,模試＝過去問と同一視;暗記のみ;非公式優先 誤答肢では模試は振り返り必須の主語や条件が入れ替わることが多いので、比較表で整理してください。 過去問で正誤の型を分類し、試験要項で数値・期限を照合してください。,「用語先行と過去問先行」の覚え方・確認手順は？,「用語先行と過去問先行」では目的と時期を分離を軸に、条文・数値・主体の取り違えを比較表で整理してください。 典型誤答は模試＝過去問と同一視;暗記のみ;非公式優先。 過去問では条件文の主語入れ替え肢に注意してください。,「用語先行と過去問先行」の公式情報はどこで確認しますか？,「用語先行と過去問先行」では目的と時期を分離を軸に、条文・数値・主体の取り違えを比較表で整理してください。 典型誤答は模試＝過去問と同一視;暗記のみ;非公式優先。 過去問では条件文の主語入れ替え肢に注意してください。
s33-chokuzen-taisaku,直前対策と総仕上げの違い,契約・実務,学習法;;比較,直前対策と総仕上げの違いを、試験学習で混同しやすい観点で整理します。,観点A;観点B,"[{""axis"": ""目的"", ""cols"": [""学習設計"", ""定着・演習""]}, {""axis"": ""タイミング"", ""cols"": [""中盤以前"", ""中盤〜直前期""]}, {""axis"": ""成果指標"", ""cols"": [""計画達成"", ""得点・正答率""]}, {""axis"": ""見分け方"", ""cols"": [""計画語句"", ""演習語句""]}, {""axis"": ""混同注意"", ""cols"": [""目的の入替"", ""時期の逆転""]}]",直前対策と総仕上げの違い,直前対策・苦手克服・記述対策・合格体験記活用など、学習プロセスの設計差を整理します。数値・日程・合格基準は試験実施団体の公式サイト（www.exam.or.jp 等）の試験要項で必ずご確認ください。,目的と時期を分離;直前は振り返り中心;要項で制度数値確認,直前＝新規暗記のみ;苦手放置;非公式優先,「計画→演習→振り返り→要項確認」。,過去問;模擬試験;復習,「直前対策と総仕上げの違い」の試験での位置づけは？,直前対策・苦手克服・記述対策・合格体験記活用など、学習プロセスの設計差を整理します。数値・日程・合格基準は試験実施団体の公式サイト（www.exam.or.jp 等）の試験要項で必ずご確認ください。 試験では目的と時期を分離を軸に、関連条文・数値・主体の取り違えを照合してください。,「直前対策と総仕上げの違い」でよくある誤答パターンは？,直前＝新規暗記のみ;苦手放置;非公式優先 誤答肢では直前は振り返り中心の主語や条件が入れ替わることが多いので、比較表で整理してください。 過去問で正誤の型を分類し、試験要項で数値・期限を照合してください。,「直前対策と総仕上げの違い」の覚え方・確認手順は？,「直前対策と総仕上げの違い」では目的と時期を分離を軸に、条文・数値・主体の取り違えを比較表で整理してください。 典型誤答は直前＝新規暗記のみ;苦手放置;非公式優先。 過去問では条件文の主語入れ替え肢に注意してください。,「直前対策と総仕上げの違い」の公式情報はどこで確認しますか？,「直前対策と総仕上げの違い」では目的と時期を分離を軸に、条文・数値・主体の取り違えを比較表で整理してください。 典型誤答は直前＝新規暗記のみ;苦手放置;非公式優先。 過去問では条件文の主語入れ替え肢に注意してください。
s33-nigate-kokufuku,苦手克服と弱点集中,契約・実務,学習法;;比較,苦手克服と弱点集中を、試験学習で混同しやすい観点で整理します。,観点A;観点B,"[{""axis"": ""目的"", ""cols"": [""学習設計"", ""定着・演習""]}, {""axis"": ""タイミング"", ""cols"": [""中盤以前"", ""中盤〜直前期""]}, {""axis"": ""成果指標"", ""cols"": [""計画達成"", ""得点・正答率""]}, {""axis"": ""見分け方"", ""cols"": [""計画語句"", ""演習語句""]}, {""axis"": ""混同注意"", ""cols"": [""目的の入替"", ""時期の逆転""]}]",苦手克服と弱点集中,直前対策・苦手克服・記述対策・合格体験記活用など、学習プロセスの設計差を整理します。数値・日程・合格基準は試験実施団体の公式サイト（www.exam.or.jp 等）の試験要項で必ずご確認ください。,目的と時期を分離;直前は振り返り中心;要項で制度数値確認,直前＝新規暗記のみ;苦手放置;非公式優先,「計画→演習→振り返り→要項確認」。,過去問;模擬試験;復習,「苦手克服と弱点集中」の試験での位置づけは？,直前対策・苦手克服・記述対策・合格体験記活用など、学習プロセスの設計差を整理します。数値・日程・合格基準は試験実施団体の公式サイト（www.exam.or.jp 等）の試験要項で必ずご確認ください。 試験では目的と時期を分離を軸に、関連条文・数値・主体の取り違えを照合してください。,「苦手克服と弱点集中」でよくある誤答パターンは？,直前＝新規暗記のみ;苦手放置;非公式優先 誤答肢では直前は振り返り中心の主語や条件が入れ替わることが多いので、比較表で整理してください。 過去問で正誤の型を分類し、試験要項で数値・期限を照合してください。,「苦手克服と弱点集中」の覚え方・確認手順は？,「苦手克服と弱点集中」では目的と時期を分離を軸に、条文・数値・主体の取り違えを比較表で整理してください。 典型誤答は直前＝新規暗記のみ;苦手放置;非公式優先。 過去問では条件文の主語入れ替え肢に注意してください。,「苦手克服と弱点集中」の公式情報はどこで確認しますか？,「苦手克服と弱点集中」では目的と時期を分離を軸に、条文・数値・主体の取り違えを比較表で整理してください。 典型誤答は直前＝新規暗記のみ;苦手放置;非公式優先。 過去問では条件文の主語入れ替え肢に注意してください。
s33-kijutsu-taisaku,記述対策と短答対策,契約・実務,学習法;;比較,記述対策と短答対策を、試験学習で混同しやすい観点で整理します。,観点A;観点B,"[{""axis"": ""目的"", ""cols"": [""学習設計"", ""定着・演習""]}, {""axis"": ""タイミング"", ""cols"": [""中盤以前"", ""中盤〜直前期""]}, {""axis"": ""成果指標"", ""cols"": [""計画達成"", ""得点・正答率""]}, {""axis"": ""見分け方"", ""cols"": [""計画語句"", ""演習語句""]}, {""axis"": ""混同注意"", ""cols"": [""目的の入替"", ""時期の逆転""]}]",記述対策と短答対策,直前対策・苦手克服・記述対策・合格体験記活用など、学習プロセスの設計差を整理します。数値・日程・合格基準は試験実施団体の公式サイト（www.exam.or.jp 等）の試験要項で必ずご確認ください。,目的と時期を分離;直前は振り返り中心;要項で制度数値確認,直前＝新規暗記のみ;苦手放置;非公式優先,「計画→演習→振り返り→要項確認」。,過去問;模擬試験;復習,「記述対策と短答対策」の試験での位置づけは？,直前対策・苦手克服・記述対策・合格体験記活用など、学習プロセスの設計差を整理します。数値・日程・合格基準は試験実施団体の公式サイト（www.exam.or.jp 等）の試験要項で必ずご確認ください。 試験では目的と時期を分離を軸に、関連条文・数値・主体の取り違えを照合してください。,「記述対策と短答対策」でよくある誤答パターンは？,直前＝新規暗記のみ;苦手放置;非公式優先 誤答肢では直前は振り返り中心の主語や条件が入れ替わることが多いので、比較表で整理してください。 過去問で正誤の型を分類し、試験要項で数値・期限を照合してください。,「記述対策と短答対策」の覚え方・確認手順は？,「記述対策と短答対策」では目的と時期を分離を軸に、条文・数値・主体の取り違えを比較表で整理してください。 典型誤答は直前＝新規暗記のみ;苦手放置;非公式優先。 過去問では条件文の主語入れ替え肢に注意してください。,「記述対策と短答対策」の公式情報はどこで確認しますか？,「記述対策と短答対策」では目的と時期を分離を軸に、条文・数値・主体の取り違えを比較表で整理してください。 典型誤答は直前＝新規暗記のみ;苦手放置;非公式優先。 過去問では条件文の主語入れ替え肢に注意してください。
s33-taiken-ki,合格体験記活用と学習記録,設備・その他,学習法;;比較,合格体験記活用と学習記録を、試験学習で混同しやすい観点で整理します。,観点A;観点B,"[{""axis"": ""目的"", ""cols"": [""学習設計"", ""定着・演習""]}, {""axis"": ""タイミング"", ""cols"": [""中盤以前"", ""中盤〜直前期""]}, {""axis"": ""成果指標"", ""cols"": [""計画達成"", ""得点・正答率""]}, {""axis"": ""見分け方"", ""cols"": [""計画語句"", ""演習語句""]}, {""axis"": ""混同注意"", ""cols"": [""目的の入替"", ""時期の逆転""]}]",合格体験記活用と学習記録,直前対策・苦手克服・記述対策・合格体験記活用など、学習プロセスの設計差を整理します。数値・日程・合格基準は試験実施団体の公式サイト（www.exam.or.jp 等）の試験要項で必ずご確認ください。,目的と時期を分離;直前は振り返り中心;要項で制度数値確認,直前＝新規暗記のみ;苦手放置;非公式優先,「計画→演習→振り返り→要項確認」。,比較表;用語解説;学習記録,「合格体験記活用と学習記録」の試験での位置づけは？,直前対策・苦手克服・記述対策・合格体験記活用など、学習プロセスの設計差を整理します。数値・日程・合格基準は試験実施団体の公式サイト（www.exam.or.jp 等）の試験要項で必ずご確認ください。 試験では目的と時期を分離を軸に、関連条文・数値・主体の取り違えを照合してください。,「合格体験記活用と学習記録」でよくある誤答パターンは？,直前＝新規暗記のみ;苦手放置;非公式優先 誤答肢では直前は振り返り中心の主語や条件が入れ替わることが多いので、比較表で整理してください。 過去問で正誤の型を分類し、試験要項で数値・期限を照合してください。,「合格体験記活用と学習記録」の覚え方・確認手順は？,「合格体験記活用と学習記録」では目的と時期を分離を軸に、条文・数値・主体の取り違えを比較表で整理してください。 典型誤答は直前＝新規暗記のみ;苦手放置;非公式優先。 過去問では条件文の主語入れ替え肢に注意してください。,「合格体験記活用と学習記録」の公式情報はどこで確認しますか？,「合格体験記活用と学習記録」では目的と時期を分離を軸に、条文・数値・主体の取り違えを比較表で整理してください。 典型誤答は直前＝新規暗記のみ;苦手放置;非公式優先。 過去問では条件文の主語入れ替え肢に注意してください。
s33-morning-evening,朝学習と夜学習の配分,設備・その他,学習法;;比較,朝学習と夜学習の配分を、試験学習で混同しやすい観点で整理します。,観点A;観点B,"[{""axis"": ""目的"", ""cols"": [""学習設計"", ""定着・演習""]}, {""axis"": ""タイミング"", ""cols"": [""中盤以前"", ""中盤〜直前期""]}, {""axis"": ""成果指標"", ""cols"": [""計画達成"", ""得点・正答率""]}, {""axis"": ""見分け方"", ""cols"": [""計画語句"", ""演習語句""]}, {""axis"": ""混同注意"", ""cols"": [""目的の入替"", ""時期の逆転""]}]",朝学習と夜学習の配分,直前対策・苦手克服・記述対策・合格体験記活用など、学習プロセスの設計差を整理します。数値・日程・合格基準は試験実施団体の公式サイト（www.exam.or.jp 等）の試験要項で必ずご確認ください。,目的と時期を分離;直前は振り返り中心;要項で制度数値確認,直前＝新規暗記のみ;苦手放置;非公式優先,「計画→演習→振り返り→要項確認」。,比較表;用語解説;学習記録,「朝学習と夜学習の配分」の試験での位置づけは？,直前対策・苦手克服・記述対策・合格体験記活用など、学習プロセスの設計差を整理します。数値・日程・合格基準は試験実施団体の公式サイト（www.exam.or.jp 等）の試験要項で必ずご確認ください。 試験では目的と時期を分離を軸に、関連条文・数値・主体の取り違えを照合してください。,「朝学習と夜学習の配分」でよくある誤答パターンは？,直前＝新規暗記のみ;苦手放置;非公式優先 誤答肢では直前は振り返り中心の主語や条件が入れ替わることが多いので、比較表で整理してください。 過去問で正誤の型を分類し、試験要項で数値・期限を照合してください。,「朝学習と夜学習の配分」の覚え方・確認手順は？,「朝学習と夜学習の配分」では目的と時期を分離を軸に、条文・数値・主体の取り違えを比較表で整理してください。 典型誤答は直前＝新規暗記のみ;苦手放置;非公式優先。 過去問では条件文の主語入れ替え肢に注意してください。,「朝学習と夜学習の配分」の公式情報はどこで確認しますか？,「朝学習と夜学習の配分」では目的と時期を分離を軸に、条文・数値・主体の取り違えを比較表で整理してください。 典型誤答は直前＝新規暗記のみ;苦手放置;非公式優先。 過去問では条件文の主語入れ替え肢に注意してください。
s33-subject-weak,科目別弱点と全体得点,法令・制度,学習法;;比較,科目別弱点と全体得点を、試験学習で混同しやすい観点で整理します。,観点A;観点B,"[{""axis"": ""目的"", ""cols"": [""学習設計"", ""定着・演習""]}, {""axis"": ""タイミング"", ""cols"": [""中盤以前"", ""中盤〜直前期""]}, {""axis"": ""成果指標"", ""cols"": [""計画達成"", ""得点・正答率""]}, {""axis"": ""見分け方"", ""cols"": [""計画語句"", ""演習語句""]}, {""axis"": ""混同注意"", ""cols"": [""目的の入替"", ""時期の逆転""]}]",科目別弱点と全体得点,直前対策・苦手克服・記述対策・合格体験記活用など、学習プロセスの設計差を整理します。数値・日程・合格基準は試験実施団体の公式サイト（www.exam.or.jp 等）の試験要項で必ずご確認ください。,目的と時期を分離;直前は振り返り中心;要項で制度数値確認,直前＝新規暗記のみ;苦手放置;非公式優先,「計画→演習→振り返り→要項確認」。,公式情報;試験要項;合格基準,「科目別弱点と全体得点」の試験での位置づけは？,直前対策・苦手克服・記述対策・合格体験記活用など、学習プロセスの設計差を整理します。数値・日程・合格基準は試験実施団体の公式サイト（www.exam.or.jp 等）の試験要項で必ずご確認ください。 試験では目的と時期を分離を軸に、関連条文・数値・主体の取り違えを照合してください。,「科目別弱点と全体得点」でよくある誤答パターンは？,直前＝新規暗記のみ;苦手放置;非公式優先 誤答肢では直前は振り返り中心の主語や条件が入れ替わることが多いので、比較表で整理してください。 過去問で正誤の型を分類し、試験要項で数値・期限を照合してください。,「科目別弱点と全体得点」の覚え方・確認手順は？,「科目別弱点と全体得点」では目的と時期を分離を軸に、条文・数値・主体の取り違えを比較表で整理してください。 典型誤答は直前＝新規暗記のみ;苦手放置;非公式優先。 過去問では条件文の主語入れ替え肢に注意してください。,「科目別弱点と全体得点」の公式情報はどこで確認しますか？,「科目別弱点と全体得点」では目的と時期を分離を軸に、条文・数値・主体の取り違えを比較表で整理してください。 典型誤答は直前＝新規暗記のみ;苦手放置;非公式優先。 過去問では条件文の主語入れ替え肢に注意してください。
s33-sleep-rest,睡眠確保と詰め込み,設備・その他,学習法;;比較,睡眠確保と詰め込みを、試験学習で混同しやすい観点で整理します。,観点A;観点B,"[{""axis"": ""目的"", ""cols"": [""学習設計"", ""定着・演習""]}, {""axis"": ""タイミング"", ""cols"": [""中盤以前"", ""中盤〜直前期""]}, {""axis"": ""成果指標"", ""cols"": [""計画達成"", ""得点・正答率""]}, {""axis"": ""見分け方"", ""cols"": [""計画語句"", ""演習語句""]}, {""axis"": ""混同注意"", ""cols"": [""目的の入替"", ""時期の逆転""]}]",睡眠確保と詰め込み,直前対策・苦手克服・記述対策・合格体験記活用など、学習プロセスの設計差を整理します。数値・日程・合格基準は試験実施団体の公式サイト（www.exam.or.jp 等）の試験要項で必ずご確認ください。,目的と時期を分離;直前は振り返り中心;要項で制度数値確認,直前＝新規暗記のみ;苦手放置;非公式優先,「計画→演習→振り返り→要項確認」。,比較表;用語解説;学習記録,「睡眠確保と詰め込み」の試験での位置づけは？,直前対策・苦手克服・記述対策・合格体験記活用など、学習プロセスの設計差を整理します。数値・日程・合格基準は試験実施団体の公式サイト（www.exam.or.jp 等）の試験要項で必ずご確認ください。 試験では目的と時期を分離を軸に、関連条文・数値・主体の取り違えを照合してください。,「睡眠確保と詰め込み」でよくある誤答パターンは？,直前＝新規暗記のみ;苦手放置;非公式優先 誤答肢では直前は振り返り中心の主語や条件が入れ替わることが多いので、比較表で整理してください。 過去問で正誤の型を分類し、試験要項で数値・期限を照合してください。,「睡眠確保と詰め込み」の覚え方・確認手順は？,「睡眠確保と詰め込み」では目的と時期を分離を軸に、条文・数値・主体の取り違えを比較表で整理してください。 典型誤答は直前＝新規暗記のみ;苦手放置;非公式優先。 過去問では条件文の主語入れ替え肢に注意してください。,「睡眠確保と詰め込み」の公式情報はどこで確認しますか？,「睡眠確保と詰め込み」では目的と時期を分離を軸に、条文・数値・主体の取り違えを比較表で整理してください。 典型誤答は直前＝新規暗記のみ;苦手放置;非公式優先。 過去問では条件文の主語入れ替え肢に注意してください。
s33-exam-day,試験当日準備と直前1日,契約・実務,学習法;;比較,試験当日準備と直前1日を、試験学習で混同しやすい観点で整理します。,観点A;観点B,"[{""axis"": ""目的"", ""cols"": [""学習設計"", ""定着・演習""]}, {""axis"": ""タイミング"", ""cols"": [""中盤以前"", ""中盤〜直前期""]}, {""axis"": ""成果指標"", ""cols"": [""計画達成"", ""得点・正答率""]}, {""axis"": ""見分け方"", ""cols"": [""計画語句"", ""演習語句""]}, {""axis"": ""混同注意"", ""cols"": [""目的の入替"", ""時期の逆転""]}]",試験当日準備と直前1日,直前対策・苦手克服・記述対策・合格体験記活用など、学習プロセスの設計差を整理します。数値・日程・合格基準は試験実施団体の公式サイト（www.exam.or.jp 等）の試験要項で必ずご確認ください。,目的と時期を分離;直前は振り返り中心;要項で制度数値確認,直前＝新規暗記のみ;苦手放置;非公式優先,「計画→演習→振り返り→要項確認」。,過去問;模擬試験;復習,「試験当日準備と直前1日」の試験での位置づけは？,直前対策・苦手克服・記述対策・合格体験記活用など、学習プロセスの設計差を整理します。数値・日程・合格基準は試験実施団体の公式サイト（www.exam.or.jp 等）の試験要項で必ずご確認ください。 試験では目的と時期を分離を軸に、関連条文・数値・主体の取り違えを照合してください。,「試験当日準備と直前1日」でよくある誤答パターンは？,直前＝新規暗記のみ;苦手放置;非公式優先 誤答肢では直前は振り返り中心の主語や条件が入れ替わることが多いので、比較表で整理してください。 過去問で正誤の型を分類し、試験要項で数値・期限を照合してください。,「試験当日準備と直前1日」の覚え方・確認手順は？,「試験当日準備と直前1日」では目的と時期を分離を軸に、条文・数値・主体の取り違えを比較表で整理してください。 典型誤答は直前＝新規暗記のみ;苦手放置;非公式優先。 過去問では条件文の主語入れ替え肢に注意してください。,「試験当日準備と直前1日」の公式情報はどこで確認しますか？,「試験当日準備と直前1日」では目的と時期を分離を軸に、条文・数値・主体の取り違えを比較表で整理してください。 典型誤答は直前＝新規暗記のみ;苦手放置;非公式優先。 過去問では条件文の主語入れ替え肢に注意してください。
s33-confidence,自信維持と不安対処,設備・その他,学習法;;比較,自信維持と不安対処を、試験学習で混同しやすい観点で整理します。,観点A;観点B,"[{""axis"": ""目的"", ""cols"": [""学習設計"", ""定着・演習""]}, {""axis"": ""タイミング"", ""cols"": [""中盤以前"", ""中盤〜直前期""]}, {""axis"": ""成果指標"", ""cols"": [""計画達成"", ""得点・正答率""]}, {""axis"": ""見分け方"", ""cols"": [""計画語句"", ""演習語句""]}, {""axis"": ""混同注意"", ""cols"": [""目的の入替"", ""時期の逆転""]}]",自信維持と不安対処,直前対策・苦手克服・記述対策・合格体験記活用など、学習プロセスの設計差を整理します。数値・日程・合格基準は試験実施団体の公式サイト（www.exam.or.jp 等）の試験要項で必ずご確認ください。,目的と時期を分離;直前は振り返り中心;要項で制度数値確認,直前＝新規暗記のみ;苦手放置;非公式優先,「計画→演習→振り返り→要項確認」。,比較表;用語解説;学習記録,「自信維持と不安対処」の試験での位置づけは？,直前対策・苦手克服・記述対策・合格体験記活用など、学習プロセスの設計差を整理します。数値・日程・合格基準は試験実施団体の公式サイト（www.exam.or.jp 等）の試験要項で必ずご確認ください。 試験では目的と時期を分離を軸に、関連条文・数値・主体の取り違えを照合してください。,「自信維持と不安対処」でよくある誤答パターンは？,直前＝新規暗記のみ;苦手放置;非公式優先 誤答肢では直前は振り返り中心の主語や条件が入れ替わることが多いので、比較表で整理してください。 過去問で正誤の型を分類し、試験要項で数値・期限を照合してください。,「自信維持と不安対処」の覚え方・確認手順は？,「自信維持と不安対処」では目的と時期を分離を軸に、条文・数値・主体の取り違えを比較表で整理してください。 典型誤答は直前＝新規暗記のみ;苦手放置;非公式優先。 過去問では条件文の主語入れ替え肢に注意してください。,「自信維持と不安対処」の公式情報はどこで確認しますか？,「自信維持と不安対処」では目的と時期を分離を軸に、条文・数値・主体の取り違えを比較表で整理してください。 典型誤答は直前＝新規暗記のみ;苦手放置;非公式優先。 過去問では条件文の主語入れ替え肢に注意してください。
s33-last-mock,最終模試と過去問総仕上げ,契約・実務,学習法;;比較,最終模試と過去問総仕上げを、試験学習で混同しやすい観点で整理します。,観点A;観点B,"[{""axis"": ""目的"", ""cols"": [""学習設計"", ""定着・演習""]}, {""axis"": ""タイミング"", ""cols"": [""中盤以前"", ""中盤〜直前期""]}, {""axis"": ""成果指標"", ""cols"": [""計画達成"", ""得点・正答率""]}, {""axis"": ""見分け方"", ""cols"": [""計画語句"", ""演習語句""]}, {""axis"": ""混同注意"", ""cols"": [""目的の入替"", ""時期の逆転""]}]",最終模試と過去問総仕上げ,直前対策・苦手克服・記述対策・合格体験記活用など、学習プロセスの設計差を整理します。数値・日程・合格基準は試験実施団体の公式サイト（www.exam.or.jp 等）の試験要項で必ずご確認ください。,目的と時期を分離;直前は振り返り中心;要項で制度数値確認,直前＝新規暗記のみ;苦手放置;非公式優先,「計画→演習→振り返り→要項確認」。,過去問;模擬試験;復習,「最終模試と過去問総仕上げ」の試験での位置づけは？,直前対策・苦手克服・記述対策・合格体験記活用など、学習プロセスの設計差を整理します。数値・日程・合格基準は試験実施団体の公式サイト（www.exam.or.jp 等）の試験要項で必ずご確認ください。 試験では目的と時期を分離を軸に、関連条文・数値・主体の取り違えを照合してください。,「最終模試と過去問総仕上げ」でよくある誤答パターンは？,直前＝新規暗記のみ;苦手放置;非公式優先 誤答肢では直前は振り返り中心の主語や条件が入れ替わることが多いので、比較表で整理してください。 過去問で正誤の型を分類し、試験要項で数値・期限を照合してください。,「最終模試と過去問総仕上げ」の覚え方・確認手順は？,「最終模試と過去問総仕上げ」では目的と時期を分離を軸に、条文・数値・主体の取り違えを比較表で整理してください。 典型誤答は直前＝新規暗記のみ;苦手放置;非公式優先。 過去問では条件文の主語入れ替え肢に注意してください。,「最終模試と過去問総仕上げ」の公式情報はどこで確認しますか？,「最終模試と過去問総仕上げ」では目的と時期を分離を軸に、条文・数値・主体の取り違えを比較表で整理してください。 典型誤答は直前＝新規暗記のみ;苦手放置;非公式優先。 過去問では条件文の主語入れ替え肢に注意してください。
s34-chokuzen-routine,直前1週間と直前1日,契約・実務,学習法;;比較,直前1週間と直前1日を、試験学習で混同しやすい観点で整理します。,観点A;観点B,"[{""axis"": ""目的"", ""cols"": [""学習設計"", ""定着・演習""]}, {""axis"": ""タイミング"", ""cols"": [""中盤以前"", ""中盤〜直前期""]}, {""axis"": ""成果指標"", ""cols"": [""計画達成"", ""得点・正答率""]}, {""axis"": ""見分け方"", ""cols"": [""計画語句"", ""演習語句""]}, {""axis"": ""混同注意"", ""cols"": [""目的の入替"", ""時期の逆転""]}]",直前1週間と直前1日,直前対策・苦手克服・記述対策・合格体験記活用など、学習プロセスの設計差を整理します。数値・日程・合格基準は試験実施団体の公式サイト（www.exam.or.jp 等）の試験要項で必ずご確認ください。,目的と時期を分離;直前は振り返り中心;要項で制度数値確認,直前＝新規暗記のみ;苦手放置;非公式優先,「計画→演習→振り返り→要項確認」。,過去問;模擬試験;復習,「直前1週間と直前1日」の試験での位置づけは？,直前対策・苦手克服・記述対策・合格体験記活用など、学習プロセスの設計差を整理します。数値・日程・合格基準は試験実施団体の公式サイト（www.exam.or.jp 等）の試験要項で必ずご確認ください。 試験では目的と時期を分離を軸に、関連条文・数値・主体の取り違えを照合してください。,「直前1週間と直前1日」でよくある誤答パターンは？,直前＝新規暗記のみ;苦手放置;非公式優先 誤答肢では直前は振り返り中心の主語や条件が入れ替わることが多いので、比較表で整理してください。 過去問で正誤の型を分類し、試験要項で数値・期限を照合してください。,「直前1週間と直前1日」の覚え方・確認手順は？,「直前1週間と直前1日」では目的と時期を分離を軸に、条文・数値・主体の取り違えを比較表で整理してください。 典型誤答は直前＝新規暗記のみ;苦手放置;非公式優先。 過去問では条件文の主語入れ替え肢に注意してください。,「直前1週間と直前1日」の公式情報はどこで確認しますか？,「直前1週間と直前1日」では目的と時期を分離を軸に、条文・数値・主体の取り違えを比較表で整理してください。 典型誤答は直前＝新規暗記のみ;苦手放置;非公式優先。 過去問では条件文の主語入れ替え肢に注意してください。
s34-nigate-drill,苦手ドリルと総復習,契約・実務,学習法;;比較,苦手ドリルと総復習を、試験学習で混同しやすい観点で整理します。,観点A;観点B,"[{""axis"": ""目的"", ""cols"": [""学習設計"", ""定着・演習""]}, {""axis"": ""タイミング"", ""cols"": [""中盤以前"", ""中盤〜直前期""]}, {""axis"": ""成果指標"", ""cols"": [""計画達成"", ""得点・正答率""]}, {""axis"": ""見分け方"", ""cols"": [""計画語句"", ""演習語句""]}, {""axis"": ""混同注意"", ""cols"": [""目的の入替"", ""時期の逆転""]}]",苦手ドリルと総復習,直前対策・苦手克服・記述対策・合格体験記活用など、学習プロセスの設計差を整理します。数値・日程・合格基準は試験実施団体の公式サイト（www.exam.or.jp 等）の試験要項で必ずご確認ください。,目的と時期を分離;直前は振り返り中心;要項で制度数値確認,直前＝新規暗記のみ;苦手放置;非公式優先,「計画→演習→振り返り→要項確認」。,過去問;模擬試験;復習,「苦手ドリルと総復習」の試験での位置づけは？,直前対策・苦手克服・記述対策・合格体験記活用など、学習プロセスの設計差を整理します。数値・日程・合格基準は試験実施団体の公式サイト（www.exam.or.jp 等）の試験要項で必ずご確認ください。 試験では目的と時期を分離を軸に、関連条文・数値・主体の取り違えを照合してください。,「苦手ドリルと総復習」でよくある誤答パターンは？,直前＝新規暗記のみ;苦手放置;非公式優先 誤答肢では直前は振り返り中心の主語や条件が入れ替わることが多いので、比較表で整理してください。 過去問で正誤の型を分類し、試験要項で数値・期限を照合してください。,「苦手ドリルと総復習」の覚え方・確認手順は？,「苦手ドリルと総復習」では目的と時期を分離を軸に、条文・数値・主体の取り違えを比較表で整理してください。 典型誤答は直前＝新規暗記のみ;苦手放置;非公式優先。 過去問では条件文の主語入れ替え肢に注意してください。,「苦手ドリルと総復習」の公式情報はどこで確認しますか？,「苦手ドリルと総復習」では目的と時期を分離を軸に、条文・数値・主体の取り違えを比較表で整理してください。 典型誤答は直前＝新規暗記のみ;苦手放置;非公式優先。 過去問では条件文の主語入れ替え肢に注意してください。
s34-kijutsu-mock,記述模擬と本番形式,契約・実務,学習法;;比較,記述模擬と本番形式を、試験学習で混同しやすい観点で整理します。,観点A;観点B,"[{""axis"": ""目的"", ""cols"": [""学習設計"", ""定着・演習""]}, {""axis"": ""タイミング"", ""cols"": [""中盤以前"", ""中盤〜直前期""]}, {""axis"": ""成果指標"", ""cols"": [""計画達成"", ""得点・正答率""]}, {""axis"": ""見分け方"", ""cols"": [""計画語句"", ""演習語句""]}, {""axis"": ""混同注意"", ""cols"": [""目的の入替"", ""時期の逆転""]}]",記述模擬と本番形式,直前対策・苦手克服・記述対策・合格体験記活用など、学習プロセスの設計差を整理します。数値・日程・合格基準は試験実施団体の公式サイト（www.exam.or.jp 等）の試験要項で必ずご確認ください。,目的と時期を分離;直前は振り返り中心;要項で制度数値確認,直前＝新規暗記のみ;苦手放置;非公式優先,「計画→演習→振り返り→要項確認」。,過去問;模擬試験;復習,「記述模擬と本番形式」の試験での位置づけは？,直前対策・苦手克服・記述対策・合格体験記活用など、学習プロセスの設計差を整理します。数値・日程・合格基準は試験実施団体の公式サイト（www.exam.or.jp 等）の試験要項で必ずご確認ください。 試験では目的と時期を分離を軸に、関連条文・数値・主体の取り違えを照合してください。,「記述模擬と本番形式」でよくある誤答パターンは？,直前＝新規暗記のみ;苦手放置;非公式優先 誤答肢では直前は振り返り中心の主語や条件が入れ替わることが多いので、比較表で整理してください。 過去問で正誤の型を分類し、試験要項で数値・期限を照合してください。,「記述模擬と本番形式」の覚え方・確認手順は？,「記述模擬と本番形式」では目的と時期を分離を軸に、条文・数値・主体の取り違えを比較表で整理してください。 典型誤答は直前＝新規暗記のみ;苦手放置;非公式優先。 過去問では条件文の主語入れ替え肢に注意してください。,「記述模擬と本番形式」の公式情報はどこで確認しますか？,「記述模擬と本番形式」では目的と時期を分離を軸に、条文・数値・主体の取り違えを比較表で整理してください。 典型誤答は直前＝新規暗記のみ;苦手放置;非公式優先。 過去問では条件文の主語入れ替え肢に注意してください。
s34-taiken-filter,体験記の情報選別,設備・その他,学習法;;比較,体験記の情報選別を、試験学習で混同しやすい観点で整理します。,観点A;観点B,"[{""axis"": ""目的"", ""cols"": [""学習設計"", ""定着・演習""]}, {""axis"": ""タイミング"", ""cols"": [""中盤以前"", ""中盤〜直前期""]}, {""axis"": ""成果指標"", ""cols"": [""計画達成"", ""得点・正答率""]}, {""axis"": ""見分け方"", ""cols"": [""計画語句"", ""演習語句""]}, {""axis"": ""混同注意"", ""cols"": [""目的の入替"", ""時期の逆転""]}]",体験記の情報選別,直前対策・苦手克服・記述対策・合格体験記活用など、学習プロセスの設計差を整理します。数値・日程・合格基準は試験実施団体の公式サイト（www.exam.or.jp 等）の試験要項で必ずご確認ください。,目的と時期を分離;直前は振り返り中心;要項で制度数値確認,直前＝新規暗記のみ;苦手放置;非公式優先,「計画→演習→振り返り→要項確認」。,比較表;用語解説;学習記録,「体験記の情報選別」の試験での位置づけは？,直前対策・苦手克服・記述対策・合格体験記活用など、学習プロセスの設計差を整理します。数値・日程・合格基準は試験実施団体の公式サイト（www.exam.or.jp 等）の試験要項で必ずご確認ください。 試験では目的と時期を分離を軸に、関連条文・数値・主体の取り違えを照合してください。,「体験記の情報選別」でよくある誤答パターンは？,直前＝新規暗記のみ;苦手放置;非公式優先 誤答肢では直前は振り返り中心の主語や条件が入れ替わることが多いので、比較表で整理してください。 過去問で正誤の型を分類し、試験要項で数値・期限を照合してください。,「体験記の情報選別」の覚え方・確認手順は？,「体験記の情報選別」では目的と時期を分離を軸に、条文・数値・主体の取り違えを比較表で整理してください。 典型誤答は直前＝新規暗記のみ;苦手放置;非公式優先。 過去問では条件文の主語入れ替え肢に注意してください。,「体験記の情報選別」の公式情報はどこで確認しますか？,「体験記の情報選別」では目的と時期を分離を軸に、条文・数値・主体の取り違えを比較表で整理してください。 典型誤答は直前＝新規暗記のみ;苦手放置;非公式優先。 過去問では条件文の主語入れ替え肢に注意してください。
s34-mental-prep,メンタル準備と学習量,設備・その他,学習法;;比較,メンタル準備と学習量を、試験学習で混同しやすい観点で整理します。,観点A;観点B,"[{""axis"": ""目的"", ""cols"": [""学習設計"", ""定着・演習""]}, {""axis"": ""タイミング"", ""cols"": [""中盤以前"", ""中盤〜直前期""]}, {""axis"": ""成果指標"", ""cols"": [""計画達成"", ""得点・正答率""]}, {""axis"": ""見分け方"", ""cols"": [""計画語句"", ""演習語句""]}, {""axis"": ""混同注意"", ""cols"": [""目的の入替"", ""時期の逆転""]}]",メンタル準備と学習量,直前対策・苦手克服・記述対策・合格体験記活用など、学習プロセスの設計差を整理します。数値・日程・合格基準は試験実施団体の公式サイト（www.exam.or.jp 等）の試験要項で必ずご確認ください。,目的と時期を分離;直前は振り返り中心;要項で制度数値確認,直前＝新規暗記のみ;苦手放置;非公式優先,「計画→演習→振り返り→要項確認」。,比較表;用語解説;学習記録,「メンタル準備と学習量」の試験での位置づけは？,直前対策・苦手克服・記述対策・合格体験記活用など、学習プロセスの設計差を整理します。数値・日程・合格基準は試験実施団体の公式サイト（www.exam.or.jp 等）の試験要項で必ずご確認ください。 試験では目的と時期を分離を軸に、関連条文・数値・主体の取り違えを照合してください。,「メンタル準備と学習量」でよくある誤答パターンは？,直前＝新規暗記のみ;苦手放置;非公式優先 誤答肢では直前は振り返り中心の主語や条件が入れ替わることが多いので、比較表で整理してください。 過去問で正誤の型を分類し、試験要項で数値・期限を照合してください。,「メンタル準備と学習量」の覚え方・確認手順は？,「メンタル準備と学習量」では目的と時期を分離を軸に、条文・数値・主体の取り違えを比較表で整理してください。 典型誤答は直前＝新規暗記のみ;苦手放置;非公式優先。 過去問では条件文の主語入れ替え肢に注意してください。,「メンタル準備と学習量」の公式情報はどこで確認しますか？,「メンタル準備と学習量」では目的と時期を分離を軸に、条文・数値・主体の取り違えを比較表で整理してください。 典型誤答は直前＝新規暗記のみ;苦手放置;非公式優先。 過去問では条件文の主語入れ替え肢に注意してください。
s34-subject-last,科目別直前仕上げ,契約・実務,学習法;;比較,科目別直前仕上げを、試験学習で混同しやすい観点で整理します。,観点A;観点B,"[{""axis"": ""目的"", ""cols"": [""学習設計"", ""定着・演習""]}, {""axis"": ""タイミング"", ""cols"": [""中盤以前"", ""中盤〜直前期""]}, {""axis"": ""成果指標"", ""cols"": [""計画達成"", ""得点・正答率""]}, {""axis"": ""見分け方"", ""cols"": [""計画語句"", ""演習語句""]}, {""axis"": ""混同注意"", ""cols"": [""目的の入替"", ""時期の逆転""]}]",科目別直前仕上げ,直前対策・苦手克服・記述対策・合格体験記活用など、学習プロセスの設計差を整理します。数値・日程・合格基準は試験実施団体の公式サイト（www.exam.or.jp 等）の試験要項で必ずご確認ください。,目的と時期を分離;直前は振り返り中心;要項で制度数値確認,直前＝新規暗記のみ;苦手放置;非公式優先,「計画→演習→振り返り→要項確認」。,過去問;模擬試験;復習,「科目別直前仕上げ」の試験での位置づけは？,直前対策・苦手克服・記述対策・合格体験記活用など、学習プロセスの設計差を整理します。数値・日程・合格基準は試験実施団体の公式サイト（www.exam.or.jp 等）の試験要項で必ずご確認ください。 試験では目的と時期を分離を軸に、関連条文・数値・主体の取り違えを照合してください。,「科目別直前仕上げ」でよくある誤答パターンは？,直前＝新規暗記のみ;苦手放置;非公式優先 誤答肢では直前は振り返り中心の主語や条件が入れ替わることが多いので、比較表で整理してください。 過去問で正誤の型を分類し、試験要項で数値・期限を照合してください。,「科目別直前仕上げ」の覚え方・確認手順は？,「科目別直前仕上げ」では目的と時期を分離を軸に、条文・数値・主体の取り違えを比較表で整理してください。 典型誤答は直前＝新規暗記のみ;苦手放置;非公式優先。 過去問では条件文の主語入れ替え肢に注意してください。,「科目別直前仕上げ」の公式情報はどこで確認しますか？,「科目別直前仕上げ」では目的と時期を分離を軸に、条文・数値・主体の取り違えを比較表で整理してください。 典型誤答は直前＝新規暗記のみ;苦手放置;非公式優先。 過去問では条件文の主語入れ替え肢に注意してください。
s34-official-final,公式情報最終確認,法令・制度,学習法;;比較,公式情報最終確認を、試験学習で混同しやすい観点で整理します。,観点A;観点B,"[{""axis"": ""目的"", ""cols"": [""学習設計"", ""定着・演習""]}, {""axis"": ""タイミング"", ""cols"": [""中盤以前"", ""中盤〜直前期""]}, {""axis"": ""成果指標"", ""cols"": [""計画達成"", ""得点・正答率""]}, {""axis"": ""見分け方"", ""cols"": [""計画語句"", ""演習語句""]}, {""axis"": ""混同注意"", ""cols"": [""目的の入替"", ""時期の逆転""]}]",公式情報最終確認,直前対策・苦手克服・記述対策・合格体験記活用など、学習プロセスの設計差を整理します。数値・日程・合格基準は試験実施団体の公式サイト（www.exam.or.jp 等）の試験要項で必ずご確認ください。,目的と時期を分離;直前は振り返り中心;要項で制度数値確認,直前＝新規暗記のみ;苦手放置;非公式優先,「計画→演習→振り返り→要項確認」。,公式情報;試験要項;合格基準,「公式情報最終確認」の試験での位置づけは？,直前対策・苦手克服・記述対策・合格体験記活用など、学習プロセスの設計差を整理します。数値・日程・合格基準は試験実施団体の公式サイト（www.exam.or.jp 等）の試験要項で必ずご確認ください。 試験では目的と時期を分離を軸に、関連条文・数値・主体の取り違えを照合してください。,「公式情報最終確認」でよくある誤答パターンは？,直前＝新規暗記のみ;苦手放置;非公式優先 誤答肢では直前は振り返り中心の主語や条件が入れ替わることが多いので、比較表で整理してください。 過去問で正誤の型を分類し、試験要項で数値・期限を照合してください。,「公式情報最終確認」の覚え方・確認手順は？,「公式情報最終確認」では目的と時期を分離を軸に、条文・数値・主体の取り違えを比較表で整理してください。 典型誤答は直前＝新規暗記のみ;苦手放置;非公式優先。 過去問では条件文の主語入れ替え肢に注意してください。,「公式情報最終確認」の公式情報はどこで確認しますか？,「公式情報最終確認」では目的と時期を分離を軸に、条文・数値・主体の取り違えを比較表で整理してください。 典型誤答は直前＝新規暗記のみ;苦手放置;非公式優先。 過去問では条件文の主語入れ替え肢に注意してください。
s34-exam-kit,持ち物確認と時間配分,契約・実務,学習法;;比較,持ち物確認と時間配分を、試験学習で混同しやすい観点で整理します。,観点A;観点B,"[{""axis"": ""目的"", ""cols"": [""学習設計"", ""定着・演習""]}, {""axis"": ""タイミング"", ""cols"": [""中盤以前"", ""中盤〜直前期""]}, {""axis"": ""成果指標"", ""cols"": [""計画達成"", ""得点・正答率""]}, {""axis"": ""見分け方"", ""cols"": [""計画語句"", ""演習語句""]}, {""axis"": ""混同注意"", ""cols"": [""目的の入替"", ""時期の逆転""]}]",持ち物確認と時間配分,直前対策・苦手克服・記述対策・合格体験記活用など、学習プロセスの設計差を整理します。数値・日程・合格基準は試験実施団体の公式サイト（www.exam.or.jp 等）の試験要項で必ずご確認ください。,目的と時期を分離;直前は振り返り中心;要項で制度数値確認,直前＝新規暗記のみ;苦手放置;非公式優先,「計画→演習→振り返り→要項確認」。,過去問;模擬試験;復習,「持ち物確認と時間配分」の試験での位置づけは？,直前対策・苦手克服・記述対策・合格体験記活用など、学習プロセスの設計差を整理します。数値・日程・合格基準は試験実施団体の公式サイト（www.exam.or.jp 等）の試験要項で必ずご確認ください。 試験では目的と時期を分離を軸に、関連条文・数値・主体の取り違えを照合してください。,「持ち物確認と時間配分」でよくある誤答パターンは？,直前＝新規暗記のみ;苦手放置;非公式優先 誤答肢では直前は振り返り中心の主語や条件が入れ替わることが多いので、比較表で整理してください。 過去問で正誤の型を分類し、試験要項で数値・期限を照合してください。,「持ち物確認と時間配分」の覚え方・確認手順は？,「持ち物確認と時間配分」では目的と時期を分離を軸に、条文・数値・主体の取り違えを比較表で整理してください。 典型誤答は直前＝新規暗記のみ;苦手放置;非公式優先。 過去問では条件文の主語入れ替え肢に注意してください。,「持ち物確認と時間配分」の公式情報はどこで確認しますか？,「持ち物確認と時間配分」では目的と時期を分離を軸に、条文・数値・主体の取り違えを比較表で整理してください。 典型誤答は直前＝新規暗記のみ;苦手放置;非公式優先。 過去問では条件文の主語入れ替え肢に注意してください。
s34-hub-tabs-final,ハブ4タブ直前活用,設備・その他,学習法;;比較,ハブ4タブ直前活用を、試験学習で混同しやすい観点で整理します。,観点A;観点B,"[{""axis"": ""目的"", ""cols"": [""学習設計"", ""定着・演習""]}, {""axis"": ""タイミング"", ""cols"": [""中盤以前"", ""中盤〜直前期""]}, {""axis"": ""成果指標"", ""cols"": [""計画達成"", ""得点・正答率""]}, {""axis"": ""見分け方"", ""cols"": [""計画語句"", ""演習語句""]}, {""axis"": ""混同注意"", ""cols"": [""目的の入替"", ""時期の逆転""]}]",ハブ4タブ直前活用,直前対策・苦手克服・記述対策・合格体験記活用など、学習プロセスの設計差を整理します。数値・日程・合格基準は試験実施団体の公式サイト（www.exam.or.jp 等）の試験要項で必ずご確認ください。,目的と時期を分離;直前は振り返り中心;要項で制度数値確認,直前＝新規暗記のみ;苦手放置;非公式優先,「計画→演習→振り返り→要項確認」。,比較表;用語解説;学習記録,「ハブ4タブ直前活用」の試験での位置づけは？,直前対策・苦手克服・記述対策・合格体験記活用など、学習プロセスの設計差を整理します。数値・日程・合格基準は試験実施団体の公式サイト（www.exam.or.jp 等）の試験要項で必ずご確認ください。 試験では目的と時期を分離を軸に、関連条文・数値・主体の取り違えを照合してください。,「ハブ4タブ直前活用」でよくある誤答パターンは？,直前＝新規暗記のみ;苦手放置;非公式優先 誤答肢では直前は振り返り中心の主語や条件が入れ替わることが多いので、比較表で整理してください。 過去問で正誤の型を分類し、試験要項で数値・期限を照合してください。,「ハブ4タブ直前活用」の覚え方・確認手順は？,「ハブ4タブ直前活用」では目的と時期を分離を軸に、条文・数値・主体の取り違えを比較表で整理してください。 典型誤答は直前＝新規暗記のみ;苦手放置;非公式優先。 過去問では条件文の主語入れ替え肢に注意してください。,「ハブ4タブ直前活用」の公式情報はどこで確認しますか？,「ハブ4タブ直前活用」では目的と時期を分離を軸に、条文・数値・主体の取り違えを比較表で整理してください。 典型誤答は直前＝新規暗記のみ;苦手放置;非公式優先。 過去問では条件文の主語入れ替え肢に注意してください。
s34-rest-active,休息と軽い復習,設備・その他,学習法;;比較,休息と軽い復習を、試験学習で混同しやすい観点で整理します。,観点A;観点B,"[{""axis"": ""目的"", ""cols"": [""学習設計"", ""定着・演習""]}, {""axis"": ""タイミング"", ""cols"": [""中盤以前"", ""中盤〜直前期""]}, {""axis"": ""成果指標"", ""cols"": [""計画達成"", ""得点・正答率""]}, {""axis"": ""見分け方"", ""cols"": [""計画語句"", ""演習語句""]}, {""axis"": ""混同注意"", ""cols"": [""目的の入替"", ""時期の逆転""]}]",休息と軽い復習,直前対策・苦手克服・記述対策・合格体験記活用など、学習プロセスの設計差を整理します。数値・日程・合格基準は試験実施団体の公式サイト（www.exam.or.jp 等）の試験要項で必ずご確認ください。,目的と時期を分離;直前は振り返り中心;要項で制度数値確認,直前＝新規暗記のみ;苦手放置;非公式優先,「計画→演習→振り返り→要項確認」。,比較表;用語解説;学習記録,「休息と軽い復習」の試験での位置づけは？,直前対策・苦手克服・記述対策・合格体験記活用など、学習プロセスの設計差を整理します。数値・日程・合格基準は試験実施団体の公式サイト（www.exam.or.jp 等）の試験要項で必ずご確認ください。 試験では目的と時期を分離を軸に、関連条文・数値・主体の取り違えを照合してください。,「休息と軽い復習」でよくある誤答パターンは？,直前＝新規暗記のみ;苦手放置;非公式優先 誤答肢では直前は振り返り中心の主語や条件が入れ替わることが多いので、比較表で整理してください。 過去問で正誤の型を分類し、試験要項で数値・期限を照合してください。,「休息と軽い復習」の覚え方・確認手順は？,「休息と軽い復習」では目的と時期を分離を軸に、条文・数値・主体の取り違えを比較表で整理してください。 典型誤答は直前＝新規暗記のみ;苦手放置;非公式優先。 過去問では条件文の主語入れ替え肢に注意してください。,「休息と軽い復習」の公式情報はどこで確認しますか？,「休息と軽い復習」では目的と時期を分離を軸に、条文・数値・主体の取り違えを比較表で整理してください。 典型誤答は直前＝新規暗記のみ;苦手放置;非公式優先。 過去問では条件文の主語入れ替え肢に注意してください。
s35-gakushu-cmp,学習法の比較整理（基礎整理）,契約・実務,学習法;;比較,「学習法の手順」と「過去問」（基礎整理）について、目的・主体・手続・数値・試験論点の5軸で違いを比較します。,学習法の手順（定義・目的）;過去問（主体・対象）,"[{""axis"": ""目的（定義・目的）"", ""cols"": [""学習法の比較の目的"", ""模擬試験の目的""]}, {""axis"": ""主体（定義・目的）"", ""cols"": [""学習法の比較の義務者"", ""模擬試験の義務者""]}, {""axis"": ""対象（定義・目的）"", ""cols"": [""学習法の比較の適用範囲"", ""模擬試験の適用範囲""]}, {""axis"": ""手続（定義・目的）"", ""cols"": [""学習法の比較の手続"", ""模擬試験の手続""]}, {""axis"": ""試験（定義・目的）"", ""cols"": [""学習法の比較の頻出論点"", ""模擬試験との混同点""]}]",学習法の比較,学習法は用語の定義と義務主体を先に固定し、比較表で整理してください。,用語の境界を表で整理;類似語の入替肢に注意;学習法の定義と主体を固定,観点Aと類似制度を混同;手順を省略したまま正解と判断;記録・報告義務を見落とす,「学習法＝定義→主体→対象」,過去問;模擬試験;復習,「学習法」と「模擬試験」の違いは何ですか？,学習法（基礎整理）では、比較表の5軸（目的・主体・手続・数値・試験論点）で学習法と模擬試験を並べ、主語と条件文の差を確認してください。 試験では用語の境界を表で整理をセットで確認してください。 誤答では観点Aと類似制度を混同に注意してください。,「学習法」の比較表の使い方は？,学習法は用語の定義と義務主体を先に固定し、比較表で整理してください。 過去問で入れ替わった肢は、表のどの行が逆転したかをメモしてください。 試験では用語の境界を表で整理をセットで確認してください。 誤答では観点Aと類似制度を混同に注意してください。,「学習法」で試験に出やすい混同は？,観点Aと類似制度を混同;手順を省略したまま正解と判断;記録・報告義務を見落とす 名称だけで判断せず、学習法と模擬試験それぞれの義務主体を条文で確認してください。 試験では用語の境界を表で整理をセットで確認してください。,「学習法」の直前復習（基礎整理）は？,比較表を見ずに学習法と模擬試験の違いを口述し、 誤答した設問は逆転した軸（主体・手順・数値）をタグ付けして再演習してください。 試験では用語の境界を表で整理をセットで確認してください。 誤答では観点Aと類似制度を混同に注意してください。
s35-kakomon-diff,過去問の比較整理（基礎整理）,契約・実務,学習法;;比較,「過去問の違い」と「復習」（基礎整理）について、目的・主体・手続・数値・試験論点の5軸で違いを比較します。,過去問の違い（定義・目的）;復習（主体・対象）,"[{""axis"": ""目的（定義・目的）"", ""cols"": [""過去問の違いの目的"", ""復習の目的""]}, {""axis"": ""主体（定義・目的）"", ""cols"": [""過去問の違いの義務者"", ""復習の義務者""]}, {""axis"": ""対象（定義・目的）"", ""cols"": [""過去問の違いの適用範囲"", ""復習の適用範囲""]}, {""axis"": ""手続（定義・目的）"", ""cols"": [""過去問の違いの手続"", ""復習の手続""]}, {""axis"": ""試験（定義・目的）"", ""cols"": [""過去問の違いの頻出論点"", ""復習との混同点""]}]",過去問の違い,過去問は用語の定義と義務主体を先に固定し、比較表で整理してください。,類似語の入替肢に注意;過去問の定義と主体を固定;用語の境界を表で整理,過去問の主体を固定せずに暗記;観点Aと類似制度を混同;手順を省略したまま正解と判断,「過去問＝定義→主体→対象」,過去問;模擬試験;復習,「過去問」と「復習」の違いは何ですか？,過去問（基礎整理）では、比較表の5軸（目的・主体・手続・数値・試験論点）で過去問と復習を並べ、主語と条件文の差を確認してください。 試験では類似語の入替肢に注意をセットで確認してください。 誤答では過去問の主体を固定せずに暗記に注意してください。,「過去問」の比較表の使い方は？,過去問は用語の定義と義務主体を先に固定し、比較表で整理してください。 過去問で入れ替わった肢は、表のどの行が逆転したかをメモしてください。 試験では類似語の入替肢に注意をセットで確認してください。 誤答では過去問の主体を固定せずに暗記に注意してください。,「過去問」で試験に出やすい混同は？,過去問の主体を固定せずに暗記;観点Aと類似制度を混同;手順を省略したまま正解と判断 名称だけで判断せず、過去問と復習それぞれの義務主体を条文で確認してください。 試験では類似語の入替肢に注意をセットで確認してください。,「過去問」の直前復習（基礎整理）は？,比較表を見ずに過去問と復習の違いを口述し、 誤答した設問は逆転した軸（主体・手順・数値）をタグ付けして再演習してください。 試験では類似語の入替肢に注意をセットで確認してください。 誤答では過去問の主体を固定せずに暗記に注意してください。
s36-moshi-cmp,模試の比較整理（実務連動）,契約・実務,学習法;;比較,「模試」と「過去問」（実務連動）について、目的・主体・手続・数値・試験論点の5軸で違いを比較します。,模試（実施手順）;過去問（記録・報告）,"[{""axis"": ""フロー（実施手順）"", ""cols"": [""模試の比較の実施順"", ""模擬試験の実施順""]}, {""axis"": ""記録（実施手順）"", ""cols"": [""模試の比較の記録"", ""模擬試験の記録""]}, {""axis"": ""連携（実施手順）"", ""cols"": [""模試の比較の関係者"", ""模擬試験の関係者""]}, {""axis"": ""異常時（実施手順）"", ""cols"": [""模試の比較の対応"", ""模擬試験の対応""]}, {""axis"": ""試験（実施手順）"", ""cols"": [""実務→試験の変換"", ""手順省略肢""]}]",模試の比較,模試は職場フロー（事前確認→実施→記録→報告）に沿って復習すると定着します。,記録・報告まで一体確認;担当者分担を明確化;模試の実施フローを順序固定,観点Aと類似制度を混同;手順を省略したまま正解と判断;記録・報告義務を見落とす,「模試＝確認→実施→記録」,過去問;模擬試験;復習,「模試」と「模擬試験」の違いは何ですか？,模試（実務連動）では、比較表の5軸（目的・主体・手続・数値・試験論点）で模試と模擬試験を並べ、主語と条件文の差を確認してください。 試験では記録・報告まで一体確認をセットで確認してください。 誤答では観点Aと類似制度を混同に注意してください。,「模試」の比較表の使い方は？,模試は職場フロー（事前確認→実施→記録→報告）に沿って復習すると定着します。 過去問で入れ替わった肢は、表のどの行が逆転したかをメモしてください。 試験では記録・報告まで一体確認をセットで確認してください。,「模試」で試験に出やすい混同は？,観点Aと類似制度を混同;手順を省略したまま正解と判断;記録・報告義務を見落とす 名称だけで判断せず、模試と模擬試験それぞれの義務主体を条文で確認してください。 試験では記録・報告まで一体確認をセットで確認してください。,「模試」の直前復習（実務連動）は？,比較表を見ずに模試と模擬試験の違いを口述し、 誤答した設問は逆転した軸（主体・手順・数値）をタグ付けして再演習してください。 試験では記録・報告まで一体確認をセットで確認してください。 誤答では観点Aと類似制度を混同に注意してください。
s36-chokuzen-diff,直前の比較整理（実務連動）,契約・実務,学習法;;比較,「直前」と「復習」（実務連動）について、目的・主体・手続・数値・試験論点の5軸で違いを比較します。,直前（実施手順）;復習（記録・報告）,"[{""axis"": ""フロー（実施手順）"", ""cols"": [""直前の違いの実施順"", ""模擬試験の実施順""]}, {""axis"": ""記録（実施手順）"", ""cols"": [""直前の違いの記録"", ""模擬試験の記録""]}, {""axis"": ""連携（実施手順）"", ""cols"": [""直前の違いの関係者"", ""模擬試験の関係者""]}, {""axis"": ""異常時（実施手順）"", ""cols"": [""直前の違いの対応"", ""模擬試験の対応""]}, {""axis"": ""試験（実施手順）"", ""cols"": [""実務→試験の変換"", ""手順省略肢""]}]",直前の違い,直前は職場フロー（事前確認→実施→記録→報告）に沿って復習すると定着します。,記録・報告まで一体確認;担当者分担を明確化;直前の実施フローを順序固定,旧要項・旧数値をそのまま適用;直前の主体を固定せずに暗記;観点Aと類似制度を混同,「直前＝確認→実施→記録」,過去問;模擬試験;復習,「直前」と「模擬試験」の違いは何ですか？,直前（実務連動）では、比較表の5軸（目的・主体・手続・数値・試験論点）で直前と模擬試験を並べ、主語と条件文の差を確認してください。 試験では記録・報告まで一体確認をセットで確認してください。 誤答では旧要項・旧数値をそのまま適用に注意してください。,「直前」の比較表の使い方は？,直前は職場フロー（事前確認→実施→記録→報告）に沿って復習すると定着します。 過去問で入れ替わった肢は、表のどの行が逆転したかをメモしてください。 試験では記録・報告まで一体確認をセットで確認してください。,「直前」で試験に出やすい混同は？,旧要項・旧数値をそのまま適用;直前の主体を固定せずに暗記;観点Aと類似制度を混同 名称だけで判断せず、直前と模擬試験それぞれの義務主体を条文で確認してください。 試験では記録・報告まで一体確認をセットで確認してください。,「直前」の直前復習（実務連動）は？,比較表を見ずに直前と模擬試験の違いを口述し、 誤答した設問は逆転した軸（主体・手順・数値）をタグ付けして再演習してください。 試験では記録・報告まで一体確認をセットで確認してください。 誤答では旧要項・旧数値をそのまま適用に注意してください。
s37-kamoku-cmp,科目配分の比較整理（試験頻出）,法令・制度,学習法;;比較,「科目配分」と「公式情報」（試験頻出）について、目的・主体・手続・数値・試験論点の5軸で違いを比較します。,科目配分（頻出論点）;公式情報（逆転肢）,"[{""axis"": ""論点（頻出論点）"", ""cols"": [""科目配分の比較の条文"", ""試験要項の条文""]}, {""axis"": ""数値（頻出論点）"", ""cols"": [""科目配分の比較の数値"", ""試験要項の数値""]}, {""axis"": ""条件（頻出論点）"", ""cols"": [""科目配分の比較の要件"", ""試験要項の要件""]}, {""axis"": ""逆転（頻出論点）"", ""cols"": [""科目配分の比較の正答型"", ""逆転肢の例""]}, {""axis"": ""混同（頻出論点）"", ""cols"": [""科目配分の比較と試験要項の境界"", ""名称だけの判断""]}]",科目配分の比較,科目配分は過去問の逆転肢・数値混同を型別に分類し、条件文を最後まで読んでください。,条件文の主語を下線;数値+条件のセット暗記;科目配分の逆転肢パターンを分類,旧要項・旧数値をそのまま適用;科目配分の主体を固定せずに暗記;観点Aと類似制度を混同,「科目配分＝主語→条件→数値」,公式情報;試験要項;合格基準,「科目配分」と「試験要項」の違いは何ですか？,科目配分（試験頻出）では、比較表の5軸（目的・主体・手続・数値・試験論点）で科目配分と試験要項を並べ、主語と条件文の差を確認してください。 試験では条件文の主語を下線をセットで確認してください。 誤答では旧要項・旧数値をそのまま適用に注意してください。,「科目配分」の比較表の使い方は？,科目配分は過去問の逆転肢・数値混同を型別に分類し、条件文を最後まで読んでください。 過去問で入れ替わった肢は、表のどの行が逆転したかをメモしてください。 試験では条件文の主語を下線をセットで確認してください。,「科目配分」で試験に出やすい混同は？,旧要項・旧数値をそのまま適用;科目配分の主体を固定せずに暗記;観点Aと類似制度を混同 名称だけで判断せず、科目配分と試験要項それぞれの義務主体を条文で確認してください。 試験では条件文の主語を下線をセットで確認してください。,「科目配分」の直前復習（試験頻出）は？,比較表を見ずに科目配分と試験要項の違いを口述し、 誤答した設問は逆転した軸（主体・手順・数値）をタグ付けして再演習してください。 試験では条件文の主語を下線をセットで確認してください。 誤答では旧要項・旧数値をそのまま適用に注意してください。
s37-anki-diff,暗記の比較整理（試験頻出）,設備・その他,学習法;;比較,「暗記」と「学習記録」（試験頻出）について、目的・主体・手続・数値・試験論点の5軸で違いを比較します。,暗記（頻出論点）;学習記録（逆転肢）,"[{""axis"": ""論点（頻出論点）"", ""cols"": [""暗記の条文"", ""学習記録の条文""]}, {""axis"": ""数値（頻出論点）"", ""cols"": [""暗記の数値"", ""学習記録の数値""]}, {""axis"": ""条件（頻出論点）"", ""cols"": [""暗記の要件"", ""学習記録の要件""]}, {""axis"": ""逆転（頻出論点）"", ""cols"": [""暗記の正答型"", ""逆転肢の例""]}, {""axis"": ""混同（頻出論点）"", ""cols"": [""暗記と学習記録の境界"", ""名称だけの判断""]}]",暗記の違い,暗記は過去問の逆転肢・数値混同を型別に分類し、条件文を最後まで読んでください。,数値+条件のセット暗記;暗記の逆転肢パターンを分類;条件文の主語を下線,旧要項・旧数値をそのまま適用;暗記の主体を固定せずに暗記;観点Aと類似制度を混同,「暗記＝主語→条件→数値」,比較表;用語解説;学習記録,「暗記」と「学習記録」の違いは何ですか？,暗記（試験頻出）では、比較表の5軸（目的・主体・手続・数値・試験論点）で暗記と学習記録を並べ、主語と条件文の差を確認してください。 試験では数値+条件のセット暗記をセットで確認してください。 誤答では旧要項・旧数値をそのまま適用に注意してください。,「暗記」の比較表の使い方は？,暗記は過去問の逆転肢・数値混同を型別に分類し、条件文を最後まで読んでください。 過去問で入れ替わった肢は、表のどの行が逆転したかをメモしてください。 試験では数値+条件のセット暗記をセットで確認してください。,「暗記」で試験に出やすい混同は？,旧要項・旧数値をそのまま適用;暗記の主体を固定せずに暗記;観点Aと類似制度を混同 名称だけで判断せず、暗記と学習記録それぞれの義務主体を条文で確認してください。 試験では数値+条件のセット暗記をセットで確認してください。,「暗記」の直前復習（試験頻出）は？,比較表を見ずに暗記と学習記録の違いを口述し、 誤答した設問は逆転した軸（主体・手順・数値）をタグ付けして再演習してください。 試験では数値+条件のセット暗記をセットで確認してください。 誤答では旧要項・旧数値をそのまま適用に注意してください。
s38-fukushu-cmp,復習の比較整理（判例・ガイド）,契約・実務,学習法;;比較,「復習の比較」と「過去問」（判例・ガイド）について、目的・主体・手続・数値・試験論点の5軸で違いを比較します。,復習の比較（法令根拠）;過去問（ガイド・通知）,"[{""axis"": ""根拠（法令根拠）"", ""cols"": [""復習の比較の法令"", ""過去問の法令""]}, {""axis"": ""ガイド（法令根拠）"", ""cols"": [""復習の比較の指針"", ""過去問の指針""]}, {""axis"": ""運用（法令根拠）"", ""cols"": [""復習の比較の実務解釈"", ""過去問の実務解釈""]}, {""axis"": ""更新（法令根拠）"", ""cols"": [""復習の比較の改定点"", ""過去問の改定点""]}, {""axis"": ""試験（法令根拠）"", ""cols"": [""条文×ガイド"", ""旧通知の流用""]}]",復習の比較,復習は法令条文とガイドライン・通知の対応表を作成し、優先関係を確認してください。,優先順位を表で整理;復習のガイドと条文の対応;通知・通達の位置づけ確認,記録・報告義務を見落とす;旧要項・旧数値をそのまま適用;復習の主体を固定せずに暗記,「復習＝条文→ガイド→事例」,過去問;模擬試験;復習,「復習」と「過去問」の違いは何ですか？,復習（判例・ガイド）では、比較表の5軸（目的・主体・手続・数値・試験論点）で復習と過去問を並べ、主語と条件文の差を確認してください。 試験では優先順位を表で整理をセットで確認してください。 誤答では記録・報告義務を見落とすに注意してください。,「復習」の比較表の使い方は？,復習は法令条文とガイドライン・通知の対応表を作成し、優先関係を確認してください。 過去問で入れ替わった肢は、表のどの行が逆転したかをメモしてください。 試験では優先順位を表で整理をセットで確認してください。,「復習」で試験に出やすい混同は？,記録・報告義務を見落とす;旧要項・旧数値をそのまま適用;復習の主体を固定せずに暗記 名称だけで判断せず、復習と過去問それぞれの義務主体を条文で確認してください。 試験では優先順位を表で整理をセットで確認してください。,「復習」の直前復習（判例・ガイド）は？,比較表を見ずに復習と過去問の違いを口述し、 誤答した設問は逆転した軸（主体・手順・数値）をタグ付けして再演習してください。 試験では優先順位を表で整理をセットで確認してください。 誤答では記録・報告義務を見落とすに注意してください。
s38-hub-diff,ハブ活用の比較整理（判例・ガイド）,設備・その他,学習法;;比較,「ハブ活用」と「比較表」（判例・ガイド）について、目的・主体・手続・数値・試験論点の5軸で違いを比較します。,ハブ活用（法令根拠）;比較表（ガイド・通知）,"[{""axis"": ""根拠（法令根拠）"", ""cols"": [""ハブ活用の違いの法令"", ""学習記録の法令""]}, {""axis"": ""ガイド（法令根拠）"", ""cols"": [""ハブ活用の違いの指針"", ""学習記録の指針""]}, {""axis"": ""運用（法令根拠）"", ""cols"": [""ハブ活用の違いの実務解釈"", ""学習記録の実務解釈""]}, {""axis"": ""更新（法令根拠）"", ""cols"": [""ハブ活用の違いの改定点"", ""学習記録の改定点""]}, {""axis"": ""試験（法令根拠）"", ""cols"": [""条文×ガイド"", ""旧通知の流用""]}]",ハブ活用の違い,ハブ活用は法令条文とガイドライン・通知の対応表を作成し、優先関係を確認してください。,優先順位を表で整理;ハブ活用のガイドと条文の対応;通知・通達の位置づけ確認,手順を省略したまま正解と判断;記録・報告義務を見落とす;旧要項・旧数値をそのまま適用,「ハブ活用＝条文→ガイド→事例」,比較表;用語解説;学習記録,「ハブ活用」と「学習記録」の違いは何ですか？,ハブ活用（判例・ガイド）では、比較表の5軸（目的・主体・手続・数値・試験論点）でハブ活用と学習記録を並べ、主語と条件文の差を確認してください。 試験では優先順位を表で整理をセットで確認してください。 誤答では手順を省略したまま正解と判断に注意してください。,「ハブ活用」の比較表の使い方は？,ハブ活用は法令条文とガイドライン・通知の対応表を作成し、優先関係を確認してください。 過去問で入れ替わった肢は、表のどの行が逆転したかをメモしてください。 試験では優先順位を表で整理をセットで確認してください。,「ハブ活用」で試験に出やすい混同は？,手順を省略したまま正解と判断;記録・報告義務を見落とす;旧要項・旧数値をそのまま適用 名称だけで判断せず、ハブ活用と学習記録それぞれの義務主体を条文で確認してください。 試験では優先順位を表で整理をセットで確認してください。,「ハブ活用」の直前復習（判例・ガイド）は？,比較表を見ずにハブ活用と学習記録の違いを口述し、 誤答した設問は逆転した軸（主体・手順・数値）をタグ付けして再演習してください。 試験では優先順位を表で整理をセットで確認してください。 誤答では手順を省略したまま正解と判断に注意してください。
s39-keikaku-cmp,計画の比較整理（横断総合）,法令・制度,学習法;;比較,「計画」と「試験要項」（横断総合）について、目的・主体・手続・数値・試験論点の5軸で違いを比較します。,計画（制度位置づけ）;試験要項（類似制度との違い）,"[{""axis"": ""制度（制度位置づけ）"", ""cols"": [""計画の比較の位置づけ"", ""公式情報の位置づけ""]}, {""axis"": ""関係（制度位置づけ）"", ""cols"": [""計画の比較との連携"", ""公式情報との連携""]}, {""axis"": ""リスク（制度位置づけ）"", ""cols"": [""計画の比較の違反リスク"", ""公式情報の違反リスク""]}, {""axis"": ""総合（制度位置づけ）"", ""cols"": [""横断マップ上の計画の比較"", ""横断マップ上の公式情報""]}, {""axis"": ""直前（制度位置づけ）"", ""cols"": [""弱点チェック"", ""同型誤答の再確認""]}]",計画の比較,計画は関連制度との違いを横断マップにまとめ、直前総仕上げに使ってください。,計画と関連制度の違い;横断マップで弱点可視化;直前は誤答型の反復,手順を省略したまま正解と判断;記録・報告義務を見落とす;旧要項・旧数値をそのまま適用,「計画＝関連制度と境界線」,公式情報;試験要項;合格基準,「計画」と「公式情報」の違いは何ですか？,計画（横断総合）では、比較表の5軸（目的・主体・手続・数値・試験論点）で計画と公式情報を並べ、主語と条件文の差を確認してください。 試験では計画と関連制度の違いをセットで確認してください。 誤答では手順を省略したまま正解と判断に注意してください。,「計画」の比較表の使い方は？,計画は関連制度との違いを横断マップにまとめ、直前総仕上げに使ってください。 過去問で入れ替わった肢は、表のどの行が逆転したかをメモしてください。 試験では計画と関連制度の違いをセットで確認してください。,「計画」で試験に出やすい混同は？,手順を省略したまま正解と判断;記録・報告義務を見落とす;旧要項・旧数値をそのまま適用 名称だけで判断せず、計画と公式情報それぞれの義務主体を条文で確認してください。 試験では計画と関連制度の違いをセットで確認してください。,「計画」の直前復習（横断総合）は？,比較表を見ずに計画と公式情報の違いを口述し、 誤答した設問は逆転した軸（主体・手順・数値）をタグ付けして再演習してください。 試験では計画と関連制度の違いをセットで確認してください。 誤答では手順を省略したまま正解と判断に注意してください。
s39-goukaku-diff,合格の比較整理（横断総合）,法令・制度,学習法;;比較,「合格」と「合格基準」（横断総合）について、目的・主体・手続・数値・試験論点の5軸で違いを比較します。,合格（制度位置づけ）;合格基準（類似制度との違い）,"[{""axis"": ""制度（制度位置づけ）"", ""cols"": [""合格の位置づけ"", ""合格基準の位置づけ""]}, {""axis"": ""関係（制度位置づけ）"", ""cols"": [""合格との連携"", ""合格基準との連携""]}, {""axis"": ""リスク（制度位置づけ）"", ""cols"": [""合格の違反リスク"", ""合格基準の違反リスク""]}, {""axis"": ""総合（制度位置づけ）"", ""cols"": [""横断マップ上の合格"", ""横断マップ上の合格基準""]}, {""axis"": ""直前（制度位置づけ）"", ""cols"": [""弱点チェック"", ""同型誤答の再確認""]}]",合格の違い,合格は関連制度との違いを横断マップにまとめ、直前総仕上げに使ってください。,直前は誤答型の反復;合格と関連制度の違い;横断マップで弱点可視化,旧要項・旧数値をそのまま適用;合格の主体を固定せずに暗記;観点Aと類似制度を混同,「合格＝関連制度と境界線」,公式情報;試験要項;合格基準,「合格」と「合格基準」の違いは何ですか？,合格（横断総合）では、比較表の5軸（目的・主体・手続・数値・試験論点）で合格と合格基準を並べ、主語と条件文の差を確認してください。 試験では直前は誤答型の反復をセットで確認してください。 誤答では旧要項・旧数値をそのまま適用に注意してください。,「合格」の比較表の使い方は？,合格は関連制度との違いを横断マップにまとめ、直前総仕上げに使ってください。 過去問で入れ替わった肢は、表のどの行が逆転したかをメモしてください。 試験では直前は誤答型の反復をセットで確認してください。,「合格」で試験に出やすい混同は？,旧要項・旧数値をそのまま適用;合格の主体を固定せずに暗記;観点Aと類似制度を混同 名称だけで判断せず、合格と合格基準それぞれの義務主体を条文で確認してください。 試験では直前は誤答型の反復をセットで確認してください。,「合格」の直前復習（横断総合）は？,比較表を見ずに合格と合格基準の違いを口述し、 誤答した設問は逆転した軸（主体・手順・数値）をタグ付けして再演習してください。 試験では直前は誤答型の反復をセットで確認してください。 誤答では旧要項・旧数値をそのまま適用に注意してください。
s40-jakuten-cmp,弱点克服の比較整理（基礎整理）,契約・実務,学習法;;比較,「弱点克服」と「模擬試験」（基礎整理）について、目的・主体・手続・数値・試験論点の5軸で違いを比較します。,弱点克服（定義・目的）;模擬試験（主体・対象）,"[{""axis"": ""目的（定義・目的）"", ""cols"": [""弱点克服の比較の目的"", ""復習の目的""]}, {""axis"": ""主体（定義・目的）"", ""cols"": [""弱点克服の比較の義務者"", ""復習の義務者""]}, {""axis"": ""対象（定義・目的）"", ""cols"": [""弱点克服の比較の適用範囲"", ""復習の適用範囲""]}, {""axis"": ""手続（定義・目的）"", ""cols"": [""弱点克服の比較の手続"", ""復習の手続""]}, {""axis"": ""試験（定義・目的）"", ""cols"": [""弱点克服の比較の頻出論点"", ""復習との混同点""]}]",弱点克服の比較,弱点克服は用語の定義と義務主体を先に固定し、比較表で整理してください。,類似語の入替肢に注意;弱点克服の定義と主体を固定;用語の境界を表で整理,記録・報告義務を見落とす;旧要項・旧数値をそのまま適用;弱点克服の主体を固定せずに暗記,「弱点克服＝定義→主体→対象」,過去問;模擬試験;復習,「弱点克服」と「復習」の違いは何ですか？,弱点克服（基礎整理）では、比較表の5軸（目的・主体・手続・数値・試験論点）で弱点克服と復習を並べ、主語と条件文の差を確認してください。 試験では類似語の入替肢に注意をセットで確認してください。 誤答では記録・報告義務を見落とすに注意してください。,「弱点克服」の比較表の使い方は？,弱点克服は用語の定義と義務主体を先に固定し、比較表で整理してください。 過去問で入れ替わった肢は、表のどの行が逆転したかをメモしてください。 試験では類似語の入替肢に注意をセットで確認してください。 誤答では記録・報告義務を見落とすに注意してください。,「弱点克服」で試験に出やすい混同は？,記録・報告義務を見落とす;旧要項・旧数値をそのまま適用;弱点克服の主体を固定せずに暗記 名称だけで判断せず、弱点克服と復習それぞれの義務主体を条文で確認してください。 試験では類似語の入替肢に注意をセットで確認してください。,「弱点克服」の直前復習（基礎整理）は？,比較表を見ずに弱点克服と復習の違いを口述し、 誤答した設問は逆転した軸（主体・手順・数値）をタグ付けして再演習してください。 試験では類似語の入替肢に注意をセットで確認してください。 誤答では記録・報告義務を見落とすに注意してください。
s40-jikan-kanri-diff,時間管理の比較整理（基礎整理）,契約・実務,学習法;;比較,「時間管理の要点」と「復習」（基礎整理）について、目的・主体・手続・数値・試験論点の5軸で違いを比較します。,時間管理の要点（定義・目的）;復習（主体・対象）,"[{""axis"": ""目的（定義・目的）"", ""cols"": [""時間管理の違いの目的"", ""過去問の目的""]}, {""axis"": ""主体（定義・目的）"", ""cols"": [""時間管理の違いの義務者"", ""過去問の義務者""]}, {""axis"": ""対象（定義・目的）"", ""cols"": [""時間管理の違いの適用範囲"", ""過去問の適用範囲""]}, {""axis"": ""手続（定義・目的）"", ""cols"": [""時間管理の違いの手続"", ""過去問の手続""]}, {""axis"": ""試験（定義・目的）"", ""cols"": [""時間管理の違いの頻出論点"", ""過去問との混同点""]}]",時間管理の違い,時間管理は用語の定義と義務主体を先に固定し、比較表で整理してください。,時間管理の定義と主体を固定;用語の境界を表で整理;類似語の入替肢に注意,記録・報告義務を見落とす;旧要項・旧数値をそのまま適用;時間管理の主体を固定せずに暗記,「時間管理＝定義→主体→対象」,過去問;模擬試験;復習,「時間管理」と「過去問」の違いは何ですか？,時間管理（基礎整理）では、比較表の5軸（目的・主体・手続・数値・試験論点）で時間管理と過去問を並べ、主語と条件文の差を確認してください。 試験では時間管理の定義と主体を固定をセットで確認してください。,「時間管理」の比較表の使い方は？,時間管理は用語の定義と義務主体を先に固定し、比較表で整理してください。 過去問で入れ替わった肢は、表のどの行が逆転したかをメモしてください。 試験では時間管理の定義と主体を固定をセットで確認してください。,「時間管理」で試験に出やすい混同は？,記録・報告義務を見落とす;旧要項・旧数値をそのまま適用;時間管理の主体を固定せずに暗記 名称だけで判断せず、時間管理と過去問それぞれの義務主体を条文で確認してください。 試験では時間管理の定義と主体を固定をセットで確認してください。,「時間管理」の直前復習（基礎整理）は？,比較表を見ずに時間管理と過去問の違いを口述し、 誤答した設問は逆転した軸（主体・手順・数値）をタグ付けして再演習してください。 試験では時間管理の定義と主体を固定をセットで確認してください。 誤答では記録・報告義務を見落とすに注意してください。
s41-kijutsu-cmp,記述対策の比較整理（実務連動）,契約・実務,学習法;;比較,「記述対策の整理」と「過去問」（実務連動）について、目的・主体・手続・数値・試験論点の5軸で違いを比較します。,記述対策の整理（実施手順）;過去問（記録・報告）,"[{""axis"": ""フロー（実施手順）"", ""cols"": [""記述対策の比較の実施順"", ""模擬試験の実施順""]}, {""axis"": ""記録（実施手順）"", ""cols"": [""記述対策の比較の記録"", ""模擬試験の記録""]}, {""axis"": ""連携（実施手順）"", ""cols"": [""記述対策の比較の関係者"", ""模擬試験の関係者""]}, {""axis"": ""異常時（実施手順）"", ""cols"": [""記述対策の比較の対応"", ""模擬試験の対応""]}, {""axis"": ""試験（実施手順）"", ""cols"": [""実務→試験の変換"", ""手順省略肢""]}]",記述対策の比較,記述対策は職場フロー（事前確認→実施→記録→報告）に沿って復習すると定着します。,記録・報告まで一体確認;担当者分担を明確化;記述対策の実施フローを順序固定,記述対策の主体を固定せずに暗記;観点Aと類似制度を混同;手順を省略したまま正解と判断,「記述対策＝確認→実施→記録」,過去問;模擬試験;復習,「記述対策」と「模擬試験」の違いは何ですか？,記述対策（実務連動）では、比較表の5軸（目的・主体・手続・数値・試験論点）で記述対策と模擬試験を並べ、主語と条件文の差を確認してください。 試験では記録・報告まで一体確認をセットで確認してください。 誤答では記述対策の主体を固定せずに暗記に注意してください。,「記述対策」の比較表の使い方は？,記述対策は職場フロー（事前確認→実施→記録→報告）に沿って復習すると定着します。 過去問で入れ替わった肢は、表のどの行が逆転したかをメモしてください。 試験では記録・報告まで一体確認をセットで確認してください。,「記述対策」で試験に出やすい混同は？,記述対策の主体を固定せずに暗記;観点Aと類似制度を混同;手順を省略したまま正解と判断 名称だけで判断せず、記述対策と模擬試験それぞれの義務主体を条文で確認してください。 試験では記録・報告まで一体確認をセットで確認してください。,「記述対策」の直前復習（実務連動）は？,比較表を見ずに記述対策と模擬試験の違いを口述し、 誤答した設問は逆転した軸（主体・手順・数値）をタグ付けして再演習してください。 試験では記録・報告まで一体確認をセットで確認してください。 誤答では記述対策の主体を固定せずに暗記に注意してください。
s41-hanpuku-diff,反復学習の比較整理（実務連動）,契約・実務,学習法;;比較,「反復学習」と「復習」（実務連動）について、目的・主体・手続・数値・試験論点の5軸で違いを比較します。,反復学習（実施手順）;復習（記録・報告）,"[{""axis"": ""フロー（実施手順）"", ""cols"": [""反復学習の実施順"", ""復習の実施順""]}, {""axis"": ""記録（実施手順）"", ""cols"": [""反復学習の記録"", ""復習の記録""]}, {""axis"": ""連携（実施手順）"", ""cols"": [""反復学習の関係者"", ""復習の関係者""]}, {""axis"": ""異常時（実施手順）"", ""cols"": [""反復学習の対応"", ""復習の対応""]}, {""axis"": ""試験（実施手順）"", ""cols"": [""実務→試験の変換"", ""手順省略肢""]}]",反復学習の違い,反復学習は職場フロー（事前確認→実施→記録→報告）に沿って復習すると定着します。,担当者分担を明確化;反復学習の実施フローを順序固定;記録・報告まで一体確認,記録・報告義務を見落とす;旧要項・旧数値をそのまま適用;反復学習の主体を固定せずに暗記,「反復学習＝確認→実施→記録」,過去問;模擬試験;復習,「反復学習」と「復習」の違いは何ですか？,反復学習（実務連動）では、比較表の5軸（目的・主体・手続・数値・試験論点）で反復学習と復習を並べ、主語と条件文の差を確認してください。 試験では担当者分担を明確化をセットで確認してください。 誤答では記録・報告義務を見落とすに注意してください。,「反復学習」の比較表の使い方は？,反復学習は職場フロー（事前確認→実施→記録→報告）に沿って復習すると定着します。 過去問で入れ替わった肢は、表のどの行が逆転したかをメモしてください。 試験では担当者分担を明確化をセットで確認してください。,「反復学習」で試験に出やすい混同は？,記録・報告義務を見落とす;旧要項・旧数値をそのまま適用;反復学習の主体を固定せずに暗記 名称だけで判断せず、反復学習と復習それぞれの義務主体を条文で確認してください。 試験では担当者分担を明確化をセットで確認してください。,「反復学習」の直前復習（実務連動）は？,比較表を見ずに反復学習と復習の違いを口述し、 誤答した設問は逆転した軸（主体・手順・数値）をタグ付けして再演習してください。 試験では担当者分担を明確化をセットで確認してください。 誤答では記録・報告義務を見落とすに注意してください。
s42-shuuchu-cmp,集中力維持の比較整理（試験頻出）,設備・その他,学習法;;比較,「集中力維持」と「比較表」（試験頻出）について、目的・主体・手続・数値・試験論点の5軸で違いを比較します。,集中力維持（頻出論点）;比較表（逆転肢）,"[{""axis"": ""論点（頻出論点）"", ""cols"": [""集中力維持の条文"", ""学習記録の条文""]}, {""axis"": ""数値（頻出論点）"", ""cols"": [""集中力維持の数値"", ""学習記録の数値""]}, {""axis"": ""条件（頻出論点）"", ""cols"": [""集中力維持の要件"", ""学習記録の要件""]}, {""axis"": ""逆転（頻出論点）"", ""cols"": [""集中力維持の正答型"", ""逆転肢の例""]}, {""axis"": ""混同（頻出論点）"", ""cols"": [""集中力維持と学習記録の境界"", ""名称だけの判断""]}]",集中力維持の比較,集中力維持は過去問の逆転肢・数値混同を型別に分類し、条件文を最後まで読んでください。,数値+条件のセット暗記;集中力維持の逆転肢パターンを分類;条件文の主語を下線,記録・報告義務を見落とす;旧要項・旧数値をそのまま適用;集中力維持の主体を固定せずに暗記,「集中力維持＝主語→条件→数値」,比較表;用語解説;学習記録,「集中力維持の比較」の試験での位置づけは？,集中力維持・誤答分析を中心に整理します。比較表で軸を先に固定してください。数値・日程・合格基準は試験実施団体の公式サイト（www.exam.or.jp 等）の試験要項で必ずご確認ください。 試験では集中力維持を軸に、関連条文・数値・主体の取り違えを照合してください。,「集中力維持の比較」でよくある誤答パターンは？,「集中力維持の比較」では集中力維持を軸に、条文・数値・主体の取り違えを比較表で整理してください。 典型誤答は名称だけ暗記;旧要項流用;主語の読み飛ばし。 過去問では条件文の主語入れ替え肢に注意してください。,「集中力維持の比較」の覚え方・確認手順は？,「集中力維持の比較」では集中力維持を軸に、条文・数値・主体の取り違えを比較表で整理してください。 典型誤答は名称だけ暗記;旧要項流用;主語の読み飛ばし。 過去問では条件文の主語入れ替え肢に注意してください。,「集中力維持の比較」の公式情報はどこで確認しますか？,「集中力維持の比較」では集中力維持を軸に、条文・数値・主体の取り違えを比較表で整理してください。 典型誤答は名称だけ暗記;旧要項流用;主語の読み飛ばし。 過去問では条件文の主語入れ替え肢に注意してください。
s42-gosai-bunseki-diff,誤答分析の比較整理（試験頻出）,契約・実務,学習法;;比較,「誤答分析」と「復習」（試験頻出）について、目的・主体・手続・数値・試験論点の5軸で違いを比較します。,誤答分析（頻出論点）;復習（逆転肢）,"[{""axis"": ""論点（頻出論点）"", ""cols"": [""誤答分析の違いの条文"", ""過去問の条文""]}, {""axis"": ""数値（頻出論点）"", ""cols"": [""誤答分析の違いの数値"", ""過去問の数値""]}, {""axis"": ""条件（頻出論点）"", ""cols"": [""誤答分析の違いの要件"", ""過去問の要件""]}, {""axis"": ""逆転（頻出論点）"", ""cols"": [""誤答分析の違いの正答型"", ""逆転肢の例""]}, {""axis"": ""混同（頻出論点）"", ""cols"": [""誤答分析の違いと過去問の境界"", ""名称だけの判断""]}]",誤答分析の違い,誤答分析は過去問の逆転肢・数値混同を型別に分類し、条件文を最後まで読んでください。,誤答分析の逆転肢パターンを分類;条件文の主語を下線;数値+条件のセット暗記,手順を省略したまま正解と判断;記録・報告義務を見落とす;旧要項・旧数値をそのまま適用,「誤答分析＝主語→条件→数値」,過去問;模擬試験;復習,「誤答分析」と「過去問」の違いは何ですか？,誤答分析（試験頻出）では、比較表の5軸（目的・主体・手続・数値・試験論点）で誤答分析と過去問を並べ、主語と条件文の差を確認してください。 試験では誤答分析の逆転肢パターンを分類をセットで確認してください。,「誤答分析」の比較表の使い方は？,誤答分析は過去問の逆転肢・数値混同を型別に分類し、条件文を最後まで読んでください。 過去問で入れ替わった肢は、表のどの行が逆転したかをメモしてください。 試験では誤答分析の逆転肢パターンを分類をセットで確認してください。,「誤答分析」で試験に出やすい混同は？,手順を省略したまま正解と判断;記録・報告義務を見落とす;旧要項・旧数値をそのまま適用 名称だけで判断せず、誤答分析と過去問それぞれの義務主体を条文で確認してください。 試験では誤答分析の逆転肢パターンを分類をセットで確認してください。,「誤答分析」の直前復習（試験頻出）は？,比較表を見ずに誤答分析と過去問の違いを口述し、 誤答した設問は逆転した軸（主体・手順・数値）をタグ付けして再演習してください。 試験では誤答分析の逆転肢パターンを分類をセットで確認してください。 誤答では手順を省略したまま正解と判断に注意してください。
s43-taicho-cmp,体調管理の比較整理（判例・ガイド）,契約・実務,学習法;;比較,「体調管理」と「模擬試験」（判例・ガイド）について、目的・主体・手続・数値・試験論点の5軸で違いを比較します。,体調管理（法令根拠）;模擬試験（ガイド・通知）,"[{""axis"": ""根拠（法令根拠）"", ""cols"": [""体調管理の比較の法令"", ""過去問の法令""]}, {""axis"": ""ガイド（法令根拠）"", ""cols"": [""体調管理の比較の指針"", ""過去問の指針""]}, {""axis"": ""運用（法令根拠）"", ""cols"": [""体調管理の比較の実務解釈"", ""過去問の実務解釈""]}, {""axis"": ""更新（法令根拠）"", ""cols"": [""体調管理の比較の改定点"", ""過去問の改定点""]}, {""axis"": ""試験（法令根拠）"", ""cols"": [""条文×ガイド"", ""旧通知の流用""]}]",体調管理の比較,体調管理は法令条文とガイドライン・通知の対応表を作成し、優先関係を確認してください。,体調管理のガイドと条文の対応;通知・通達の位置づけ確認;優先順位を表で整理,旧要項・旧数値をそのまま適用;体調管理の主体を固定せずに暗記;観点Aと類似制度を混同,「体調管理＝条文→ガイド→事例」,過去問;模擬試験;復習,「体調管理」と「過去問」の違いは何ですか？,体調管理（判例・ガイド）では、比較表の5軸（目的・主体・手続・数値・試験論点）で体調管理と過去問を並べ、主語と条件文の差を確認してください。 試験では体調管理のガイドと条文の対応をセットで確認してください。,「体調管理」の比較表の使い方は？,体調管理は法令条文とガイドライン・通知の対応表を作成し、優先関係を確認してください。 過去問で入れ替わった肢は、表のどの行が逆転したかをメモしてください。 試験では体調管理のガイドと条文の対応をセットで確認してください。,「体調管理」で試験に出やすい混同は？,旧要項・旧数値をそのまま適用;体調管理の主体を固定せずに暗記;観点Aと類似制度を混同 名称だけで判断せず、体調管理と過去問それぞれの義務主体を条文で確認してください。 試験では体調管理のガイドと条文の対応をセットで確認してください。,「体調管理」の直前復習（判例・ガイド）は？,比較表を見ずに体調管理と過去問の違いを口述し、 誤答した設問は逆転した軸（主体・手順・数値）をタグ付けして再演習してください。 試験では体調管理のガイドと条文の対応をセットで確認してください。 誤答では旧要項・旧数値をそのまま適用に注意してください。
s43-motiv-diff,モチベーションの比較整理（判例・ガイド）,設備・その他,学習法;;比較,「モチベーションの要点」と「比較表」（判例・ガイド）について、目的・主体・手続・数値・試験論点の5軸で違いを比較します。,モチベーションの要点（法令根拠）;比較表（ガイド・通知）,"[{""axis"": ""根拠（法令根拠）"", ""cols"": [""モチベーションの違いの法令"", ""用語解説の法令""]}, {""axis"": ""ガイド（法令根拠）"", ""cols"": [""モチベーションの違いの指針"", ""用語解説の指針""]}, {""axis"": ""運用（法令根拠）"", ""cols"": [""モチベーションの違いの実務解釈"", ""用語解説の実務解釈""]}, {""axis"": ""更新（法令根拠）"", ""cols"": [""モチベーションの違いの改定点"", ""用語解説の改定点""]}, {""axis"": ""試験（法令根拠）"", ""cols"": [""条文×ガイド"", ""旧通知の流用""]}]",モチベーションの違い,モチベーションは法令条文とガイドライン・通知の対応表を作成し、優先関係を確認してください。,通知・通達の位置づけ確認;優先順位を表で整理;モチベーションのガイドと条文の対応,旧要項・旧数値をそのまま適用;モチベーションの主体を固定せずに暗記;観点Aと類似制度を混同,「モチベーション＝条文→ガイド→事例」,比較表;用語解説;学習記録,「モチベーションの違い」の試験での位置づけは？,体調管理・モチベーションを中心に整理します。比較表で軸を先に固定してください。数値・日程・合格基準は試験実施団体の公式サイト（www.exam.or.jp 等）の試験要項で必ずご確認ください。 試験では体調管理を軸に、関連条文・数値・主体の取り違えを照合してください。,「モチベーションの違い」でよくある誤答パターンは？,名称だけ暗記;旧要項流用;主語の読み飛ばし 誤答肢ではモチベーションの主語や条件が入れ替わることが多いので、比較表で整理してください。 過去問で正誤の型を分類し、試験要項で数値・期限を照合してください。,「モチベーションの違い」の覚え方・確認手順は？,「モチベーションの違い」では体調管理を軸に、条文・数値・主体の取り違えを比較表で整理してください。 典型誤答は名称だけ暗記;旧要項流用;主語の読み飛ばし。 過去問では条件文の主語入れ替え肢に注意してください。,「モチベーションの違い」の公式情報はどこで確認しますか？,「モチベーションの違い」では体調管理を軸に、条文・数値・主体の取り違えを比較表で整理してください。 典型誤答は名称だけ暗記;旧要項流用;主語の読み飛ばし。 過去問では条件文の主語入れ替え肢に注意してください。
s44-gakushu-kiroku-cmp,学習記録の比較整理（横断総合）,設備・その他,学習法;;比較,「学習記録の比較」と「比較表」（横断総合）について、目的・主体・手続・数値・試験論点の5軸で違いを比較します。,学習記録の比較（制度位置づけ）;比較表（類似制度との違い）,"[{""axis"": ""制度（制度位置づけ）"", ""cols"": [""学習記録の比較の位置づけ"", ""比較表の位置づけ""]}, {""axis"": ""関係（制度位置づけ）"", ""cols"": [""学習記録の比較との連携"", ""比較表との連携""]}, {""axis"": ""リスク（制度位置づけ）"", ""cols"": [""学習記録の比較の違反リスク"", ""比較表の違反リスク""]}, {""axis"": ""総合（制度位置づけ）"", ""cols"": [""横断マップ上の学習記録の比較"", ""横断マップ上の比較表""]}, {""axis"": ""直前（制度位置づけ）"", ""cols"": [""弱点チェック"", ""同型誤答の再確認""]}]",学習記録の比較,学習記録は関連制度との違いを横断マップにまとめ、直前総仕上げに使ってください。,学習記録と関連制度の違い;横断マップで弱点可視化;直前は誤答型の反復,手順を省略したまま正解と判断;記録・報告義務を見落とす;旧要項・旧数値をそのまま適用,「学習記録＝関連制度と境界線」,比較表;用語解説;学習記録,「学習記録」と「比較表」の違いは何ですか？,学習記録（横断総合）では、比較表の5軸（目的・主体・手続・数値・試験論点）で学習記録と比較表を並べ、主語と条件文の差を確認してください。 試験では学習記録と関連制度の違いをセットで確認してください。 誤答では手順を省略したまま正解と判断に注意してください。,「学習記録」の比較表の使い方は？,学習記録は関連制度との違いを横断マップにまとめ、直前総仕上げに使ってください。 過去問で入れ替わった肢は、表のどの行が逆転したかをメモしてください。 試験では学習記録と関連制度の違いをセットで確認してください。,「学習記録」で試験に出やすい混同は？,手順を省略したまま正解と判断;記録・報告義務を見落とす;旧要項・旧数値をそのまま適用 名称だけで判断せず、学習記録と比較表それぞれの義務主体を条文で確認してください。 試験では学習記録と関連制度の違いをセットで確認してください。,「学習記録」の直前復習（横断総合）は？,比較表を見ずに学習記録と比較表の違いを口述し、 誤答した設問は逆転した軸（主体・手順・数値）をタグ付けして再演習してください。 試験では学習記録と関連制度の違いをセットで確認してください。 誤答では手順を省略したまま正解と判断に注意してください。
s44-sogo-shiage-diff,総仕上げの比較整理（横断総合）,法令・制度,学習法;;比較,「総仕上げ」と「公式情報」（横断総合）について、目的・主体・手続・数値・試験論点の5軸で違いを比較します。,総仕上げ（制度位置づけ）;公式情報（類似制度との違い）,"[{""axis"": ""制度（制度位置づけ）"", ""cols"": [""総仕上げの位置づけ"", ""公式情報の位置づけ""]}, {""axis"": ""関係（制度位置づけ）"", ""cols"": [""総仕上げとの連携"", ""公式情報との連携""]}, {""axis"": ""リスク（制度位置づけ）"", ""cols"": [""総仕上げの違反リスク"", ""公式情報の違反リスク""]}, {""axis"": ""総合（制度位置づけ）"", ""cols"": [""横断マップ上の総仕上げ"", ""横断マップ上の公式情報""]}, {""axis"": ""直前（制度位置づけ）"", ""cols"": [""弱点チェック"", ""同型誤答の再確認""]}]",総仕上げの違い,総仕上げは関連制度との違いを横断マップにまとめ、直前総仕上げに使ってください。,総仕上げと関連制度の違い;横断マップで弱点可視化;直前は誤答型の反復,総仕上げの主体を固定せずに暗記;観点Aと類似制度を混同;手順を省略したまま正解と判断,「総仕上げ＝関連制度と境界線」,公式情報;試験要項;合格基準,「総仕上げ」と「公式情報」の違いは何ですか？,総仕上げ（横断総合）では、比較表の5軸（目的・主体・手続・数値・試験論点）で総仕上げと公式情報を並べ、主語と条件文の差を確認してください。 試験では総仕上げと関連制度の違いをセットで確認してください。,「総仕上げ」の比較表の使い方は？,総仕上げは関連制度との違いを横断マップにまとめ、直前総仕上げに使ってください。 過去問で入れ替わった肢は、表のどの行が逆転したかをメモしてください。 試験では総仕上げと関連制度の違いをセットで確認してください。,「総仕上げ」で試験に出やすい混同は？,総仕上げの主体を固定せずに暗記;観点Aと類似制度を混同;手順を省略したまま正解と判断 名称だけで判断せず、総仕上げと公式情報それぞれの義務主体を条文で確認してください。 試験では総仕上げと関連制度の違いをセットで確認してください。,「総仕上げ」の直前復習（横断総合）は？,比較表を見ずに総仕上げと公式情報の違いを口述し、 誤答した設問は逆転した軸（主体・手順・数値）をタグ付けして再演習してください。 試験では総仕上げと関連制度の違いをセットで確認してください。 誤答では総仕上げの主体を固定せずに暗記に注意してください。
