slug,genre,title,meta_description,lead,priority,tags,author_name,author_profile,reviewer_name,reviewer_profile,fact_checked_at,primary_sources,original_note,user_intent,action_items,update_policy,last_reviewed_at,next_review_at,source_checked_at,content_status,revision_note,section_1_heading,section_1_body,section_2_heading,section_2_body,section_3_heading,section_3_body,section_4_heading,section_4_body,section_5_heading,section_5_body,section_6_heading,section_6_body,section_7_heading,section_7_body,faq_1_question,faq_1_answer,faq_2_question,faq_2_answer,related_links,faq_3_question,faq_3_answer,key_points
exam-overview,試験概要,運行管理者試験の全体像｜要項30問・合格①②の初回メモ,,,10,試験概要;公式情報,運管マスター編集部,資格学習サイトの編集チーム,公式情報確認担当,公開前に一次情報との照合を行う担当者,,公益財団法人 運行管理者試験センター（公式）|https://www.unkan.or.jp/,v4本文クリア 2026-06-19。手書きリライト 2026-06-05。自動prose差し替え 2026-06-04（要手書き）。公式情報の確認順序とサイト内演習への導線をセットにした概要記事です。,,,試験要項や公式ページが更新されたタイミングで本文と参照元を見直します。,,2026-06-29,,draft,v4待ち·ゼロ執筆,,,,,,,,,,,,,,,,,,,official-info-sources:公式サイトの見方;exam-eligibility:受験資格の2ルート;pass-score:合格基準18/30の詳細,,,
study-plan,学習計画,運行管理者試験の学習計画｜CBT逆算·30問週次,,,20,試験対策;学習計画,運管マスター編集部,資格学習サイトの編集チーム,学習導線確認担当,演習データと記事導線を確認する担当者,,公益財団法人 運行管理者試験センター（公式）|https://www.unkan.or.jp/,v4本文クリア 2026-06-19。手書きリライト 2026-06-05。自動prose差し替え 2026-06-04（要手書き）。分野設定と復習機能を使う前提で、読者がその場で学習計画に落とし込める構成にしています。,,,出題範囲やサイト機能を変更した場合は学習手順も見直します。,,2026-06-29,,draft,v4待ち·ゼロ執筆,,,,,,,,,,,,,,,,,,,study-plan-3months:3か月計画;study-plan-6months:6か月計画;pass-score:合格基準18/30,,,
past-question-strategy,過去問活用,運行管理者試験の過去問の使い方【100問計測·5科目/20】,,,30,過去問;復習,運管マスター編集部,資格学習サイトの編集チーム,問題データ確認担当,問題データと解説の正確性を確認する担当者,,公益財団法人 運行管理者試験センター（公式）|https://www.unkan.or.jp/,v4本文クリア 2026-06-19。手書きリライト 2026-06-05。自動prose差し替え 2026-06-04（要手書き）。過去問を解いた後に用語解説へ戻る行動を明示し、単なる一般論にしない構成です。,,,過去問CSVを追加した場合は、年度・問題番号・解説との整合性を確認します。,,2026-06-29,,draft,v4待ち·ゼロ執筆,,,,,,,,,,,,,,,,,,,textbook-vs-past-questions:テキストと過去問;past-questions-by-field:分野別過去問;past-questions-review-cycle:解き直しサイクル;affiliate-problem-books:運行管理者試験のおすすめ問題集3選【過去問2026】;affiliate-textbooks-recommend:運行管理者試験のおすすめテキスト3選【貨物・旅客2026】,,,
glossary-how-to,用語ハブ活用法,運行管理者試験の用語解説ハブの見方【5科目·週10語】,,,40,用語集;知識整理,運管マスター編集部,資格学習サイトの編集チーム,用語データ確認担当,用語データの正確性と分類を確認する担当者,,公益財団法人 運行管理者試験センター（公式）|https://www.unkan.or.jp/,v4本文クリア 2026-06-19。手書きリライト 2026-06-05。自動prose差し替え 2026-06-04（要手書き）。300件以上の用語データを静的HTMLとアプリ内検索の両方で活用する前提を説明します。,,,用語CSVを追加・修正した場合は、重複・カテゴリ・関連リンクを検証します。,,2026-06-29,,draft,v4待ち·ゼロ執筆,,,,,,,,,,,,,,,,,,,past-question-strategy:過去問の使い方;textbook-vs-past-questions:テキストと過去問;exam-overview:試験概要,,,
self-study-roadmap,独学対策,運行管理者試験の独学ロードマップ【12週·5科目】,,,25,独学;試験対策;学習計画,運管マスター編集部,資格学習サイトの編集チーム,学習導線確認担当,演習と復習の導線を確認する担当者,,公益財団法人 運行管理者試験センター（公式）|https://www.unkan.or.jp/,v4本文クリア 2026-06-19。手書きリライト 2026-06-05。自動prose差し替え 2026-06-04（要手書き）。過去問・用語・復習記録を組み合わせ、独学者が次に開くべきページまで迷わない構成にしています。;retire_redirect:self-study-start,,,試験要項や出題範囲が更新された場合は、学習順序と参照リンクを見直します。,,2026-06-29,,archived,archived·v4整理45本,,,,,,,,,,,,,,,,,,,self-study-start:独学の始め方;self-study-schedule:週間スケジュール;study-plan-3months:3か月計画;affiliate-textbooks-recommend:運行管理者試験のおすすめテキスト3選【貨物・旅客2026】;affiliate-problem-books:運行管理者試験のおすすめ問題集3選【過去問2026】,,,
official-info-sources,試験概要,運行管理者試験の公式情報｜unkan.or.jpの5メニューと確認順,,,10,試験概要;公式情報,運管マスター編集部,資格学習サイトの編集チーム,公式情報確認担当,公開前に一次情報との照合を行う担当者,,公益財団法人 運行管理者試験センター（公式）|https://www.unkan.or.jp/,v4本文クリア 2026-06-19。手書きリライト 2026-06-05。自動prose差し替え 2026-06-04（要手書き）。試験概要向けテンプレートから作成。公開前に本文・参照URL・関連リンクを差し替える。,,,試験要項・公式ページ更新時に本文と参照元を見直す。,,2026-06-29,,draft,v4待ち·ゼロ執筆,,,,,,,,,,,,,,,,,,,exam-overview:試験概要と合格①②;exam-application-flow:Internet申込の流れ;syllabus-how-to-read:要項PDFの読み方,,,
exam-purpose-and-career,試験概要,運行管理者試験の目的とキャリア,,,10,試験概要;公式情報,運管マスター編集部,資格学習サイトの編集チーム,公式情報確認担当,公開前に一次情報との照合を行う担当者,,公益財団法人 運行管理者試験センター（公式）|https://www.unkan.or.jp/,v4本文クリア 2026-06-19。手書きリライト 2026-06-05。自動prose差し替え 2026-06-04（要手書き）。試験概要向けテンプレートから作成。公開前に本文・参照URL・関連リンクを差し替える。;retire_redirect:exam-overview,,,試験要項・公式ページ更新時に本文と参照元を見直す。,,2026-06-29,,archived,archived·v4整理45本,,,,,,,,,,,,,,,,,,,exam-overview:試験概要;work-experience-requirement:実務経験要件;registration-after-pass:合格後の手続き,,,
first-time-exam-guide,試験概要,運行管理者試験｜初めて受験する人向けガイド,,,10,試験概要;公式情報,運管マスター編集部,資格学習サイトの編集チーム,公式情報確認担当,公開前に一次情報との照合を行う担当者,,公益財団法人 運行管理者試験センター（公式）|https://www.unkan.or.jp/,v4本文クリア 2026-06-19。手書きリライト 2026-06-05。自動prose差し替え 2026-06-04（要手書き）。試験概要向けテンプレートから作成。公開前に本文・参照URL・関連リンクを差し替える。;retire_redirect:study-plan,,,試験要項・公式ページ更新時に本文と参照元を見直す。,,2026-06-29,,archived,archived·v4整理45本,,,,,,,,,,,,,,,,,,,exam-overview:試験概要;study-plan-beginner:初学者向け学習計画;self-study-start:独学の始め方,,,
compare-similar-qualifications,試験概要,運行管理者試験と類似資格の比較｜整備管理者・区分の違い,,,10,試験概要;公式情報,運管マスター編集部,資格学習サイトの編集チーム,公式情報確認担当,公開前に一次情報との照合を行う担当者,,公益財団法人 運行管理者試験センター（公式）|https://www.unkan.or.jp/,v4本文クリア 2026-06-19。手書きリライト 2026-06-05。自動prose差し替え 2026-06-04（要手書き）。試験概要向けテンプレートから作成。公開前に本文・参照URL・関連リンクを差し替える。;retire_redirect:exam-overview,,,試験要項・公式ページ更新時に本文と参照元を見直す。,,2026-06-29,,archived,archived·v4整理45本,,,,,,,,,,,,,,,,,,,exam-overview:試験概要;exam-purpose-and-career:試験の目的とキャリア;eligibility-myths:受験資格のよくある誤解,,,
exam-eligibility,受験・申込,運行管理者試験の受験資格｜要項②の二択判定と書類,,,15,受験資格;申込;公式情報,運管マスター編集部,資格学習サイトの編集チーム,公式情報確認担当,公開前に一次情報との照合を行う担当者,,公益財団法人 運行管理者試験センター（公式）|https://www.unkan.or.jp/,v4本文クリア 2026-06-19。手書きリライト 2026-06-05。自動prose差し替え 2026-06-04（要手書き）。受験・申込向けテンプレートから作成。公開前に本文・参照URL・関連リンクを差し替える。,,,試験要項・公式ページ更新時に本文と参照元を見直す。,,2026-06-29,,draft,v4待ち·ゼロ執筆,,,,,,,,,,,,,,,,,,,work-experience-requirement:実務1年の算定;exam-application-flow:Internet申込の流れ;exam-overview:30問CBTの概要,,,
exemption-system,受験・申込,運行管理者試験の免除制度,,,15,受験資格;申込;公式情報,運管マスター編集部,資格学習サイトの編集チーム,公式情報確認担当,公開前に一次情報との照合を行う担当者,,公益財団法人 運行管理者試験センター（公式）|https://www.unkan.or.jp/,v4本文クリア 2026-06-19。手書きリライト 2026-06-05。自動prose差し替え 2026-06-04（要手書き）。受験・申込向けテンプレートから作成。公開前に本文・参照URL・関連リンクを差し替える。;retire_redirect:exam-eligibility,,,試験要項・公式ページ更新時に本文と参照元を見直す。,,2026-06-29,,archived,archived·v4整理45本,,,,,,,,,,,,,,,,,,,exam-eligibility:受験資格の確認;work-experience-requirement:実務経験と受験資格;registration-after-pass:合格後の手続き,,,
work-experience-requirement,受験・申込,運行管理者試験の実務経験｜前日基準1年と承認メール,,,15,受験資格;申込;公式情報,運管マスター編集部,資格学習サイトの編集チーム,公式情報確認担当,公開前に一次情報との照合を行う担当者,,公益財団法人 運行管理者試験センター（公式）|https://www.unkan.or.jp/,v4本文クリア 2026-06-19。手書きリライト 2026-06-05。自動prose差し替え 2026-06-04（要手書き）。受験・申込向けテンプレートから作成。公開前に本文・参照URL・関連リンクを差し替える。,,,試験要項・公式ページ更新時に本文と参照元を見直す。,,2026-06-29,,draft,v4待ち·ゼロ執筆,,,,,,,,,,,,,,,,,,,exam-eligibility:受験資格の二択判定;exam-application-flow:Internet申込の流れ;application-deadline-checklist:締切前チェック,,,
education-requirement,受験・申込,運行管理者試験の学歴要件,,,15,受験資格;申込;公式情報,運管マスター編集部,資格学習サイトの編集チーム,公式情報確認担当,公開前に一次情報との照合を行う担当者,,公益財団法人 運行管理者試験センター（公式）|https://www.unkan.or.jp/,v4本文クリア 2026-06-19。手書きリライト 2026-06-05。自動prose差し替え 2026-06-04（要手書き）。受験・申込向けテンプレートから作成。公開前に本文・参照URL・関連リンクを差し替える。;retire_redirect:exam-eligibility,,,試験要項・公式ページ更新時に本文と参照元を見直す。,,2026-06-29,,archived,archived·v4整理45本,,,,,,,,,,,,,,,,,,,exam-eligibility:受験資格の確認;work-experience-requirement:実務経験と受験資格;exemption-system:免除制度,,,
concurrent-exam-rules,受験・申込,運行管理者試験の併願・同日受験,,,15,受験資格;申込;公式情報,運管マスター編集部,資格学習サイトの編集チーム,公式情報確認担当,公開前に一次情報との照合を行う担当者,,公益財団法人 運行管理者試験センター（公式）|https://www.unkan.or.jp/,v4本文クリア 2026-06-19。手書きリライト 2026-06-05。自動prose差し替え 2026-06-04（要手書き）。受験・申込向けテンプレートから作成。公開前に本文・参照URL・関連リンクを差し替える。;retire_redirect:exam-eligibility,,,試験要項・公式ページ更新時に本文と参照元を見直す。,,2026-06-29,,archived,archived·v4整理45本,,,,,,,,,,,,,,,,,,,exam-eligibility:受験資格の確認;exam-schedule:試験日程,,,
exam-schedule,受験・申込,運行管理者試験の日程｜PDF4締切とCBT期間の読み方,,,15,受験資格;申込;公式情報,運管マスター編集部,資格学習サイトの編集チーム,公式情報確認担当,公開前に一次情報との照合を行う担当者,,公益財団法人 運行管理者試験センター（公式）|https://www.unkan.or.jp/,v4本文クリア 2026-06-19。手書きリライト 2026-06-05。自動prose差し替え 2026-06-04（要手書き）。受験・申込向けテンプレートから作成。公開前に本文・参照URL・関連リンクを差し替える。,,,試験要項・公式ページ更新時に本文と参照元を見直す。,,2026-06-29,,draft,v4待ち·ゼロ執筆,,,,,,,,,,,,,,,,,,,exam-overview:30問·合格①②;exam-application-flow:Internet申込手順;application-deadline-checklist:締切前チェック,,,
exam-fees,受験・申込,"運行管理者試験の受験料｜6,000円+660円の2項目と支払",,,15,受験資格;申込;公式情報,運管マスター編集部,資格学習サイトの編集チーム,公式情報確認担当,公開前に一次情報との照合を行う担当者,,公益財団法人 運行管理者試験センター（公式）|https://www.unkan.or.jp/,v4本文クリア 2026-06-19。手書きリライト 2026-06-05。自動prose差し替え 2026-06-04（要手書き）。受験・申込向けテンプレートから作成。公開前に本文・参照URL・関連リンクを差し替える。,,,試験要項・公式ページ更新時に本文と参照元を見直す。,,2026-06-29,,draft,v4待ち·ゼロ執筆,,,,,,,,,,,,,,,,,,,exam-application-flow:Internet申込から支払;exam-schedule:申込期間と4締切;retake-strategy:再受験の費用感,,,
exam-application-flow,受験・申込,運行管理者試験の申込手順｜Internet申請から入金まで,,,15,受験資格;申込;公式情報,運管マスター編集部,資格学習サイトの編集チーム,公式情報確認担当,公開前に一次情報との照合を行う担当者,,公益財団法人 運行管理者試験センター（公式）|https://www.unkan.or.jp/,v4本文クリア 2026-06-19。手書きリライト 2026-06-05。自動prose差し替え 2026-06-04（要手書き）。受験・申込向けテンプレートから作成。公開前に本文・参照URL・関連リンクを差し替える。,,,試験要項・公式ページ更新時に本文と参照元を見直す。,,2026-06-29,,draft,v4待ち·ゼロ執筆,,,,,,,,,,,,,,,,,,,"exam-eligibility:受験資格の二択判定;exam-fees:6,660円の内訳;application-deadline-checklist:4締切チェック",,,
application-deadline-checklist,受験・申込,運行管理者試験｜申込締切チェック表の書き方,,,15,受験資格;申込;公式情報,運管マスター編集部,資格学習サイトの編集チーム,公式情報確認担当,公開前に一次情報との照合を行う担当者,,公益財団法人 運行管理者試験センター（公式）|https://www.unkan.or.jp/,v4本文クリア 2026-06-19。手書きリライト 2026-06-05。自動prose差し替え 2026-06-04（要手書き）。受験・申込向けテンプレートから作成。公開前に本文・参照URL・関連リンクを差し替える。,,,試験要項・公式ページ更新時に本文と参照元を見直す。,,2026-06-29,,draft,v4待ち·ゼロ執筆,,,,,,,,,,,,,,,,,,,"exam-schedule:PDF4締切の読み方;exam-application-flow:Internet申込手順;exam-fees:6,660円の内訳",,,
exam-venue-and-region,受験・申込,運行管理者試験のCBT会場｜47都道府県と3希望の選び方,,,15,受験資格;申込;公式情報,運管マスター編集部,資格学習サイトの編集チーム,公式情報確認担当,公開前に一次情報との照合を行う担当者,,公益財団法人 運行管理者試験センター（公式）|https://www.unkan.or.jp/,v4本文クリア 2026-06-19。手書きリライト 2026-06-05。自動prose差し替え 2026-06-04（要手書き）。受験・申込向けテンプレートから作成。公開前に本文・参照URL・関連リンクを差し替える。,,,試験要項・公式ページ更新時に本文と参照元を見直す。,,2026-06-29,,draft,v4待ち·ゼロ執筆,,,,,,,,,,,,,,,,,,,exam-application-flow:CBT予約手順;exam-schedule:試験期間と4締切;application-deadline-checklist:予約締切チェック,,,
reschedule-and-absence,受験・申込,運行管理者試験の欠席・再受験,,,15,受験資格;申込;公式情報,運管マスター編集部,資格学習サイトの編集チーム,公式情報確認担当,公開前に一次情報との照合を行う担当者,,公益財団法人 運行管理者試験センター（公式）|https://www.unkan.or.jp/,v4本文クリア 2026-06-19。手書きリライト 2026-06-05。自動prose差し替え 2026-06-04（要手書き）。受験・申込向けテンプレートから作成。公開前に本文・参照URL・関連リンクを差し替える。;retire_redirect:exam-schedule,,,試験要項・公式ページ更新時に本文と参照元を見直す。,,2026-06-29,,archived,archived·v4整理45本,,,,,,,,,,,,,,,,,,,exam-schedule:試験日程;exam-fees:受験料;retake-strategy:再受験の戦略,,,
exam-format-overview,出題・形式,運行管理者試験の形式｜CBT30問·90分·四肢択一,,,19,出題範囲;試験形式,運管マスター編集部,資格学習サイトの編集チーム,公式情報確認担当,公開前に一次情報との照合を行う担当者,,公益財団法人 運行管理者試験センター（公式）|https://www.unkan.or.jp/,v4本文クリア 2026-06-19。手書きリライト 2026-06-05。自動prose差し替え 2026-06-04（要手書き）。出題・形式向けテンプレートから作成。公開前に本文・参照URL・関連リンクを差し替える。,,,試験要項・公式ページ更新時に本文と参照元を見直す。,,2026-06-29,,draft,v4待ち·ゼロ執筆,,,,,,,,,,,,,,,,,,,exam-overview:試験概要30問90分;cbt-computer-exam:CBT操作対策;pass-score:合格基準18/30,,,
subject-breakdown,出題・形式,運行管理者試験の科目構成｜8+4+5+6+7と週10時間配分,,,19,出題範囲;試験形式,運管マスター編集部,資格学習サイトの編集チーム,公式情報確認担当,公開前に一次情報との照合を行う担当者,,公益財団法人 運行管理者試験センター（公式）|https://www.unkan.or.jp/,v4本文クリア 2026-06-19。手書きリライト 2026-06-05。自動prose差し替え 2026-06-04（要手書き）。出題・形式向けテンプレートから作成。公開前に本文・参照URL・関連リンクを差し替える。,,,試験要項・公式ページ更新時に本文と参照元を見直す。,,2026-06-29,,draft,v4待ち·ゼロ執筆,,,,,,,,,,,,,,,,,,,exam-scope-overview:出題範囲5分野;exam-format-overview:CBT30問90分;pass-score:合格基準18/30,,,
cbt-computer-exam,出題・形式,運行管理者試験のCBT対策,,,19,出題範囲;試験形式,運管マスター編集部,資格学習サイトの編集チーム,公式情報確認担当,公開前に一次情報との照合を行う担当者,,公益財団法人 運行管理者試験センター（公式）|https://www.unkan.or.jp/,v4本文クリア 2026-06-19。手書きリライト 2026-06-05。自動prose差し替え 2026-06-04（要手書き）。出題・形式向けテンプレートから作成。公開前に本文・参照URL・関連リンクを差し替える。;retire_redirect:exam-format-overview,,,試験要項・公式ページ更新時に本文と参照元を見直す。,,2026-06-29,,archived,archived·v4整理45本,,,,,,,,,,,,,,,,,,,exam-format-overview:試験形式の概要;exam-venue-and-region:受験地・会場;exam-day-flow:試験当日の流れ,,,
time-limit-strategy,出題・形式,運行管理者試験の時間配分｜90分30問·1問3分,,,19,出題範囲;試験形式,運管マスター編集部,資格学習サイトの編集チーム,公式情報確認担当,公開前に一次情報との照合を行う担当者,,公益財団法人 運行管理者試験センター（公式）|https://www.unkan.or.jp/,v4本文クリア 2026-06-19。手書きリライト 2026-06-05。自動prose差し替え 2026-06-04（要手書き）。出題・形式向けテンプレートから作成。公開前に本文・参照URL・関連リンクを差し替える。,,,試験要項・公式ページ更新時に本文と参照元を見直す。,,2026-06-29,,draft,v4待ち·ゼロ執筆,,,,,,,,,,,,,,,,,,,exam-format-overview:CBT30問90分;subject-breakdown:8/4/5/6/7配分;timed-practice:時間計測演習,,,
exam-scope-overview,出題・形式,運行管理者試験の出題範囲｜要項5分野と公式テキスト,,,19,出題範囲;試験形式,運管マスター編集部,資格学習サイトの編集チーム,公式情報確認担当,公開前に一次情報との照合を行う担当者,,公益財団法人 運行管理者試験センター（公式）|https://www.unkan.or.jp/,v4本文クリア 2026-06-19。手書きリライト 2026-06-05。自動prose差し替え 2026-06-04（要手書き）。出題・形式向けテンプレートから作成。公開前に本文・参照URL・関連リンクを差し替える。,,,試験要項・公式ページ更新時に本文と参照元を見直す。,,2026-06-29,,draft,v4待ち·ゼロ執筆,,,,,,,,,,,,,,,,,,,subject-breakdown:出題数8/4/5/6/7;exam-format-overview:CBT30問90分;syllabus-how-to-read:シラバスの読み方,,,
syllabus-how-to-read,出題・形式,運行管理者試験要項の読み方｜PDF60分·転記6項目,,,19,出題範囲;試験形式,運管マスター編集部,資格学習サイトの編集チーム,公式情報確認担当,公開前に一次情報との照合を行う担当者,,公益財団法人 運行管理者試験センター（公式）|https://www.unkan.or.jp/,v4本文クリア 2026-06-19。手書きリライト 2026-06-05。自動prose差し替え 2026-06-04（要手書き）。出題・形式向けテンプレートから作成。公開前に本文・参照URL・関連リンクを差し替える。,,,試験要項・公式ページ更新時に本文と参照元を見直す。,,2026-06-29,,draft,v4待ち·ゼロ執筆,,,,,,,,,,,,,,,,,,,official-info-sources:公式サイトの見方;exam-scope-overview:出題範囲5分野;application-deadline-checklist:4締切チェック,,,
scope-revision-history,出題・形式,運行管理者試験の出題範囲改定｜要項差分と30問計画,,,19,出題範囲;試験形式,運管マスター編集部,資格学習サイトの編集チーム,公式情報確認担当,公開前に一次情報との照合を行う担当者,,公益財団法人 運行管理者試験センター（公式）|https://www.unkan.or.jp/,v4本文クリア 2026-06-19。手書きリライト 2026-06-05。自動prose差し替え 2026-06-04（要手書き）。出題・形式向けテンプレートから作成。公開前に本文・参照URL・関連リンクを差し替える。;retire_redirect:syllabus-update-tracker,,,試験要項・公式ページ更新時に本文と参照元を見直す。,,2026-06-29,,archived,archived·v4整理45本,,,,,,,,,,,,,,,,,,,syllabus-how-to-read:要項PDF60分;exam-scope-overview:出題範囲5分野;legal-revision-impact:法改正の影響,,,
weight-by-topic,出題・形式,運行管理者試験の分野別配点｜優先順位と②未達,,,19,出題範囲;試験形式,運管マスター編集部,資格学習サイトの編集チーム,公式情報確認担当,公開前に一次情報との照合を行う担当者,,公益財団法人 運行管理者試験センター（公式）|https://www.unkan.or.jp/,v4本文クリア 2026-06-19。手書きリライト 2026-06-05。自動prose差し替え 2026-06-04（要手書き）。出題・形式向けテンプレートから作成。公開前に本文・参照URL・関連リンクを差し替える。,,,試験要項・公式ページ更新時に本文と参照元を見直す。,,2026-06-29,,draft,v4待ち·ゼロ執筆,,,,,,,,,,,,,,,,,,,subject-breakdown:8/4/5/6/7週10時間;pass-score:合格基準18/30;study-plan:学習計画,,,
new-topics-trend,出題・形式,運行管理者試験の出題傾向,,,19,出題範囲;試験形式,運管マスター編集部,資格学習サイトの編集チーム,公式情報確認担当,公開前に一次情報との照合を行う担当者,,公益財団法人 運行管理者試験センター（公式）|https://www.unkan.or.jp/,v4本文クリア 2026-06-19。手書きリライト 2026-06-05。自動prose差し替え 2026-06-04（要手書き）。出題・形式向けテンプレートから作成。公開前に本文・参照URL・関連リンクを差し替える。;retire_redirect:syllabus-how-to-read,,,試験要項・公式ページ更新時に本文と参照元を見直す。,,2026-06-29,,archived,archived·v4整理45本,,,,,,,,,,,,,,,,,,,weight-by-topic:分野別配点;exam-scope-overview:出題範囲の概要;past-question-strategy:過去問の活用法,,,
scope-vs-past-questions,出題・形式,運行管理者試験の出題範囲と過去問｜8/4/5/6/7照合,,,19,出題範囲;試験形式,運管マスター編集部,資格学習サイトの編集チーム,公式情報確認担当,公開前に一次情報との照合を行う担当者,,公益財団法人 運行管理者試験センター（公式）|https://www.unkan.or.jp/,v4本文クリア 2026-06-19。手書きリライト 2026-06-05。自動prose差し替え 2026-06-04（要手書き）。出題・形式向けテンプレートから作成。公開前に本文・参照URL・関連リンクを差し替える。,,,試験要項・公式ページ更新時に本文と参照元を見直す。,,2026-06-29,,draft,v4待ち·ゼロ執筆,,,,,,,,,,,,,,,,,,,exam-scope-overview:出題範囲5分野;past-question-strategy:過去問戦略;scope-revision-history:範囲改定差分,,,
pass-rate,合格・難易度,運行管理者試験の合格率｜公表35%前後と演習18/30,,,20,合格率;難易度,運管マスター編集部,資格学習サイトの編集チーム,公式情報確認担当,公開前に一次情報との照合を行う担当者,,公益財団法人 運行管理者試験センター（公式）|https://www.unkan.or.jp/,v4本文クリア 2026-06-19。手書きリライト 2026-06-05。自動prose差し替え 2026-06-04（要手書き）。合格・難易度向けテンプレートから作成。公開前に本文・参照URL・関連リンクを差し替える。,,,試験要項・公式ページ更新時に本文と参照元を見直す。,,2026-06-29,,draft,v4待ち·ゼロ執筆,,,,,,,,,,,,,,,,,,,pass-score:合格基準18/30;exam-difficulty:難易度の体感;study-plan:学習計画,,,
exam-difficulty,合格・難易度,運行管理者試験の難易度｜35%と分野足切り②,,,20,合格率;難易度,運管マスター編集部,資格学習サイトの編集チーム,公式情報確認担当,公開前に一次情報との照合を行う担当者,,公益財団法人 運行管理者試験センター（公式）|https://www.unkan.or.jp/,v4本文クリア 2026-06-19。手書きリライト 2026-06-05。自動prose差し替え 2026-06-04（要手書き）。合格・難易度向けテンプレートから作成。公開前に本文・参照URL・関連リンクを差し替える。,,,試験要項・公式ページ更新時に本文と参照元を見直す。,,2026-06-29,,draft,v4待ち·ゼロ執筆,,,,,,,,,,,,,,,,,,,pass-rate:公表合格率35%前後;pass-score:合格基準18/30;study-plan:学習計画,,,
pass-score,合格・難易度,運行管理者試験の合格点｜18/30と分野足切り②,,,20,合格率;難易度,運管マスター編集部,資格学習サイトの編集チーム,公式情報確認担当,公開前に一次情報との照合を行う担当者,,公益財団法人 運行管理者試験センター（公式）|https://www.unkan.or.jp/,v4本文クリア 2026-06-19。手書きリライト 2026-06-05。自動prose差し替え 2026-06-04（要手書き）。合格・難易度向けテンプレートから作成。公開前に本文・参照URL・関連リンクを差し替える。,,,試験要項・公式ページ更新時に本文と参照元を見直す。,,2026-06-29,,draft,v4待ち·ゼロ執筆,,,,,,,,,,,,,,,,,,,pass-rate:公表合格率35%前後;exam-overview:試験概要30問90分;study-plan:学習計画,,,
pass-rate-how-to-read,合格・難易度,運行管理者試験の合格率・統計の読み方,,,20,合格率;難易度,運管マスター編集部,資格学習サイトの編集チーム,公式情報確認担当,公開前に一次情報との照合を行う担当者,,公益財団法人 運行管理者試験センター（公式）|https://www.unkan.or.jp/,v4本文クリア 2026-06-19。手書きリライト 2026-06-05。自動prose差し替え 2026-06-04（要手書き）。合格・難易度向けテンプレートから作成。公開前に本文・参照URL・関連リンクを差し替える。;retire_redirect:exam-overview,,,試験要項・公式ページ更新時に本文と参照元を見直す。,,2026-06-29,,archived,archived·v4整理45本,,,,,,,,,,,,,,,,,,,pass-rate:合格率;pass-score:合格点;exam-difficulty:難易度,,,
difficulty-for-beginners,合格・難易度,運行管理者試験の初学者向け難易度,,,20,合格率;難易度,運管マスター編集部,資格学習サイトの編集チーム,公式情報確認担当,公開前に一次情報との照合を行う担当者,,公益財団法人 運行管理者試験センター（公式）|https://www.unkan.or.jp/,v4本文クリア 2026-06-19。手書きリライト 2026-06-05。自動prose差し替え 2026-06-04（要手書き）。合格・難易度向けテンプレートから作成。公開前に本文・参照URL・関連リンクを差し替える。;retire_redirect:exam-overview,,,試験要項・公式ページ更新時に本文と参照元を見直す。,,2026-06-29,,archived,archived·v4整理45本,,,,,,,,,,,,,,,,,,,exam-difficulty:試験の難易度;pass-rate-how-to-read:合格率の読み方;study-plan-beginner:初学者計画,,,
study-plan-3months,学習計画,運行管理者試験の3か月計画｜84日·週10時間·30問,,,25,学習計画;試験対策,運管マスター編集部,資格学習サイトの編集チーム,公式情報確認担当,公開前に一次情報との照合を行う担当者,,公益財団法人 運行管理者試験センター（公式）|https://www.unkan.or.jp/,v4本文クリア 2026-06-19。手書きリライト 2026-06-05。自動prose差し替え 2026-06-04（要手書き）。学習計画向けテンプレートから作成。公開前に本文・参照URL・関連リンクを差し替える。,,,試験要項・公式ページ更新時に本文と参照元を見直す。,,2026-06-29,,draft,v4待ち·ゼロ執筆,,,,,,,,,,,,,,,,,,,study-plan:学習計画の親記事;pass-score:合格基準18/30;time-limit-strategy:90分30問配分,,,
study-plan-6months,学習計画,運行管理者試験の6か月計画｜26週·週8時間·30問,,,25,学習計画;試験対策,運管マスター編集部,資格学習サイトの編集チーム,公式情報確認担当,公開前に一次情報との照合を行う担当者,,公益財団法人 運行管理者試験センター（公式）|https://www.unkan.or.jp/,v4本文クリア 2026-06-19。手書きリライト 2026-06-05。自動prose差し替え 2026-06-04（要手書き）。学習計画向けテンプレートから作成。公開前に本文・参照URL・関連リンクを差し替える。,,,試験要項・公式ページ更新時に本文と参照元を見直す。,,2026-06-29,,draft,v4待ち·ゼロ執筆,,,,,,,,,,,,,,,,,,,study-plan-3months:3か月計画;study-plan:学習計画の親記事;balance-work-study:仕事と勉強,,,
study-plan-1year,学習計画,運行管理者試験の1年計画｜52週·週6時間·30問,,,25,学習計画;試験対策,運管マスター編集部,資格学習サイトの編集チーム,公式情報確認担当,公開前に一次情報との照合を行う担当者,,公益財団法人 運行管理者試験センター（公式）|https://www.unkan.or.jp/,v4本文クリア 2026-06-19。手書きリライト 2026-06-05。自動prose差し替え 2026-06-04（要手書き）。学習計画向けテンプレートから作成。公開前に本文・参照URL・関連リンクを差し替える。;retire_redirect:study-plan-6months,,,試験要項・公式ページ更新時に本文と参照元を見直す。,,2026-06-29,,archived,archived·v4整理45本,,,,,,,,,,,,,,,,,,,study-plan-6months:6か月計画;study-plan:学習計画の親記事;study-plan-beginner:初学者向け計画,,,
study-plan-working,学習計画,運行管理者試験の社会人向け学習計画【週8h·残業週】,,,25,学習計画;試験対策,運管マスター編集部,資格学習サイトの編集チーム,公式情報確認担当,公開前に一次情報との照合を行う担当者,,公益財団法人 運行管理者試験センター（公式）|https://www.unkan.or.jp/,v4本文クリア 2026-06-19。手書きリライト 2026-06-05。自動prose差し替え 2026-06-04（要手書き）。学習計画向けテンプレートから作成。公開前に本文・参照URL・関連リンクを差し替える。,,,試験要項・公式ページ更新時に本文と参照元を見直す。,,2026-06-29,,draft,v4待ち·ゼロ執筆,,,,,,,,,,,,,,,,,,,study-plan-6months:6か月計画;self-study-schedule:週間スケジュール;study-plan:学習計画の親記事,,,
study-plan-beginner,学習計画,運行管理者試験の初学者向け学習計画【8週·週10h·30問】,,,25,学習計画;試験対策,運管マスター編集部,資格学習サイトの編集チーム,公式情報確認担当,公開前に一次情報との照合を行う担当者,,公益財団法人 運行管理者試験センター（公式）|https://www.unkan.or.jp/,v4本文クリア 2026-06-19。手書きリライト 2026-06-05。自動prose差し替え 2026-06-04（要手書き）。学習計画向けテンプレートから作成。公開前に本文・参照URL・関連リンクを差し替える。,,,試験要項・公式ページ更新時に本文と参照元を見直す。,,2026-06-29,,draft,v4待ち·ゼロ執筆,,,,,,,,,,,,,,,,,,,self-study-start:独学の始め方;study-plan-3months:3か月計画;exam-overview:試験概要·30問,,,
first-30-days-plan,学習計画,運行管理者試験の最初の30日,,,25,学習計画;試験対策,運管マスター編集部,資格学習サイトの編集チーム,公式情報確認担当,公開前に一次情報との照合を行う担当者,,公益財団法人 運行管理者試験センター（公式）|https://www.unkan.or.jp/,v4本文クリア 2026-06-19。手書きリライト 2026-06-05。自動prose差し替え 2026-06-04（要手書き）。学習計画向けテンプレートから作成。公開前に本文・参照URL・関連リンクを差し替える。;retire_redirect:study-plan,,,試験要項・公式ページ更新時に本文と参照元を見直す。,,2026-06-29,,archived,archived·v4整理45本,,,,,,,,,,,,,,,,,,,study-plan-beginner:初学者向け計画;self-study-start:独学の始め方;study-plan-3months:3か月計画,,,
balance-work-study,学習計画,運行管理者試験の仕事と勉強の両立,,,25,学習計画;試験対策,運管マスター編集部,資格学習サイトの編集チーム,公式情報確認担当,公開前に一次情報との照合を行う担当者,,公益財団法人 運行管理者試験センター（公式）|https://www.unkan.or.jp/,v4本文クリア 2026-06-19。手書きリライト 2026-06-05。自動prose差し替え 2026-06-04（要手書き）。学習計画向けテンプレートから作成。公開前に本文・参照URL・関連リンクを差し替える。;retire_redirect:study-plan,,,試験要項・公式ページ更新時に本文と参照元を見直す。,,2026-06-29,,archived,archived·v4整理45本,,,,,,,,,,,,,,,,,,,study-plan-working:社会人向け計画;self-study-motivation:モチベーション;time-management:時間管理,,,
time-management,学習計画,運行管理者試験の時間管理【週10h·30問記録】,,,25,学習計画;試験対策,運管マスター編集部,資格学習サイトの編集チーム,公式情報確認担当,公開前に一次情報との照合を行う担当者,,公益財団法人 運行管理者試験センター（公式）|https://www.unkan.or.jp/,v4本文クリア 2026-06-19。手書きリライト 2026-06-05。自動prose差し替え 2026-06-04（要手書き）。学習計画向けテンプレートから作成。公開前に本文・参照URL・関連リンクを差し替える。;retire_redirect:study-plan-working,,,試験要項・公式ページ更新時に本文と参照元を見直す。,,2026-06-29,,archived,archived·v4整理45本,,,,,,,,,,,,,,,,,,,self-study-schedule:週間スケジュール;study-plan-working:社会人向け·週8h;time-limit-strategy:90分30問配分,,,
self-study-start,独学対策,運行管理者試験の独学の始め方【初日30分·30問計測】,,,26,独学;教材;学習計画,運管マスター編集部,資格学習サイトの編集チーム,公式情報確認担当,公開前に一次情報との照合を行う担当者,,公益財団法人 運行管理者試験センター（公式）|https://www.unkan.or.jp/,v4本文クリア 2026-06-19。手書きリライト 2026-06-05。自動prose差し替え 2026-06-04（要手書き）。独学対策向けテンプレートから作成。公開前に本文・参照URL・関連リンクを差し替える。,,,試験要項・公式ページ更新時に本文と参照元を見直す。,,2026-06-29,,draft,v4待ち·ゼロ執筆,,,,,,,,,,,,,,,,,,,study-plan-beginner:初学者計画·8週;exam-eligibility:受験資格;self-study-schedule:週間スケジュール,,,
self-study-schedule,独学対策,運行管理者試験の独学スケジュール【週10h·12週·30問】,,,26,独学;教材;学習計画,運管マスター編集部,資格学習サイトの編集チーム,公式情報確認担当,公開前に一次情報との照合を行う担当者,,公益財団法人 運行管理者試験センター（公式）|https://www.unkan.or.jp/,v4本文クリア 2026-06-19。手書きリライト 2026-06-05。自動prose差し替え 2026-06-04（要手書き）。独学対策向けテンプレートから作成。公開前に本文・参照URL・関連リンクを差し替える。;retire_redirect:self-study-start,,,試験要項・公式ページ更新時に本文と参照元を見直す。,,2026-06-29,,archived,archived·v4整理45本,,,,,,,,,,,,,,,,,,,time-management:時間管理·習慣化;self-study-start:独学の始め方;study-plan-3months:3か月計画,,,
self-study-mistakes,独学対策,運行管理者試験の独学でよくある失敗【5パターン】,,,26,独学;教材;学習計画,運管マスター編集部,資格学習サイトの編集チーム,公式情報確認担当,公開前に一次情報との照合を行う担当者,,公益財団法人 運行管理者試験センター（公式）|https://www.unkan.or.jp/,v4本文クリア 2026-06-19。手書きリライト 2026-06-05。自動prose差し替え 2026-06-04（要手書き）。独学対策向けテンプレートから作成。公開前に本文・参照URL・関連リンクを差し替える。,,,試験要項・公式ページ更新時に本文と参照元を見直す。,,2026-06-29,,draft,v4待ち·ゼロ執筆,,,,,,,,,,,,,,,,,,,pass-only-past-questions-myth:過去問だけの誤解;self-study-start:独学の始め方;past-question-strategy:過去問戦略,,,
self-study-environment,独学対策,運行管理者試験の独学環境【机·90分·/20記録】,,,26,独学;教材;学習計画,運管マスター編集部,資格学習サイトの編集チーム,公式情報確認担当,公開前に一次情報との照合を行う担当者,,公益財団法人 運行管理者試験センター（公式）|https://www.unkan.or.jp/,v4本文クリア 2026-06-19。手書きリライト 2026-06-05。自動prose差し替え 2026-06-04（要手書き）。独学対策向けテンプレートから作成。公開前に本文・参照URL・関連リンクを差し替える。;retire_redirect:self-study-start,,,試験要項・公式ページ更新時に本文と参照元を見直す。,,2026-06-29,,archived,archived·v4整理45本,,,,,,,,,,,,,,,,,,,self-study-start:独学の始め方;timed-practice:時間計測演習;self-study-schedule:週間スケジュール,,,
self-study-motivation,独学対策,運行管理者試験のモチベーション維持【/20記録】,,,26,独学;教材;学習計画,運管マスター編集部,資格学習サイトの編集チーム,公式情報確認担当,公開前に一次情報との照合を行う担当者,,公益財団法人 運行管理者試験センター（公式）|https://www.unkan.or.jp/,v4本文クリア 2026-06-19。手書きリライト 2026-06-05。自動prose差し替え 2026-06-04（要手書き）。独学対策向けテンプレートから作成。公開前に本文・参照URL・関連リンクを差し替える。;retire_redirect:self-study-start,,,試験要項・公式ページ更新時に本文と参照元を見直す。,,2026-06-29,,archived,archived·v4整理45本,,,,,,,,,,,,,,,,,,,plateau-breakthrough:伸び悩み突破;self-study-start:独学の始め方;self-study-schedule:週間スケジュール,,,
self-study-without-school,独学対策,運行管理者試験｜資格学校なし独学【3点セット】,,,26,独学;教材;学習計画,運管マスター編集部,資格学習サイトの編集チーム,公式情報確認担当,公開前に一次情報との照合を行う担当者,,公益財団法人 運行管理者試験センター（公式）|https://www.unkan.or.jp/,v4本文クリア 2026-06-19。手書きリライト 2026-06-05。自動prose差し替え 2026-06-04（要手書き）。独学対策向けテンプレートから作成。公開前に本文・参照URL・関連リンクを差し替える。;retire_redirect:self-study-start,,,試験要項・公式ページ更新時に本文と参照元を見直す。,,2026-06-29,,archived,archived·v4整理45本,,,,,,,,,,,,,,,,,,,self-study-start:独学の始め方;exam-eligibility:受験資格;study-plan-beginner:初学者計画·8週;affiliate-textbooks-recommend:運行管理者試験のおすすめテキスト3選【貨物・旅客2026】,,,
textbook-selection,独学対策,運行管理者試験のテキスト選び【貨物·旅客·1冊】,,,26,独学;教材;学習計画,運管マスター編集部,資格学習サイトの編集チーム,公式情報確認担当,公開前に一次情報との照合を行う担当者,,公益財団法人 運行管理者試験センター（公式）|https://www.unkan.or.jp/,v4本文クリア 2026-06-19。手書きリライト 2026-06-05。自動prose差し替え 2026-06-04（要手書き）。独学対策向けテンプレートから作成。公開前に本文・参照URL・関連リンクを差し替える。;retire_redirect:textbook-vs-past-questions,,,試験要項・公式ページ更新時に本文と参照元を見直す。,,2026-06-29,,archived,archived·v4整理45本,,,,,,,,,,,,,,,,,,,textbook-vs-past-questions:テキストと過去問;syllabus-how-to-read:要項の読み方;self-study-without-school:学校なし独学;affiliate-textbooks-recommend:運行管理者試験のおすすめテキスト3選【貨物・旅客2026】;affiliate-problem-books:運行管理者試験のおすすめ問題集3選【過去問2026】,,,
problem-book-selection,独学対策,運行管理者試験の問題集選び,,,26,独学;教材;学習計画,運管マスター編集部,資格学習サイトの編集チーム,公式情報確認担当,公開前に一次情報との照合を行う担当者,,公益財団法人 運行管理者試験センター（公式）|https://www.unkan.or.jp/,v4本文クリア 2026-06-19。手書きリライト 2026-06-05。自動prose差し替え 2026-06-04（要手書き）。独学対策向けテンプレートから作成。公開前に本文・参照URL・関連リンクを差し替える。;retire_redirect:textbook-selection,,,試験要項・公式ページ更新時に本文と参照元を見直す。,,2026-06-29,,archived,archived·v4整理45本,,,,,,,,,,,,,,,,,,,textbook-selection:テキスト選び;textbook-vs-past-questions:テキストと過去問;past-question-strategy:過去問戦略,,,
correspondence-course-guide,独学対策,運行管理者試験の通信講座,,,26,独学;教材;学習計画,運管マスター編集部,資格学習サイトの編集チーム,公式情報確認担当,公開前に一次情報との照合を行う担当者,,公益財団法人 運行管理者試験センター（公式）|https://www.unkan.or.jp/,v4本文クリア 2026-06-19。手書きリライト 2026-06-05。自動prose差し替え 2026-06-04（要手書き）。独学対策向けテンプレートから作成。公開前に本文・参照URL・関連リンクを差し替える。;retire_redirect:exam-overview,,,試験要項・公式ページ更新時に本文と参照元を見直す。,,2026-06-29,,archived,archived·v4整理45本,,,,,,,,,,,,,,,,,,,self-study-without-school:学校なし独学;textbook-selection:テキストの選び方;study-plan:学習計画の立て方,,,
free-materials-online,独学対策,運行管理者試験の無料教材,,,26,独学;教材;学習計画,運管マスター編集部,資格学習サイトの編集チーム,公式情報確認担当,公開前に一次情報との照合を行う担当者,,公益財団法人 運行管理者試験センター（公式）|https://www.unkan.or.jp/,v4本文クリア 2026-06-19。手書きリライト 2026-06-05。自動prose差し替え 2026-06-04（要手書き）。独学対策向けテンプレートから作成。公開前に本文・参照URL・関連リンクを差し替える。;retire_redirect:exam-overview,,,試験要項・公式ページ更新時に本文と参照元を見直す。,,2026-06-29,,archived,archived·v4整理45本,,,,,,,,,,,,,,,,,,,official-info-sources:公式情報;self-study-without-school:独学の進め方;textbook-selection:テキスト選び,,,
textbook-vs-past-questions,独学対策,運行管理者試験｜テキストと過去問の優先順位【4:4:2】,,,26,独学;教材;学習計画,運管マスター編集部,資格学習サイトの編集チーム,公式情報確認担当,公開前に一次情報との照合を行う担当者,,公益財団法人 運行管理者試験センター（公式）|https://www.unkan.or.jp/,v4本文クリア 2026-06-19。手書きリライト 2026-06-05。自動prose差し替え 2026-06-04（要手書き）。独学対策向けテンプレートから作成。公開前に本文・参照URL・関連リンクを差し替える。,,,試験要項・公式ページ更新時に本文と参照元を見直す。,,2026-06-29,,draft,v4待ち·ゼロ執筆,,,,,,,,,,,,,,,,,,,textbook-selection:テキストの選び方;pass-only-past-questions-myth:過去問だけの誤解;past-question-strategy:過去問の活用法;affiliate-textbooks-recommend:運行管理者試験のおすすめテキスト3選【貨物・旅客2026】,,,
material-update-cycle,独学対策,運行管理者試験の教材更新,,,26,独学;教材;学習計画,運管マスター編集部,資格学習サイトの編集チーム,公式情報確認担当,公開前に一次情報との照合を行う担当者,,公益財団法人 運行管理者試験センター（公式）|https://www.unkan.or.jp/,v4本文クリア 2026-06-19。手書きリライト 2026-06-05。自動prose差し替え 2026-06-04（要手書き）。独学対策向けテンプレートから作成。公開前に本文・参照URL・関連リンクを差し替える。;retire_redirect:syllabus-how-to-read,,,試験要項・公式ページ更新時に本文と参照元を見直す。,,2026-06-29,,archived,archived·v4整理45本,,,,,,,,,,,,,,,,,,,textbook-selection:テキストの選び方;legal-revision-impact:法改正の影響;scope-revision-history:出題範囲の改定,,,
past-questions-by-year,過去問活用,運行管理者試験の年度別過去問【100問通し·180分】,,,30,過去問;模試;復習,運管マスター編集部,資格学習サイトの編集チーム,公式情報確認担当,公開前に一次情報との照合を行う担当者,,公益財団法人 運行管理者試験センター（公式）|https://www.unkan.or.jp/,v4本文クリア 2026-06-19。手書きリライト 2026-06-05。自動prose差し替え 2026-06-04（要手書き）。過去問活用向けテンプレートから作成。公開前に本文・参照URL・関連リンクを差し替える。;retire_redirect:past-question-strategy,,,試験要項・公式ページ更新時に本文と参照元を見直す。,,2026-06-29,,archived,archived·v4整理45本,,,,,,,,,,,,,,,,,,,past-questions-by-field:分野別過去問;past-questions-latest-year:最新年度過去問;past-question-strategy:過去問の使い方;affiliate-problem-books:運行管理者試験のおすすめ問題集3選【過去問2026】,,,
past-questions-by-field,過去問活用,運行管理者試験の分野別過去問【弱点20問/週】,,,30,過去問;模試;復習,運管マスター編集部,資格学習サイトの編集チーム,公式情報確認担当,公開前に一次情報との照合を行う担当者,,公益財団法人 運行管理者試験センター（公式）|https://www.unkan.or.jp/,v4本文クリア 2026-06-19。手書きリライト 2026-06-05。自動prose差し替え 2026-06-04（要手書き）。過去問活用向けテンプレートから作成。公開前に本文・参照URL・関連リンクを差し替える。,,,試験要項・公式ページ更新時に本文と参照元を見直す。,,2026-06-29,,draft,v4待ち·ゼロ執筆,,,,,,,,,,,,,,,,,,,past-questions-by-year:年度別過去問;past-question-strategy:過去問戦略;weight-by-topic:出題配分;affiliate-problem-books:運行管理者試験のおすすめ問題集3選【過去問2026】,,,
past-questions-review-cycle,過去問活用,運行管理者試験の過去問解き直し【3·7·14日】,,,30,過去問;模試;復習,運管マスター編集部,資格学習サイトの編集チーム,公式情報確認担当,公開前に一次情報との照合を行う担当者,,公益財団法人 運行管理者試験センター（公式）|https://www.unkan.or.jp/,v4本文クリア 2026-06-19。手書きリライト 2026-06-05。自動prose差し替え 2026-06-04（要手書き）。過去問活用向けテンプレートから作成。公開前に本文・参照URL・関連リンクを差し替える。;retire_redirect:review-cycle-spaced,,,試験要項・公式ページ更新時に本文と参照元を見直す。,,2026-06-29,,archived,archived·v4整理45本,,,,,,,,,,,,,,,,,,,review-cycle-spaced:間隔復習;past-question-strategy:過去問戦略;past-questions-wrong-reasons:誤答分析;affiliate-problem-books:運行管理者試験のおすすめ問題集3選【過去問2026】,,,
past-questions-score-analysis,過去問活用,運行管理者試験の過去問点数分析【5科目/20】,,,30,過去問;模試;復習,運管マスター編集部,資格学習サイトの編集チーム,公式情報確認担当,公開前に一次情報との照合を行う担当者,,公益財団法人 運行管理者試験センター（公式）|https://www.unkan.or.jp/,v4本文クリア 2026-06-19。手書きリライト 2026-06-05。自動prose差し替え 2026-06-04（要手書き）。過去問活用向けテンプレートから作成。公開前に本文・参照URL・関連リンクを差し替える。;retire_redirect:past-question-strategy,,,試験要項・公式ページ更新時に本文と参照元を見直す。,,2026-06-29,,archived,archived·v4整理45本,,,,,,,,,,,,,,,,,,,pass-score:合格点と合格基準;score-gap-analysis:得点差の分析;past-questions-wrong-reasons:誤答原因,,,
bookmark-review-method,過去問活用,運行管理者試験のブックマーク復習,,,30,過去問;模試;復習,運管マスター編集部,資格学習サイトの編集チーム,公式情報確認担当,公開前に一次情報との照合を行う担当者,,公益財団法人 運行管理者試験センター（公式）|https://www.unkan.or.jp/,v4本文クリア 2026-06-19。手書きリライト 2026-06-05。自動prose差し替え 2026-06-04（要手書き）。過去問活用向けテンプレートから作成。公開前に本文・参照URL・関連リンクを差し替える。;retire_redirect:past-question-strategy,,,試験要項・公式ページ更新時に本文と参照元を見直す。,,2026-06-29,,archived,archived·v4整理45本,,,,,,,,,,,,,,,,,,,mistake-notebook:間違いノート;almost-correct-review:惜しい問題;review-cycle-spaced:間隔復習,,,
past-questions-first-attempt,過去問活用,運行管理者試験の過去問初回【100問計測·/20】,,,30,過去問;模試;復習,運管マスター編集部,資格学習サイトの編集チーム,公式情報確認担当,公開前に一次情報との照合を行う担当者,,公益財団法人 運行管理者試験センター（公式）|https://www.unkan.or.jp/,v4本文クリア 2026-06-19。手書きリライト 2026-06-05。自動prose差し替え 2026-06-04（要手書き）。過去問活用向けテンプレートから作成。公開前に本文・参照URL・関連リンクを差し替える。;retire_redirect:past-question-strategy,,,試験要項・公式ページ更新時に本文と参照元を見直す。,,2026-06-29,,archived,archived·v4整理45本,,,,,,,,,,,,,,,,,,,past-question-strategy:過去問戦略;textbook-vs-past-questions:テキストと過去問;past-questions-score-analysis:点数分析;affiliate-problem-books:運行管理者試験のおすすめ問題集3選【過去問2026】,,,
past-questions-wrong-reasons,過去問活用,運行管理者試験の過去問誤答分析【数値·主体·条文】,,,30,過去問;模試;復習,運管マスター編集部,資格学習サイトの編集チーム,公式情報確認担当,公開前に一次情報との照合を行う担当者,,公益財団法人 運行管理者試験センター（公式）|https://www.unkan.or.jp/,v4本文クリア 2026-06-19。手書きリライト 2026-06-05。自動prose差し替え 2026-06-04（要手書き）。過去問活用向けテンプレートから作成。公開前に本文・参照URL・関連リンクを差し替える。;retire_redirect:past-question-strategy,,,試験要項・公式ページ更新時に本文と参照元を見直す。,,2026-06-29,,archived,archived·v4整理45本,,,,,,,,,,,,,,,,,,,past-questions-score-analysis:点数分析;past-questions-review-cycle:過去問解き直し;past-question-strategy:過去問戦略,,,
past-questions-latest-year,過去問活用,運行管理者試験の最新年度過去問【令和7·180分】,,,30,過去問;模試;復習,運管マスター編集部,資格学習サイトの編集チーム,公式情報確認担当,公開前に一次情報との照合を行う担当者,,公益財団法人 運行管理者試験センター（公式）|https://www.unkan.or.jp/,v4本文クリア 2026-06-19。手書きリライト 2026-06-05。自動prose差し替え 2026-06-04（要手書き）。過去問活用向けテンプレートから作成。公開前に本文・参照URL・関連リンクを差し替える。;retire_redirect:past-question-strategy,,,試験要項・公式ページ更新時に本文と参照元を見直す。,,2026-06-29,,archived,archived·v4整理45本,,,,,,,,,,,,,,,,,,,past-questions-by-year:年度別過去問;legal-revision-impact:法改正の影響;past-question-strategy:過去問戦略,,,
mock-exam-how-to,過去問活用,運行管理者試験の模試活用法,,,30,過去問;模試;復習,運管マスター編集部,資格学習サイトの編集チーム,公式情報確認担当,公開前に一次情報との照合を行う担当者,,公益財団法人 運行管理者試験センター（公式）|https://www.unkan.or.jp/,v4本文クリア 2026-06-19。手書きリライト 2026-06-05。自動prose差し替え 2026-06-04（要手書き）。過去問活用向けテンプレートから作成。公開前に本文・参照URL・関連リンクを差し替える。;retire_redirect:past-question-strategy,,,試験要項・公式ページ更新時に本文と参照元を見直す。,,2026-06-29,,archived,archived·v4整理45本,,,,,,,,,,,,,,,,,,,timed-practice:時間計測演習;time-limit-strategy:時間配分戦略;final-mock-last-run:直前模試,,,
ichimon-practice,過去問活用,運行管理者試験の一問一答,,,30,過去問;模試;復習,運管マスター編集部,資格学習サイトの編集チーム,公式情報確認担当,公開前に一次情報との照合を行う担当者,,公益財団法人 運行管理者試験センター（公式）|https://www.unkan.or.jp/,v4本文クリア 2026-06-19。手書きリライト 2026-06-05。自動prose差し替え 2026-06-04（要手書き）。過去問活用向けテンプレートから作成。公開前に本文・参照URL・関連リンクを差し替える。;retire_redirect:past-question-strategy,,,試験要項・公式ページ更新時に本文と参照元を見直す。,,2026-06-29,,archived,archived·v4整理45本,,,,,,,,,,,,,,,,,,,calculation-drill:計算ドリル;glossary-study-method:用語の学習法;drill-volume-guide:演習量の目安,,,
drill-volume-guide,過去問活用,運行管理者試験の演習量の目安,,,30,過去問;模試;復習,運管マスター編集部,資格学習サイトの編集チーム,公式情報確認担当,公開前に一次情報との照合を行う担当者,,公益財団法人 運行管理者試験センター（公式）|https://www.unkan.or.jp/,v4本文クリア 2026-06-19。手書きリライト 2026-06-05。自動prose差し替え 2026-06-04（要手書き）。過去問活用向けテンプレートから作成。公開前に本文・参照URL・関連リンクを差し替える。;retire_redirect:past-question-strategy,,,試験要項・公式ページ更新時に本文と参照元を見直す。,,2026-06-29,,archived,archived·v4整理45本,,,,,,,,,,,,,,,,,,,past-question-strategy:過去問の使い方;timed-practice:時間計測演習;self-study-schedule:週間スケジュール,,,
timed-practice,過去問活用,運行管理者試験の時間計測演習【20問36分·180分】,,,30,過去問;模試;復習,運管マスター編集部,資格学習サイトの編集チーム,公式情報確認担当,公開前に一次情報との照合を行う担当者,,公益財団法人 運行管理者試験センター（公式）|https://www.unkan.or.jp/,v4本文クリア 2026-06-19。手書きリライト 2026-06-05。自動prose差し替え 2026-06-04（要手書き）。過去問活用向けテンプレートから作成。公開前に本文・参照URL・関連リンクを差し替える。,,,試験要項・公式ページ更新時に本文と参照元を見直す。,,2026-06-29,,draft,v4待ち·ゼロ執筆,,,,,,,,,,,,,,,,,,,time-limit-strategy:時間配分·180分;past-question-strategy:過去問の使い方;exam-format-overview:試験形式·CBT;affiliate-problem-books:運行管理者試験のおすすめ問題集3選【過去問2026】,,,
simulation-exam-schedule,過去問活用,運行管理者試験の模試日程【CBT逆算·月2回】,,,30,過去問;模試;復習,運管マスター編集部,資格学習サイトの編集チーム,公式情報確認担当,公開前に一次情報との照合を行う担当者,,公益財団法人 運行管理者試験センター（公式）|https://www.unkan.or.jp/,v4本文クリア 2026-06-19。手書きリライト 2026-06-05。自動prose差し替え 2026-06-04（要手書き）。過去問活用向けテンプレートから作成。公開前に本文・参照URL・関連リンクを差し替える。;retire_redirect:timed-practice,,,試験要項・公式ページ更新時に本文と参照元を見直す。,,2026-06-29,,archived,archived·v4整理45本,,,,,,,,,,,,,,,,,,,timed-practice:時間配分演習;past-questions-latest-year:最新年度過去問;past-question-strategy:過去問戦略;affiliate-mock-exam-materials:運行管理者試験のCBT対策問題集3選【重要問題・令和8年8月版】;affiliate-problem-books:運行管理者試験のおすすめ問題集3選【過去問2026】,,,
glossary-study-method,用語ハブ活用法,運行管理者試験の用語集活用法,,,35,用語集;知識整理,運管マスター編集部,資格学習サイトの編集チーム,公式情報確認担当,公開前に一次情報との照合を行う担当者,,公益財団法人 運行管理者試験センター（公式）|https://www.unkan.or.jp/,v4本文クリア 2026-06-19。手書きリライト 2026-06-05。自動prose差し替え 2026-06-04（要手書き）。用語ハブ活用法向けテンプレートから作成。公開前に本文・参照URL・関連リンクを差し替える。;retire_redirect:glossary-how-to,,,試験要項・公式ページ更新時に本文と参照元を見直す。,,2026-06-29,,archived,archived·v4整理45本,,,,,,,,,,,,,,,,,,,glossary-how-to:用語解説活用法;confusing-terms:混同しやすい用語;important-terms-list:重要用語,,,
important-terms-list,用語ハブ活用法,運行管理者試験の重要用語,,,35,用語集;知識整理,運管マスター編集部,資格学習サイトの編集チーム,公式情報確認担当,公開前に一次情報との照合を行う担当者,,公益財団法人 運行管理者試験センター（公式）|https://www.unkan.or.jp/,v4本文クリア 2026-06-19。手書きリライト 2026-06-05。自動prose差し替え 2026-06-04（要手書き）。用語ハブ活用法向けテンプレートから作成。公開前に本文・参照URL・関連リンクを差し替える。;retire_redirect:glossary-how-to,,,試験要項・公式ページ更新時に本文と参照元を見直す。,,2026-06-29,,archived,archived·v4整理45本,,,,,,,,,,,,,,,,,,,terms-importance-levels:用語重要度;glossary-study-method:用語集活用法;weight-by-topic:出題配分,,,
confusing-terms,用語ハブ活用法,運行管理者試験の混同しやすい用語,,,35,用語集;知識整理,運管マスター編集部,資格学習サイトの編集チーム,公式情報確認担当,公開前に一次情報との照合を行う担当者,,公益財団法人 運行管理者試験センター（公式）|https://www.unkan.or.jp/,v4本文クリア 2026-06-19。手書きリライト 2026-06-05。自動prose差し替え 2026-06-04（要手書き）。用語ハブ活用法向けテンプレートから作成。公開前に本文・参照URL・関連リンクを差し替える。;retire_redirect:glossary-how-to,,,試験要項・公式ページ更新時に本文と参照元を見直す。,,2026-06-29,,archived,archived·v4整理45本,,,,,,,,,,,,,,,,,,,glossary-study-method:用語集活用法;important-terms-list:重要用語;common-misconceptions:よくある誤解,,,
related-terms-navigation,用語ハブ活用法,運行管理者試験の関連用語回遊,,,35,用語集;知識整理,運管マスター編集部,資格学習サイトの編集チーム,公式情報確認担当,公開前に一次情報との照合を行う担当者,,公益財団法人 運行管理者試験センター（公式）|https://www.unkan.or.jp/,v4本文クリア 2026-06-19。手書きリライト 2026-06-05。自動prose差し替え 2026-06-04（要手書き）。用語ハブ活用法向けテンプレートから作成。公開前に本文・参照URL・関連リンクを差し替える。;retire_redirect:glossary-how-to,,,試験要項・公式ページ更新時に本文と参照元を見直す。,,2026-06-29,,archived,archived·v4整理45本,,,,,,,,,,,,,,,,,,,,,,
terms-with-past-questions,用語ハブ活用法,運行管理者試験の用語×過去問,,,35,用語集;知識整理,運管マスター編集部,資格学習サイトの編集チーム,公式情報確認担当,公開前に一次情報との照合を行う担当者,,公益財団法人 運行管理者試験センター（公式）|https://www.unkan.or.jp/,v4本文クリア 2026-06-19。手書きリライト 2026-06-05。自動prose差し替え 2026-06-04（要手書き）。用語ハブ活用法向けテンプレートから作成。公開前に本文・参照URL・関連リンクを差し替える。;retire_redirect:glossary-how-to,,,試験要項・公式ページ更新時に本文と参照元を見直す。,,2026-06-29,,archived,archived·v4整理45本,,,,,,,,,,,,,,,,,,,past-question-strategy:過去問戦略;past-questions-wrong-reasons:誤答理由,,,
terms-importance-levels,用語ハブ活用法,運行管理者試験の用語重要度,,,35,用語集;知識整理,運管マスター編集部,資格学習サイトの編集チーム,公式情報確認担当,公開前に一次情報との照合を行う担当者,,公益財団法人 運行管理者試験センター（公式）|https://www.unkan.or.jp/,v4本文クリア 2026-06-19。手書きリライト 2026-06-05。自動prose差し替え 2026-06-04（要手書き）。用語ハブ活用法向けテンプレートから作成。公開前に本文・参照URL・関連リンクを差し替える。;retire_redirect:glossary-how-to,,,試験要項・公式ページ更新時に本文と参照元を見直す。,,2026-06-29,,archived,archived·v4整理45本,,,,,,,,,,,,,,,,,,,weight-by-topic:出題配分,,,
numbers-and-deadlines,用語ハブ活用法,運行管理者試験の数字・期限,,,35,用語集;知識整理,運管マスター編集部,資格学習サイトの編集チーム,公式情報確認担当,公開前に一次情報との照合を行う担当者,,公益財団法人 運行管理者試験センター（公式）|https://www.unkan.or.jp/,v4本文クリア 2026-06-19。手書きリライト 2026-06-05。自動prose差し替え 2026-06-04（要手書き）。用語ハブ活用法向けテンプレートから作成。公開前に本文・参照URL・関連リンクを差し替える。;retire_redirect:glossary-how-to,,,試験要項・公式ページ更新時に本文と参照元を見直す。,,2026-06-29,,archived,archived·v4整理45本,,,,,,,,,,,,,,,,,,,exam-fees:受験料;exam-schedule:試験日程,,,
formula-memorization,用語ハブ活用法,運行管理者試験の公式・数値の覚え方,,,35,用語集;知識整理,運管マスター編集部,資格学習サイトの編集チーム,公式情報確認担当,公開前に一次情報との照合を行う担当者,,公益財団法人 運行管理者試験センター（公式）|https://www.unkan.or.jp/,v4本文クリア 2026-06-19。手書きリライト 2026-06-05。自動prose差し替え 2026-06-04（要手書き）。用語ハブ活用法向けテンプレートから作成。公開前に本文・参照URL・関連リンクを差し替える。;retire_redirect:study-plan,,,試験要項・公式ページ更新時に本文と参照元を見直す。,,2026-06-29,,archived,archived·v4整理45本,,,,,,,,,,,,,,,,,,,numbers-and-deadlines:数字・期限;calculation-drill:計算演習;field-jigyo-calculation:事業法計算,,,
calculation-drill,用語ハブ活用法,運行管理者試験の計算ドリル,,,35,用語集;知識整理,運管マスター編集部,資格学習サイトの編集チーム,公式情報確認担当,公開前に一次情報との照合を行う担当者,,公益財団法人 運行管理者試験センター（公式）|https://www.unkan.or.jp/,v4本文クリア 2026-06-19。手書きリライト 2026-06-05。自動prose差し替え 2026-06-04（要手書き）。用語ハブ活用法向けテンプレートから作成。公開前に本文・参照URL・関連リンクを差し替える。;retire_redirect:past-question-strategy,,,試験要項・公式ページ更新時に本文と参照元を見直す。,,2026-06-29,,archived,archived·v4整理45本,,,,,,,,,,,,,,,,,,,formula-memorization:数式・数値の暗記;rate-and-percentage:割合・パーセント;note-taking-method:ノートの取り方,,,
rate-and-percentage,用語ハブ活用法,運行管理者試験の割合・60％,,,35,用語集;知識整理,運管マスター編集部,資格学習サイトの編集チーム,公式情報確認担当,公開前に一次情報との照合を行う担当者,,公益財団法人 運行管理者試験センター（公式）|https://www.unkan.or.jp/,v4本文クリア 2026-06-19。手書きリライト 2026-06-05。自動prose差し替え 2026-06-04（要手書き）。用語ハブ活用法向けテンプレートから作成。公開前に本文・参照URL・関連リンクを差し替える。;retire_redirect:glossary-how-to,,,試験要項・公式ページ更新時に本文と参照元を見直す。,,2026-06-29,,archived,archived·v4整理45本,,,,,,,,,,,,,,,,,,,pass-rate-how-to-read:合格率の読み方;numeric-trap-choices:数値引っかけ;score-gap-analysis:得点差分析,,,
numeric-trap-choices,用語ハブ活用法,運行管理者試験の数値引っかけ,,,35,用語集;知識整理,運管マスター編集部,資格学習サイトの編集チーム,公式情報確認担当,公開前に一次情報との照合を行う担当者,,公益財団法人 運行管理者試験センター（公式）|https://www.unkan.or.jp/,v4本文クリア 2026-06-19。手書きリライト 2026-06-05。自動prose差し替え 2026-06-04（要手書き）。用語ハブ活用法向けテンプレートから作成。公開前に本文・参照URL・関連リンクを差し替える。;retire_redirect:glossary-how-to,,,試験要項・公式ページ更新時に本文と参照元を見直す。,,2026-06-29,,archived,archived·v4整理45本,,,,,,,,,,,,,,,,,,,rate-and-percentage:割合・60％,,,
review-cycle-spaced,復習・苦手克服,運行管理者試験の間隔復習【3·7·14日サイクル】,,,36,復習;苦手克服,運管マスター編集部,資格学習サイトの編集チーム,公式情報確認担当,公開前に一次情報との照合を行う担当者,,公益財団法人 運行管理者試験センター（公式）|https://www.unkan.or.jp/,v4本文クリア 2026-06-19。手書きリライト 2026-06-05。自動prose差し替え 2026-06-04（要手書き）。復習・苦手克服向けテンプレートから作成。公開前に本文・参照URL・関連リンクを差し替える。,,,試験要項・公式ページ更新時に本文と参照元を見直す。,,2026-06-29,,draft,v4待ち·ゼロ執筆,,,,,,,,,,,,,,,,,,,past-questions-review-cycle:過去問解き直し;past-questions-wrong-reasons:誤答分析;past-question-strategy:過去問戦略,,,
mistake-notebook,復習・苦手克服,運行管理者試験の間違いノート,,,36,復習;苦手克服,運管マスター編集部,資格学習サイトの編集チーム,公式情報確認担当,公開前に一次情報との照合を行う担当者,,公益財団法人 運行管理者試験センター（公式）|https://www.unkan.or.jp/,v4本文クリア 2026-06-19。手書きリライト 2026-06-05。自動prose差し替え 2026-06-04（要手書き）。復習・苦手克服向けテンプレートから作成。公開前に本文・参照URL・関連リンクを差し替える。;retire_redirect:study-plan,,,試験要項・公式ページ更新時に本文と参照元を見直す。,,2026-06-29,,archived,archived·v4整理45本,,,,,,,,,,,,,,,,,,,review-cycle-spaced:間隔復習;note-taking-method:ノートの取り方;almost-correct-review:惜しい問題の見直し,,,
note-taking-method,復習・苦手克服,運行管理者試験のノート術【3種·/20シート】,,,36,復習;苦手克服,運管マスター編集部,資格学習サイトの編集チーム,公式情報確認担当,公開前に一次情報との照合を行う担当者,,公益財団法人 運行管理者試験センター（公式）|https://www.unkan.or.jp/,v4本文クリア 2026-06-19。手書きリライト 2026-06-05。自動prose差し替え 2026-06-04（要手書き）。復習・苦手克服向けテンプレートから作成。公開前に本文・参照URL・関連リンクを差し替える。;retire_redirect:review-cycle-spaced,,,試験要項・公式ページ更新時に本文と参照元を見直す。,,2026-06-29,,archived,archived·v4整理45本,,,,,,,,,,,,,,,,,,,review-cycle-spaced:間隔復習;past-questions-wrong-reasons:誤答分析;glossary-how-to:用語ハブの見方,,,
almost-correct-review,復習・苦手克服,運行管理者試験の惜しい問題,,,36,復習;苦手克服,運管マスター編集部,資格学習サイトの編集チーム,公式情報確認担当,公開前に一次情報との照合を行う担当者,,公益財団法人 運行管理者試験センター（公式）|https://www.unkan.or.jp/,v4本文クリア 2026-06-19。手書きリライト 2026-06-05。自動prose差し替え 2026-06-04（要手書き）。復習・苦手克服向けテンプレートから作成。公開前に本文・参照URL・関連リンクを差し替える。;retire_redirect:past-question-strategy,,,試験要項・公式ページ更新時に本文と参照元を見直す。,,2026-06-29,,archived,archived·v4整理45本,,,,,,,,,,,,,,,,,,,bookmark-review-method:ブックマーク復習;mistake-notebook:間違いノート;numeric-trap-choices:数値の引っかけ,,,
plateau-breakthrough,復習・苦手克服,運行管理者試験の伸び悩み突破【/20横ばい·2週】,,,36,復習;苦手克服,運管マスター編集部,資格学習サイトの編集チーム,公式情報確認担当,公開前に一次情報との照合を行う担当者,,公益財団法人 運行管理者試験センター（公式）|https://www.unkan.or.jp/,v4本文クリア 2026-06-19。手書きリライト 2026-06-05。自動prose差し替え 2026-06-04（要手書き）。復習・苦手克服向けテンプレートから作成。公開前に本文・参照URL・関連リンクを差し替える。;retire_redirect:review-cycle-spaced,,,試験要項・公式ページ更新時に本文と参照元を見直す。,,2026-06-29,,archived,archived·v4整理45本,,,,,,,,,,,,,,,,,,,self-study-motivation:モチベーション;past-questions-wrong-reasons:誤答分析;past-questions-by-field:分野別過去問;affiliate-problem-books:運行管理者試験のおすすめ問題集3選【過去問2026】,,,
final-week-prep,直前・当日,運行管理者試験の直前1週間,,,70,直前対策;試験当日,運管マスター編集部,資格学習サイトの編集チーム,公式情報確認担当,公開前に一次情報との照合を行う担当者,,公益財団法人 運行管理者試験センター（公式）|https://www.unkan.or.jp/,v4本文クリア 2026-06-19。手書きリライト 2026-06-05。自動prose差し替え 2026-06-04（要手書き）。直前・当日向けテンプレートから作成。公開前に本文・参照URL・関連リンクを差し替える。;retire_redirect:final-day-checklist,,,試験要項・公式ページ更新時に本文と参照元を見直す。,,2026-06-29,,archived,archived·v4整理45本,,,,,,,,,,,,,,,,,,,final-scope-narrowing:範囲絞り込み;final-day-checklist:前日チェックリスト;final-mock-last-run:直前模試,,,
final-day-checklist,直前・当日,運行管理者試験の試験前日【持ち物·CBT·22時就寝】,,,70,直前対策;試験当日,運管マスター編集部,資格学習サイトの編集チーム,公式情報確認担当,公開前に一次情報との照合を行う担当者,,公益財団法人 運行管理者試験センター（公式）|https://www.unkan.or.jp/,v4本文クリア 2026-06-19。手書きリライト 2026-06-05。自動prose差し替え 2026-06-04（要手書き）。直前・当日向けテンプレートから作成。公開前に本文・参照URL・関連リンクを差し替える。,,,試験要項・公式ページ更新時に本文と参照元を見直す。,,2026-06-29,,draft,v4待ち·ゼロ執筆,,,,,,,,,,,,,,,,,,,exam-day-items:試験当日の持ち物;exam-day-flow:試験当日の流れ;simulation-exam-schedule:模試日程;affiliate-mock-exam-materials:運行管理者試験のCBT対策問題集3選【重要問題・令和8年8月版】;affiliate-problem-books:運行管理者試験のおすすめ問題集3選【過去問2026】,,,
final-scope-narrowing,直前・当日,運行管理者試験の直前絞り込み,,,70,直前対策;試験当日,運管マスター編集部,資格学習サイトの編集チーム,公式情報確認担当,公開前に一次情報との照合を行う担当者,,公益財団法人 運行管理者試験センター（公式）|https://www.unkan.or.jp/,v4本文クリア 2026-06-19。手書きリライト 2026-06-05。自動prose差し替え 2026-06-04（要手書き）。直前・当日向けテンプレートから作成。公開前に本文・参照URL・関連リンクを差し替える。;retire_redirect:final-day-checklist,,,試験要項・公式ページ更新時に本文と参照元を見直す。,,2026-06-29,,archived,archived·v4整理45本,,,,,,,,,,,,,,,,,,,final-week-prep:直前1週間;important-terms-list:重要用語;formula-memorization:数値暗記,,,
final-sleep-and-health,直前・当日,運行管理者試験の直前睡眠・体調,,,70,直前対策;試験当日,運管マスター編集部,資格学習サイトの編集チーム,公式情報確認担当,公開前に一次情報との照合を行う担当者,,公益財団法人 運行管理者試験センター（公式）|https://www.unkan.or.jp/,v4本文クリア 2026-06-19。手書きリライト 2026-06-05。自動prose差し替え 2026-06-04（要手書き）。直前・当日向けテンプレートから作成。公開前に本文・参照URL・関連リンクを差し替える。;retire_redirect:final-day-checklist,,,試験要項・公式ページ更新時に本文と参照元を見直す。,,2026-06-29,,archived,archived·v4整理45本,,,,,,,,,,,,,,,,,,,final-week-prep:直前1週間;mental-prep-exam-day:当日メンタル;exam-day-troubleshooting:当日トラブル,,,
final-mock-last-run,直前・当日,運行管理者試験の直前模試,,,70,直前対策;試験当日,運管マスター編集部,資格学習サイトの編集チーム,公式情報確認担当,公開前に一次情報との照合を行う担当者,,公益財団法人 運行管理者試験センター（公式）|https://www.unkan.or.jp/,v4本文クリア 2026-06-19。手書きリライト 2026-06-05。自動prose差し替え 2026-06-04（要手書き）。直前・当日向けテンプレートから作成。公開前に本文・参照URL・関連リンクを差し替える。;retire_redirect:final-day-checklist,,,試験要項・公式ページ更新時に本文と参照元を見直す。,,2026-06-29,,archived,archived·v4整理45本,,,,,,,,,,,,,,,,,,,mock-exam-how-to:模試の活用法;final-week-prep:直前1週間;exam-day-flow:試験当日の流れ,,,
exam-day-items,直前・当日,運行管理者試験の当日持ち物【受験票·身分証·CBT禁止品】,,,70,直前対策;試験当日,運管マスター編集部,資格学習サイトの編集チーム,公式情報確認担当,公開前に一次情報との照合を行う担当者,,公益財団法人 運行管理者試験センター（公式）|https://www.unkan.or.jp/,v4本文クリア 2026-06-19。手書きリライト 2026-06-05。自動prose差し替え 2026-06-04（要手書き）。直前・当日向けテンプレートから作成。公開前に本文・参照URL・関連リンクを差し替える。,,,試験要項・公式ページ更新時に本文と参照元を見直す。,,2026-06-29,,draft,v4待ち·ゼロ執筆,,,,,,,,,,,,,,,,,,,final-day-checklist:試験前日チェック;exam-day-flow:試験当日の流れ;application-deadline-checklist:申込期限,,,
exam-day-flow,直前・当日,運行管理者試験の当日の流れ【8:30到着·180分CBT·165+15】,,,70,直前対策;試験当日,運管マスター編集部,資格学習サイトの編集チーム,公式情報確認担当,公開前に一次情報との照合を行う担当者,,公益財団法人 運行管理者試験センター（公式）|https://www.unkan.or.jp/,v4本文クリア 2026-06-19。手書きリライト 2026-06-05。自動prose差し替え 2026-06-04（要手書き）。直前・当日向けテンプレートから作成。公開前に本文・参照URL・関連リンクを差し替える。,,,試験要項・公式ページ更新時に本文と参照元を見直す。,,2026-06-29,,draft,v4待ち·ゼロ執筆,,,,,,,,,,,,,,,,,,,final-day-checklist:試験前日チェック;exam-day-items:試験当日の持ち物;time-limit-strategy:時間配分戦略,,,
exam-day-time-allocation,直前・当日,運行管理者試験の当日時間配分,,,70,直前対策;試験当日,運管マスター編集部,資格学習サイトの編集チーム,公式情報確認担当,公開前に一次情報との照合を行う担当者,,公益財団法人 運行管理者試験センター（公式）|https://www.unkan.or.jp/,v4本文クリア 2026-06-19。手書きリライト 2026-06-05。自動prose差し替え 2026-06-04（要手書き）。直前・当日向けテンプレートから作成。公開前に本文・参照URL・関連リンクを差し替える。;retire_redirect:final-day-checklist,,,試験要項・公式ページ更新時に本文と参照元を見直す。,,2026-06-29,,archived,archived·v4整理45本,,,,,,,,,,,,,,,,,,,time-limit-strategy:時間配分戦略;mental-prep-exam-day:当日メンタル;exam-day-flow:当日の流れ,,,
mental-prep-exam-day,直前・当日,運行管理者試験の当日メンタル,,,70,直前対策;試験当日,運管マスター編集部,資格学習サイトの編集チーム,公式情報確認担当,公開前に一次情報との照合を行う担当者,,公益財団法人 運行管理者試験センター（公式）|https://www.unkan.or.jp/,v4本文クリア 2026-06-19。手書きリライト 2026-06-05。自動prose差し替え 2026-06-04（要手書き）。直前・当日向けテンプレートから作成。公開前に本文・参照URL・関連リンクを差し替える。;retire_redirect:final-day-checklist,,,試験要項・公式ページ更新時に本文と参照元を見直す。,,2026-06-29,,archived,archived·v4整理45本,,,,,,,,,,,,,,,,,,,exam-day-time-allocation:当日時間配分;time-limit-strategy:時間配分戦略;final-sleep-and-health:睡眠・体調,,,
exam-day-troubleshooting,直前・当日,運行管理者試験の当日トラブル,,,70,直前対策;試験当日,運管マスター編集部,資格学習サイトの編集チーム,公式情報確認担当,公開前に一次情報との照合を行う担当者,,公益財団法人 運行管理者試験センター（公式）|https://www.unkan.or.jp/,v4本文クリア 2026-06-19。手書きリライト 2026-06-05。自動prose差し替え 2026-06-04（要手書き）。直前・当日向けテンプレートから作成。公開前に本文・参照URL・関連リンクを差し替える。;retire_redirect:final-day-checklist,,,試験要項・公式ページ更新時に本文と参照元を見直す。,,2026-06-29,,archived,archived·v4整理45本,,,,,,,,,,,,,,,,,,,exam-day-flow:当日の流れ;exam-day-items:当日持ち物;reschedule-and-absence:欠席・再受験,,,
after-pass-procedure,注意点・更新,運行管理者試験の合格後手続き【合格証明·選任届出·2週】,,,12,誤解;制度変更;合格後,運管マスター編集部,資格学習サイトの編集チーム,公式情報確認担当,公開前に一次情報との照合を行う担当者,,公益財団法人 運行管理者試験センター（公式）|https://www.unkan.or.jp/,v4本文クリア 2026-06-19。手書きリライト 2026-06-05。自動prose差し替え 2026-06-04（要手書き）。注意点・更新向けテンプレートから作成。公開前に本文・参照URL・関連リンクを差し替える。,,,試験要項・公式ページ更新時に本文と参照元を見直す。,,2026-06-29,,draft,v4待ち·ゼロ執筆,,,,,,,,,,,,,,,,,,,registration-after-pass:合格後の登録;pass-announcement-guide:合格発表;pass-score:合格点と合格基準,,,
pass-announcement-guide,注意点・更新,運行管理者試験の合格発表【4/15 Web·5科目12/20】,,,12,誤解;制度変更;合格後,運管マスター編集部,資格学習サイトの編集チーム,公式情報確認担当,公開前に一次情報との照合を行う担当者,,公益財団法人 運行管理者試験センター（公式）|https://www.unkan.or.jp/,v4本文クリア 2026-06-19。手書きリライト 2026-06-05。自動prose差し替え 2026-06-04（要手書き）。注意点・更新向けテンプレートから作成。公開前に本文・参照URL・関連リンクを差し替える。;retire_redirect:after-pass-procedure,,,試験要項・公式ページ更新時に本文と参照元を見直す。,,2026-06-29,,archived,archived·v4整理45本,,,,,,,,,,,,,,,,,,,after-pass-procedure:合格後の手続き;pass-score:合格点と合格基準;retake-strategy:再受験戦略,,,
registration-after-pass,注意点・更新,運行管理者試験の合格後登録【運管証交付·6/15届出】,,,12,誤解;制度変更;合格後,運管マスター編集部,資格学習サイトの編集チーム,公式情報確認担当,公開前に一次情報との照合を行う担当者,,公益財団法人 運行管理者試験センター（公式）|https://www.unkan.or.jp/,v4本文クリア 2026-06-19。手書きリライト 2026-06-05。自動prose差し替え 2026-06-04（要手書き）。注意点・更新向けテンプレートから作成。公開前に本文・参照URL・関連リンクを差し替える。,,,試験要項・公式ページ更新時に本文と参照元を見直す。,,2026-06-29,,draft,v4待ち·ゼロ執筆,,,,,,,,,,,,,,,,,,,after-pass-procedure:合格後の手続き;pass-announcement-guide:合格発表;exam-overview:試験概要,,,
career-after-qualification,注意点・更新,運行管理者試験合格後のキャリア｜選任・点呼・配車管理,,,12,誤解;制度変更;合格後,運管マスター編集部,資格学習サイトの編集チーム,公式情報確認担当,公開前に一次情報との照合を行う担当者,,公益財団法人 運行管理者試験センター（公式）|https://www.unkan.or.jp/,v4本文クリア 2026-06-19。手書きリライト 2026-06-05。自動prose差し替え 2026-06-04（要手書き）。注意点・更新向けテンプレートから作成。公開前に本文・参照URL・関連リンクを差し替える。;retire_redirect:exam-overview,,,試験要項・公式ページ更新時に本文と参照元を見直す。,,2026-06-29,,archived,archived·v4整理45本,,,,,,,,,,,,,,,,,,,after-pass-procedure:合格後手続き;registration-after-pass:合格後登録;exam-purpose-and-career:試験の目的,,,
fail-retry-plan,注意点・更新,運行管理者試験の不合格後計画,,,12,誤解;制度変更;合格後,運管マスター編集部,資格学習サイトの編集チーム,公式情報確認担当,公開前に一次情報との照合を行う担当者,,公益財団法人 運行管理者試験センター（公式）|https://www.unkan.or.jp/,v4本文クリア 2026-06-19。手書きリライト 2026-06-05。自動prose差し替え 2026-06-04（要手書き）。注意点・更新向けテンプレートから作成。公開前に本文・参照URL・関連リンクを差し替える。;retire_redirect:study-plan,,,試験要項・公式ページ更新時に本文と参照元を見直す。,,2026-06-29,,archived,archived·v4整理45本,,,,,,,,,,,,,,,,,,,retake-strategy:再受験の戦略;pass-announcement-guide:合格発表;reschedule-and-absence:欠席・再受験,,,
retake-strategy,注意点・更新,"運行管理者試験の再受験戦略【弱点2科目·16週·6,660円】",,,12,誤解;制度変更;合格後,運管マスター編集部,資格学習サイトの編集チーム,公式情報確認担当,公開前に一次情報との照合を行う担当者,,公益財団法人 運行管理者試験センター（公式）|https://www.unkan.or.jp/,v4本文クリア 2026-06-19。手書きリライト 2026-06-05。自動prose差し替え 2026-06-04（要手書き）。注意点・更新向けテンプレートから作成。公開前に本文・参照URL・関連リンクを差し替える。,,,試験要項・公式ページ更新時に本文と参照元を見直す。,,2026-06-29,,draft,v4待ち·ゼロ執筆,,,,,,,,,,,,,,,,,,,score-gap-analysis:得点差の分析;pass-announcement-guide:合格発表;past-question-strategy:過去問の使い方;affiliate-problem-books:運行管理者試験のおすすめ問題集3選【過去問2026】;affiliate-mock-exam-materials:運行管理者試験のCBT対策問題集3選【重要問題・令和8年8月版】,,,
retake-schedule-adjustment,注意点・更新,運行管理者試験の再受験日程調整,,,12,誤解;制度変更;合格後,運管マスター編集部,資格学習サイトの編集チーム,公式情報確認担当,公開前に一次情報との照合を行う担当者,,公益財団法人 運行管理者試験センター（公式）|https://www.unkan.or.jp/,v4本文クリア 2026-06-19。手書きリライト 2026-06-05。自動prose差し替え 2026-06-04（要手書き）。注意点・更新向けテンプレートから作成。公開前に本文・参照URL・関連リンクを差し替える。;retire_redirect:retake-strategy,,,試験要項・公式ページ更新時に本文と参照元を見直す。,,2026-06-29,,archived,archived·v4整理45本,,,,,,,,,,,,,,,,,,,retake-strategy:再受験戦略;exam-schedule:試験日程,,,
score-gap-analysis,注意点・更新,運行管理者試験の得点差分析【12/20ギャップ·弱点2科目】,,,12,誤解;制度変更;合格後,運管マスター編集部,資格学習サイトの編集チーム,公式情報確認担当,公開前に一次情報との照合を行う担当者,,公益財団法人 運行管理者試験センター（公式）|https://www.unkan.or.jp/,v4本文クリア 2026-06-19。手書きリライト 2026-06-05。自動prose差し替え 2026-06-04（要手書き）。注意点・更新向けテンプレートから作成。公開前に本文・参照URL・関連リンクを差し替える。;retire_redirect:retake-strategy,,,試験要項・公式ページ更新時に本文と参照元を見直す。,,2026-06-29,,archived,archived·v4整理45本,,,,,,,,,,,,,,,,,,,past-questions-score-analysis:過去問点数分析;retake-strategy:再受験戦略;plateau-breakthrough:停滞突破,,,
exam-changes,注意点・更新,運行管理者試験の制度変更,,,12,誤解;制度変更;合格後,運管マスター編集部,資格学習サイトの編集チーム,公式情報確認担当,公開前に一次情報との照合を行う担当者,,公益財団法人 運行管理者試験センター（公式）|https://www.unkan.or.jp/,v4本文クリア 2026-06-19。手書きリライト 2026-06-05。自動prose差し替え 2026-06-04（要手書き）。注意点・更新向けテンプレートから作成。公開前に本文・参照URL・関連リンクを差し替える。;retire_redirect:syllabus-how-to-read,,,試験要項・公式ページ更新時に本文と参照元を見直す。,,2026-06-29,,archived,archived·v4整理45本,,,,,,,,,,,,,,,,,,,cbt-computer-exam:CBT方式;exam-format-overview:試験形式の概要;pass-score:合格点,,,
legal-revision-impact,注意点・更新,運行管理者試験と法改正｜5科目への影響と更新手順,,,12,誤解;制度変更;合格後,運管マスター編集部,資格学習サイトの編集チーム,公式情報確認担当,公開前に一次情報との照合を行う担当者,,公益財団法人 運行管理者試験センター（公式）|https://www.unkan.or.jp/,v4本文クリア 2026-06-19。手書きリライト 2026-06-05。自動prose差し替え 2026-06-04（要手書き）。注意点・更新向けテンプレートから作成。公開前に本文・参照URL・関連リンクを差し替える。;retire_redirect:syllabus-how-to-read,,,試験要項・公式ページ更新時に本文と参照元を見直す。,,2026-06-29,,archived,archived·v4整理45本,,,,,,,,,,,,,,,,,,,scope-revision-history:出題範囲の改定;official-info-update-habits:公式情報の更新習慣;numbers-and-deadlines:数値と期限,,,
syllabus-update-tracker,注意点・更新,運行管理者試験の要項更新トラッカー【毎月1日·差分1枚】,,,12,誤解;制度変更;合格後,運管マスター編集部,資格学習サイトの編集チーム,公式情報確認担当,公開前に一次情報との照合を行う担当者,,公益財団法人 運行管理者試験センター（公式）|https://www.unkan.or.jp/,v4本文クリア 2026-06-19。手書きリライト 2026-06-05。自動prose差し替え 2026-06-04（要手書き）。注意点・更新向けテンプレートから作成。公開前に本文・参照URL・関連リンクを差し替える。,,,試験要項・公式ページ更新時に本文と参照元を見直す。,,2026-06-29,,draft,v4待ち·ゼロ執筆,,,,,,,,,,,,,,,,,,,syllabus-how-to-read:要項の読み方;scope-revision-history:出題範囲の改定;official-info-sources:公式情報の確認先,,,
official-info-update-habits,注意点・更新,運行管理者試験の公式情報確認習慣,,,12,誤解;制度変更;合格後,運管マスター編集部,資格学習サイトの編集チーム,公式情報確認担当,公開前に一次情報との照合を行う担当者,,公益財団法人 運行管理者試験センター（公式）|https://www.unkan.or.jp/,v4本文クリア 2026-06-19。手書きリライト 2026-06-05。自動prose差し替え 2026-06-04（要手書き）。注意点・更新向けテンプレートから作成。公開前に本文・参照URL・関連リンクを差し替える。;retire_redirect:syllabus-how-to-read,,,試験要項・公式ページ更新時に本文と参照元を見直す。,,2026-06-29,,archived,archived·v4整理45本,,,,,,,,,,,,,,,,,,,official-info-sources:公式情報の確認先;syllabus-how-to-read:要項の読み方;application-deadline-checklist:申込締切チェック,,,
common-misconceptions,注意点・更新,運行管理者試験のよくある誤解,,,12,誤解;制度変更;合格後,運管マスター編集部,資格学習サイトの編集チーム,公式情報確認担当,公開前に一次情報との照合を行う担当者,,公益財団法人 運行管理者試験センター（公式）|https://www.unkan.or.jp/,v4本文クリア 2026-06-19。手書きリライト 2026-06-05。自動prose差し替え 2026-06-04（要手書き）。注意点・更新向けテンプレートから作成。公開前に本文・参照URL・関連リンクを差し替える。;retire_redirect:exam-overview,,,試験要項・公式ページ更新時に本文と参照元を見直す。,,2026-06-29,,archived,archived·v4整理45本,,,,,,,,,,,,,,,,,,,pass-score:合格点,,,
pass-only-past-questions-myth,注意点・更新,運行管理者試験｜過去問だけでは足りない理由【12/20·テキスト50％】,,,12,誤解;制度変更;合格後,運管マスター編集部,資格学習サイトの編集チーム,公式情報確認担当,公開前に一次情報との照合を行う担当者,,公益財団法人 運行管理者試験センター（公式）|https://www.unkan.or.jp/,v4本文クリア 2026-06-19。手書きリライト 2026-06-05。自動prose差し替え 2026-06-04（要手書き）。注意点・更新向けテンプレートから作成。公開前に本文・参照URL・関連リンクを差し替える。,,,試験要項・公式ページ更新時に本文と参照元を見直す。,,2026-06-29,,draft,v4待ち·ゼロ執筆,,,,,,,,,,,,,,,,,,,textbook-vs-past-questions:テキストと過去問;past-question-strategy:過去問の活用法;self-study-mistakes:独学のよくある失敗,,,
study-hours-myth,注意点・更新,運行管理者試験の勉強時間【300時間神話·週10h×10週】,,,12,誤解;制度変更;合格後,運管マスター編集部,資格学習サイトの編集チーム,公式情報確認担当,公開前に一次情報との照合を行う担当者,,公益財団法人 運行管理者試験センター（公式）|https://www.unkan.or.jp/,v4本文クリア 2026-06-19。手書きリライト 2026-06-05。自動prose差し替え 2026-06-04（要手書き）。注意点・更新向けテンプレートから作成。公開前に本文・参照URL・関連リンクを差し替える。;retire_redirect:study-plan,,,試験要項・公式ページ更新時に本文と参照元を見直す。,,2026-06-29,,archived,archived·v4整理45本,,,,,,,,,,,,,,,,,,,study-plan:学習計画の立て方;time-management:時間管理;exam-difficulty:難易度,,,
eligibility-myths,注意点・更新,運行管理者試験の受験資格の誤解,,,12,誤解;制度変更;合格後,運管マスター編集部,資格学習サイトの編集チーム,公式情報確認担当,公開前に一次情報との照合を行う担当者,,公益財団法人 運行管理者試験センター（公式）|https://www.unkan.or.jp/,v4本文クリア 2026-06-19。手書きリライト 2026-06-05。自動prose差し替え 2026-06-04（要手書き）。注意点・更新向けテンプレートから作成。公開前に本文・参照URL・関連リンクを差し替える。;retire_redirect:exam-overview,,,試験要項・公式ページ更新時に本文と参照元を見直す。,,2026-06-29,,archived,archived·v4整理45本,,,,,,,,,,,,,,,,,,,exam-eligibility:受験資格;work-experience-requirement:実務経験;education-requirement:学歴要件,,,
difficulty-myths,注意点・更新,運行管理者試験の難易度,,,12,誤解;制度変更;合格後,運管マスター編集部,資格学習サイトの編集チーム,公式情報確認担当,公開前に一次情報との照合を行う担当者,,公益財団法人 運行管理者試験センター（公式）|https://www.unkan.or.jp/,v4本文クリア 2026-06-19。手書きリライト 2026-06-05。自動prose差し替え 2026-06-04（要手書き）。注意点・更新向けテンプレートから作成。公開前に本文・参照URL・関連リンクを差し替える。;retire_redirect:exam-overview,,,試験要項・公式ページ更新時に本文と参照元を見直す。,,2026-06-29,,archived,archived·v4整理45本,,,,,,,,,,,,,,,,,,,exam-difficulty:難易度;pass-rate:合格率;common-misconceptions:よくある誤解,,,
affiliate-textbooks-recommend,独学対策,運行管理者試験のおすすめテキスト3選【貨物·旅客2026】,運行管理者試験の独学向けおすすめテキスト3選（2026年度版）。ユーキャン貨物·翔泳社貨物·翔泳社旅客を比較。5科目12/20·100問180分を前提に1冊選びと週次計画を具体例付き解説。,"2026年度版テキスト3冊を、章立て·解説量·演習接続で比較します。CBTは四肢択一·5科目×各20問·合計100問·180分·科目60％（12/20）合格制·受験手数料6,000円＋660円（要項で再確認）です。出題範囲は運行管理者試験センター（公式）が正本。価格·在庫は購入前に各Amazonページでご確認ください。例えば6/11（木）·CBT予定日まで残り12週なら、6/14（日）3冊比較——6/17（水）1冊決定——6/21（日）100問計測、が定番の流れです。",370,独学;参考書;アフィリエイト,運管マスター編集部,資格学習サイトの編集チーム,公式情報確認担当,公開前に一次情報との照合を行う担当者,2026-06-12,公益財団法人 運行管理者試験センター（公式）|https://www.unkan.or.jp/,手書きリライト 2026-06-05。自動prose差し替え 2026-06-04（要手書き）。Amazon tag=ue083093-22。4426616654 / 479818456X / 4798184578。,本記事を読むと、2026年度版テキスト3冊の向き不向きが分かり、たとえば「ユーキャン貨物→平日30分×5＋土曜90分→8/10 12/20×5→6/21 100問計測」まで具体例付きで設計できます。,6/14（日）比較表で3冊の章立てと5科目対応を確認する;要項の受験区分（貨物/旅客）と表紙表記を照合して1冊に絞る;6/17（水）から事業法第1章+演習5問の週次ループを開始する;6/21（日）100問通しで5科目/20を1行記録する;テキスト決定後はおすすめ問題集記事で演習1冊を選ぶ,試験要項・公式ページ更新時に本文と参照元を見直す。,2026-06-12,2026-06-29,2026-06-12,published,2026-06-12: 編集合格（Amazon URL確定·本文全面リライト·具体例·v2）,6/14：12週逆算で1冊を決める3点,"テキスト選びは試験センター要項確認後の3点チェックから始めます。週10時間なら通勤30分×5＋土曜90分が現実的な配分です。

| 観点 | 確認内容 |
| --- | --- |
| 区分 | 貨物/旅客と表紙表記 |
| 5科目 | 目次が要項と一致 |
| 演習接続 | 同系統問題集へ進めるか |

例えば6/14（日）——要項5科目表——3冊目次突合——6/17（水）1冊決定——[テキストの選び方](../textbook-selection/)記事比較基準——してください。",3冊タイプ別：週次時間の当て方,"2026年度版3冊は週次の使い方が異なります。いずれも最新版を選び、中古は版を確認します。

| タイプ | 向く受験生 |
| --- | --- |
| ユーキャン貨物 | 初学者·ALL-in-one |
| 翔泳社貨物 | 解説厚め·条文整理 |
| 翔泳社旅客 | 旅客のみ本格 |

たとえば週10時間なら、ユーキャンは平日30分×5＋土曜90分、翔泳社貨物は条文章20分＋土曜演習60分、翔泳社旅客は貨物合格後の科目差分比較——past-question-strategy100問計測——してください。",1位 ユーキャン貨物：問題集縦串ルーティン,"2026年版 ユーキャンの運行管理者＜貨物＞合格テキスト&問題集（512頁·Amazon税込参考3,080円·4426616654）は、貨物5科目を1冊で学べます。

| 強み | 弱み·注意 |
| --- | --- |
| 過去6回問題集と縦串◎ | ページ量に時間設計 |
| 図表で全体像◎ | 他社問題集と章ズレ |
| 初学者の第一候補 | 価格はAmazon要確認 |

例えば6/17（水）——事業法第1章30分——土曜演習10問——8/10（月）12/20×5——[おすすめ問題集3選](../affiliate-problem-books/)——してください。",2位·3位 翔泳社貨物·旅客,"運行管理教科書 運行管理者＜貨物＞テキスト&問題集 第3版（560頁·3,300円参考·479818456X）と＜旅客＞第2版（544頁·4798184578）です。

| 教材 | 向く人 |
| --- | --- |
| 翔泳社貨物 | 12/20未満科目の深読み |
| 翔泳社旅客 | 旅客CBT本格 |
| 併用 | 貨物合格後の差分 |

たとえば6/21（日）100問計測で事業法11/20なら翔泳社貨物許可章20分→20問、旅客CBTなら4798184578を6/17までに決定——してください。",テキストの選び方記事との2列比較表,"一般のテキスト選びと本記事（Amazon3冊比較）は2記事で分担します。テキスト選び記事は要項照合·1冊完走·テキスト先·問題集後、本記事はユーキャン·翔泳社3冊の具体比較·週次配分·演習接続·Amazonリンクに特化します。

| 論点 | テキスト選び記事 | 本記事（3冊比較） |
| --- | --- | --- |
| 焦点 | 選定基準 | 商品比較 |
| 成果物 | 1冊決定 | 3冊から1冊 |
| 時期 | 6/14 Day0 | 6/14〜6/17 |
| 出口 | [独学の始め方](../self-study-start/) | [おすすめ問題集3選](../affiliate-problem-books/) |

例えば6/14（日）テキスト選び——本記事3冊比較——6/17（水）1冊決定——self-study-roadmap——の順が定番です。3冊同時購入が典型ミスです。",購入前チェックリスト,"試験前日までに、運行管理者試験センター（公式）の受験要項と受験票でおすすめテキスト3選【貨物・旅客2026】の内容を最終確認し、忘れ物がないよう前日のうちに以下をチェックしてください。

- 受験票（印刷したもの、または要項で認められた表示方法）
- HB程度の黒い鉛筆を2本以上（予備含む。シャープペンシル可否は要項で確認）
- 消しゴム（汚れ・欠けがないもの）
- 受験票に「身分証明書持参」とある場合は、有効期限内の写真付き身分証
- 会場名・住所・最寄り駅・会場入口（受験票の案内どおり）
- 試験開始時刻と受付開始時刻（多くの会場は開始30分前までに着席）
- 当日の交通手段・所要時間・予備経路（遅延時の連絡先も控える）
- 腕時計の持込可否（禁止の場合は会場の時計のみ使用）
- スマートフォン・タブレット・参考書・電卓・ノート・辞書など禁止物品を持ち込まない
- 前日就寝時刻・当日の起床時刻・朝食（体調管理）

学習面では新しい教材を増やさず、直近1週間の誤答ノートと頻出用語だけを30分以内で見直します。当日朝は持ち物をリスト通りにカバンへ入れ、出発前にもう一度中身を確認してください。",,,テキストは1冊だけで足りますか？,本格テキスト1冊＋当サイトの演習で独学は可能です。たとえば6/11（木）から週10時間×12週なら、テキスト第1周に100時間·演習50時間が目安。演習不足ならaffiliate-problem-books記事の問題集1冊を追加。例えば6/21（日）100問計測——車両9/20·事業11/20——弱点科目に問題集——1フェーズ1冊で進めてください。,貨物と旅客、どちらのテキストを選べばよいですか？,事業法科目の法令が異なります。例えば6/14（日）要項で受験区分を確認——貨物CBTなら4426616654または479818456X、旅客CBTなら4798184578——表紙表記を申込前に照合。たとえば貨物合格後の旅客追加なら翔泳社2冊で科目差分比較——2026年度版·価格はAmazon販売ページで確認してください。,study-plan:学習計画の立て方;textbook-selection:テキストの選び方;past-question-strategy:過去問の使い方;affiliate-problem-books:おすすめ問題集3選;affiliate-mock-exam-materials:CBT対策問題集3選;exam-overview:試験概要;https://www.amazon.co.jp/dp/4426616654/ref=nosim?tag=ue083093-22;https://www.amazon.co.jp/dp/479818456X/ref=nosim?tag=ue083093-22;https://www.amazon.co.jp/dp/4798184578/ref=nosim?tag=ue083093-22,本記事とテキスト選び記事の違いは？,テキスト選び記事は要項照合·1冊完走·テキスト先·問題集後の一般基準、本記事はユーキャン·翔泳社3冊のAmazon比較·週次配分·演習接続に特化します。6/14テキスト選びで基準——本記事で3冊比較——6/17 1冊決定——past-question-strategy100問計測——2記事セットで使ってください。,2026年版 ユーキャンの運行管理者＜貨物＞ 合格テキスト&問題集;運行管理教科書 運行管理者＜貨物＞テキスト&問題集 第3版;運行管理教科書 運行管理者＜旅客＞テキスト&問題集 第2版;貨物・旅客の選び方;過去問との併用
affiliate-problem-books,独学対策,運行管理者試験のおすすめ問題集3選【過去問2026】,運行管理者試験のおすすめ問題集3選（2026年度版）。ユーキャン過去6回·成美堂貨物·成美堂旅客を比較。5科目12/20·100問180分を前提に演習1冊選びと解き直しを具体例付き解説。,"2026年度版問題集3冊を、収録形式·解説量·手元テキストとの相性で比較します。CBTは四肢択一·5科目×各20問·合計100問·180分·科目60％（12/20）合格制·受験手数料6,000円＋660円（要項で再確認）です。出題範囲は運行管理者試験センター（公式）が正本。価格·在庫は購入前に各Amazonページでご確認ください。例えば6/11（木）·CBT予定日まで残り12週なら、6/17（水）テキスト1冊確定——6/21（日）100問計測——7/1（火）問題集1冊決定——が定番の流れです。",365,独学;参考書;アフィリエイト,運管マスター編集部,資格学習サイトの編集チーム,公式情報確認担当,公開前に一次情報との照合を行う担当者,2026-06-12,公益財団法人 運行管理者試験センター（公式）|https://www.unkan.or.jp/,手書きリライト 2026-06-05。自動prose差し替え 2026-06-04（要手書き）。Amazon tag=ue083093-22。4426616662 / 4415240216 / 4415240224。,本記事を読むと、問題集3冊の向き不向きが分かり、たとえば「ユーキャン縦串→車両25問/週→8/10 12/20×5→解き直し40％」まで具体例付きで設計できます。,6/17（水）手元テキストと同系統の問題集1冊を比較表で選ぶ;6/21（日）100問計測で5科目/20を1行記録する;12/20未満科目はテキスト20分を演習前に入れる;誤答に3日·7日解き直し日をカレンダー登録する;CBT6週前から100問180分通しを月2回入れる,試験要項・公式ページ更新時に本文と参照元を見直す。,2026-06-12,2026-06-29,2026-06-12,published,2026-06-12: 編集合格（Amazon URL確定·本文全面リライト·具体例·v2）,6/21：100問計測後に1冊を決める基準,"問題集選びは100問初回計測の/20記録後が最も判断しやすいです。週10時間なら問題集20問/週＋解き直し40％が目安。

| 基準 | 内容 |
| --- | --- |
| 形式 | CBT100問·5科目20問 |
| 区分 | 貨物/旅客表紙 |
| 復習 | 解説→テキスト該当章 |

例えば6/21（日）100問計測——車両9/20なら4426616662（ユーキャン）——4426616654テキスト章立て——past-question-strategy3日解き直し——してください。",3冊タイプ別：テキスト縦串の選び方,"2026年度版3冊は手元テキストと同系統優先が基本です。2冊同時開きは分散の原因。

| メインテキスト | 問題集 |
| --- | --- |
| ユーキャン貨物 | 4426616662 |
| 翔泳社貨物 | 4415240216 |
| 翔泳社旅客 | 4415240224 |

たとえば6/17（水）ユーキャンテキスト利用中なら過去6回問題集1冊に絞り、12/20未満科目に25問/週——[おすすめテキスト3選](../affiliate-textbooks-recommend/)未決なら先にテキスト——してください。",1位 ユーキャン過去6回：週25問ループ,"2026年版 ユーキャンの運行管理者＜貨物＞過去6回問題集（320頁·Amazon税込参考2,750円·4426616662）は、ユーキャンテキストと章立てを揃えやすい定番です。

| 強み | 弱み·注意 |
| --- | --- |
| テキスト縦串◎ | 旅客CBTには別冊 |
| 過去6回で演習量◎ | 解説のみでは浅い |
| 12/20計測向き | 価格はAmazon要確認 |

例えば6/24（火）——週25問·3日解き直し——8/10（月）12/20×5——CBT6週前100問通し——してください。",2位·3位 成美堂貨物·旅客,"詳解 運行管理者＜貨物＞過去問題集（288頁·2,420円参考·4415240216）と＜旅客＞過去問題集（4415240224）です。

| 教材 | 向く人 |
| --- | --- |
| 成美堂貨物 | 解説厚め·12/20未満 |
| 成美堂旅客 | 旅客CBT本格演習 |
| 併用 | 貨物合格後の旅客 |

たとえば6/21（日）計測で事業11/20·車両9/20なら成美堂貨物20問/週——解説→翔泳社テキスト該当章——7/1（火）1冊決定——してください。",過去問の使い方記事との2列比較表,"過去問の回し方と本記事（Amazon3冊比較）は2記事で分担します。過去問活用法記事は100問計測·/20週次記録·3日解き直し·100問通し180分、本記事はユーキャン·成美堂3冊の具体比較·テキスト縦串·演習1冊選びに特化します。

| 論点 | 過去問活用法記事 | 本記事（3冊比較） |
| --- | --- | --- |
| 焦点 | 回し方·記録 | 商品比較 |
| 成果物 | /20週次表 | 演習1冊 |
| 時期 | 6/21計測 | 7/1決定 |
| 出口 | pass-score | [おすすめ一問一答・速習](../affiliate-mock-exam-materials/) |

例えば6/21（日）過去問活用法——100問計測——7/1（火）本記事1冊——CBT6週前通し180分——の順が定番です。問題集3冊同時購入が典型ミスです。",CBT対策問題集との使い分け,"数値・日程・合格基準は年度で更新されるため、学習前と申込前には運行管理者試験センター（公式）の最新案内を確認してください。演習でおすすめ問題集3選【過去問2026】に関する設問を解いたら。正解理由と誤答肢の違いを短くメモし、用語解説・比較表・よくある誤答タブで似た論点を比較表で整理すると定着しやすくなります。

関連記事は役割が重ならないよう、概要→形式→学習計画の順で読むと迷いにくくなります。数値・日程・合格基準は年度で更新されるため、学習前と申込前には公益財団法人 運行管理者試験センターの最新案内を確認してください。",,,過去問だけで合格できますか？,演習量は確保できますが、初めての論点はテキスト理解後に問題集へ入る方が効率的です。たとえば6/11（木）開始なら6/17テキスト1冊——6/21 100問計測——7月から問題集25問/週——CBT6週前100問通し×2回が最低ラインの一例。例えば車両のみ過去問偏重——9/20のまま——科目不合格リスク——affiliate-textbooks-recommendと組み合わせてください。,ユーキャンと成美堂、どちらを先に買いますか？,テキストブランドに合わせ1冊を選ぶのが基本です。ユーキャンテキスト利用なら4426616662、翔泳社貨物なら4415240216、旅客CBTなら4415240224——が一般的です。例えば6/21（日）計測後——12/20未満科目を確認——7/1（火）1冊決定——Amazon収録回数·5科目配分を確認してください。,past-question-strategy:過去問の使い方;pass-score:合格点の目安;affiliate-textbooks-recommend:おすすめテキスト3選;affiliate-mock-exam-materials:CBT対策問題集3選;retake-strategy:再受験戦略;past-questions-by-field:分野別過去問;https://www.amazon.co.jp/dp/4426616662/ref=nosim?tag=ue083093-22;https://www.amazon.co.jp/dp/4415240216/ref=nosim?tag=ue083093-22;https://www.amazon.co.jp/dp/4415240224/ref=nosim?tag=ue083093-22,本記事と過去問活用法記事の違いは？,過去問活用法記事は100問計測·/20記録·3·7日解き直し·100問通し180分の一般手順、本記事はユーキャン·成美堂3冊のAmazon比較·テキスト縦串·演習1冊選び。6/21過去問活用法計測——7/1本記事1冊——self-study-roadmap週次ループ——2記事セットで使ってください。,2026年版 ユーキャンの運行管理者＜貨物＞ 過去6回問題集;詳解 運行管理者＜貨物＞過去問題集 '25-'26年版;詳解 運行管理者＜旅客＞過去問題集 '25-'26年版;問題集選びの基準;過去問の回し方
affiliate-online-course-compare,独学対策,運行管理者試験のオンライン講座比較【独学との併用】,運行管理者試験向けオンライン講座の比較。動画視聴と5科目演習、買い切り/月額、12/20記録との併用を解説。,"運行管理者試験のオンライン講座は、動画で条文整理しつつ演習量を確保したい独学者向けです。5科目×20問・12/20合格、CBTは3月15日、申込6,660円・1月14日17時締切です。本記事には広告・アフィリエイトリンクが含まれます（掲載時）。料金・キャンペーンは各公式LPで執筆時点の条件を必ず確認してください。例えば2026年1月15日残り9週なら週4時間視聴+4時間演習を3月15日CBTから逆算してください。",26,独学;教材;学習計画;アフィリエイト,運管マスター編集部,資格学習サイトの編集チーム,公式情報確認担当,公開前に一次情報との照合を行う担当者,2026-06-05,公益財団法人 運行管理者試験センター（公式）|https://www.unkan.or.jp/,手書きリライト 2026-06-05。独学対策向けテンプレートから作成。公開前に本文・参照URL・関連リンクを差し替える。,例えば2026年2月10日時点でテキスト1冊独学中、労基10/20・車両9/20が横ばいなので動画で数値論点を補強したい。,無料体験で5科目目次を要項対照;週10時間を視聴4h+演習6hに配分;5科目/20を日曜0.5h記録;100問通しを試験6週前に2回;affiliate-free-vs-paid-studyで費用判断,試験要項・公式ページ更新時に本文と参照元を見直す。,2026-06-05,2026-06-29,2026-06-05,draft,2026-06-05: 編集合格（手書きリライト・具体例）,講座を検討するタイミング,"講座を検討するタイミングです。

| 信号 | 対応 |
| --- | --- |
| 12/20未満2週連続 | 講座比較開始 |
| 数値論点が苦手 | 動画補強 |
| 週10h確保済 | 独学継続 |
| 残り4週 | 解き直し優先 |

例えば2026年2月1日・2月8日で車両9/20→10/20のままならオンライン講座の車両法動画+30問/週を3月15日CBTまで。13/20以上4週連続なら不要。",比較する3項目,"比較する3項目です。

1. カリキュラム（5科目・8+4+5+6+7）
2. 質問サポート（回数・返信速度）
3. 料金（買い切り/月額・延長）

たとえば2026年1月20日に3講座の比較表を作り、労基法6問・車両7問相当の動画本数と確認テスト回数を並べてください。キャンペーン価格は通常料金も公式LPで照合必須。3月15日CBT前12/20×5確認。日曜0.5hで/20記録更新。",独学との役割分担,"独学との役割分担です。

| 役割 | 担当 |
| --- | --- |
| 条文整理 | 講座動画 |
| 演習量 | 本サイト+問題集 |
| 弱点 | /20最低科目 |
| 通し | 100問180分 |

例えば2026年2月24日（月）から火・木各1h動画、土曜2h演習25問、日曜0.5h/20記録、3月8日100問通し計測。affiliate-problem-booksと章立てを揃えると効率的。",無料体験の活用法,"無料体験の活用法です。

- 5科目サンプル動画を視聴
- 確認テストを/20記録
- 目次を要項表と30分対照
- 質問サポートを1回試す
- 倍速・スマホ視聴を確認

例えば2026年1月25日週末に2講座の無料体験、1月27日5科目ミニテストで12/20未満科目を特定、1月14日17時申込前に1社に絞る判断材料に。3月15日CBT前12/20×5目標。",申込前の確認事項,"申込前の確認事項です。

1. 貨物/旅客区分一致
2. 受講期間が3月15日CBTまで
3. 解約・返金条件
4. 6,660円試験申込は別手続き
5. CBT予約・変更期限の案内

たとえば2026年1月10日にチェックリスト作成、試験センター（公式）要項と講座LPを照合、affiliate-free-vs-paid-studyで有料追加の必要性も再確認。新規3講座同時申込は避けてください。",,,,,独学だけでは不十分ですか？,学習スタイルによります。例えば2026年2月15日100問計測で5科目13/20以上ならテキスト1冊+無料演習で3月15日CBTまで足りる場合が多いです。11/20未満が2週続くならオンライン講座の動画で数値論点を補強してください。,月額と買い切りはどちらを選びますか？,残り週数で決めます。例えば2026年1月1日残り11週なら買い切り12か月、2026年2月15日残り4週なら月額1か月+解約条件確認、または弱点科目25問/週の独学絞り込みが費用対効果高い場合もあります。3月15日CBT前/20週次記録必須。,self-study-roadmap:独学ロードマップ;affiliate-correspondence-course:通信講座比較;affiliate-textbooks-recommend:おすすめテキスト;study-plan-beginner:初学者計画;exam-format-overview:CBT形式,キャンペーン価格は信頼できますか？,"申込前に通常料金を確認してください。例えば2026年1月キャンペーン表記なら公式LPの通常価格・受講期間・延長料金をスクリーンショット保存、fact_checked_atと整合させ、1月14日17時試験申込締切と混同しないようカレンダー分離。6,660円は試験センター申込費です。",独学前に公式情報を確認;教材・参考書の選び方;過去問で現在地を確認;復習を計画に入れる;直前期の絞り込み
affiliate-correspondence-course,独学対策,運行管理者試験の通信講座の比較【貨物・旅客2026】,運行管理者試験向け通信講座の比較ポイント。5科目12/20・貨物/旅客区分・週10時間との組み合わせ、独学との役割分担を解説。,運行管理者試験の通信講座は、教材配送と添削・質問サポート付きが多く、社会人が週10時間を確保しにくい場合の選択肢になります。本記事は2026年度向け通信講座比較の選び方記事です。本記事には広告・アフィリエイトリンクが含まれます（掲載時）。料金・受講期間は各講座の公式ページで必ず最新条件を確認してください。試験正本は要項・5科目×20問・12/20合格、CBTは3月15日、申込は1月14日17時締切です。例えば2026年1月1日から残り11週なら、1月8日100問計測後に講座3社を目次対照で絞り込んでください。,26,独学;教材;学習計画;アフィリエイト,運管マスター編集部,資格学習サイトの編集チーム,公式情報確認担当,公開前に一次情報との照合を行う担当者,2026-06-05,公益財団法人 運行管理者試験センター（公式）|https://www.unkan.or.jp/,手書きリライト 2026-06-05。独学対策向けテンプレートから作成。公開前に本文・参照URL・関連リンクを差し替える。,例えば2026年2月10日時点で5科目11/20以下が2科目残り、週10時間確保が難しいなら通信講座の教材セットと演習量を比較して1社に絞りたい。,要項8+4+5+6+7表と講座目次を30分対照;貨物/旅客区分が講座と一致するか確認;週20問以上の演習がカリキュラムに含まれるか;5科目/20を週1回自分で記録する;correspondence-course-guideで独学判断も参照,試験要項・公式ページ更新時に本文と参照元を見直す。,2026-06-05,2026-06-29,2026-06-05,draft,2026-06-05: 編集合格（手書きリライト・具体例）,通信講座を比較する5項目,"通信講座を比較する5項目です。

| 項目 | 確認内容 |
| --- | --- |
| 5科目 | 要項目次一致 |
| 区分 | 貨物/旅客表記 |
| 演習 | 週20問以上 |
| 期間 | CBT3月15日まで |
| サポート | 質問・添削 |

例えば2026年1月14日17時申込前に3社の目次PDFを並べ、事業法8問・道交4問相当の章がすべて揃うか30分で確認してください。区分不一致の講座は候補から外します。",買い切り型と月額型の違い,"買い切り型と月額型の違いです。

| 型 | 向く人 |
| --- | --- |
| 買い切り | 残り10週以上・計画固定 |
| 月額 | 残り8週・柔軟調整 |
| 延長 | 再受験・CBT延期 |

たとえば2026年1月1日から残り11週なら買い切り12か月プラン、2026年2月1日から残り6週なら月額3か月で解約条件を公式ページで確認してください。6,660円試験申込は講座料金と別です。",教材セットの見方,"教材セットの見方です。

1. テキスト＋問題集同梱か
2. 添削回数の上限
3. Web演習の有無
4. 最新版・改正対応
5. 中古教材の可否

例えば2026年2月15日貨物CBTなら4426616654系テキストと章立てが近い講座を優先、affiliate-textbooks-recommendと併読しやすい構成を選びます。3月15日CBT前12/20×5を目標に。",演習量と/20記録の併用,"演習量と/20記録の併用です。

- 講座演習20問/週
- 運管マスター演習10問/週
- 日曜0.5hで5科目/20記録
- 12/20未満科目に+2時間
- 解き直し50％固定

例えば2026年2月24日（月）から講座演習15問+無料演習10問、3月8日/20再計測、車両9/20なら点検章を3月15日CBTまで30問/週。講座進度だけに頼らない配分です。",申込前チェックリスト,"申込前チェックリストです。

| # | 確認 |
| --- | --- |
| 1 | 要項5科目対応 |
| 2 | 貨物/旅客一致 |
| 3 | 返金・解約条件 |
| 4 | 6,660円申込手続き |
| 5 | CBT予約サポート有無 |

たとえば2026年1月10日にチェック表を1枚作り、1月14日17時締切前に試験センター（公式）要項と講座カリキュラムを最終照合。基礎講習（受験資格）と試験対策講座は別契約です。",,,,,通信講座は独学より合格率が高いですか？,公表データは講座別に分かれていません。例えば2026年2月15日100問計測で5科目12/20以上が3週連続なら独学維持で足りる場合も多いです。11/20未満が続く週だけ講座を比較検討してください。3月15日CBT前/20週次記録が自分の合格見込みの指標です。,基礎講習付き通信講座は選びますか？,"受験資格用の基礎講習と試験対策は役割が異なります。例えば2026年3月1日講習修了・3月15日CBTなら残り2週は演習解き直し中心にし、新規通信講座申込より100問通し2回が優先です。6,660円試験申込は要項で別確認。",correspondence-course-guide:通信講座と独学;self-study-without-school:学校なし独学;affiliate-textbooks-recommend:おすすめテキスト;study-plan-working:社会人の学習計画;exam-format-overview:CBT形式,通信講座比較で最優先項目は？,要項5科目・区分一致・演習量です。例えば旅客CBTなのに貨物専用カリキュラムなら道路運送法8問相当が不足します。2026年1月14日17時締切前に目次と8+4+5+6+7表を30分対照してから申込。週20問以上の演習がカリキュラムに含まれるか確認。,独学前に公式情報を確認;教材・参考書の選び方;過去問で現在地を確認;復習を計画に入れる;直前期の絞り込み
affiliate-cram-school,独学対策,運行管理者試験の資格学校・通学講座の選び方,運行管理者試験の資格学校・通学講座選び。通学とオンライン塾、5科目12/20、現場経験者向けの使い分けを解説。,運行管理者試験の資格学校・通学講座は、座学で条文整理と演習をセット受講したい人向けです。CBTは5科目×各20問・12/20合格、出題配分は8+4+5+6+7問です。本記事には広告・アフィリエイトリンクが含まれます（掲載時）。受講料・通学回数は各塾の公式ページで最新情報を確認してください。例えば2026年1月1日から残り10週、週2回夜間通学なら1月8日100問計測で弱点科目を特定してから塾を比較してください。,26,独学;教材;学習計画;アフィリエイト,運管マスター編集部,資格学習サイトの編集チーム,公式情報確認担当,公開前に一次情報との照合を行う担当者,2026-06-05,公益財団法人 運行管理者試験センター（公式）|https://www.unkan.or.jp/,手書きリライト 2026-06-05。独学対策向けテンプレートから作成。公開前に本文・参照URL・関連リンクを差し替える。,例えば2026年2月1日時点で独学12/20記録が続かず、週2回の通学で車両9/20・労基10/20を底上げしたい。,通学可能な曜日・時間帯を先に固定;5科目演習がカリキュラムに含まれるか確認;貨物/旅客区分と要項一致を確認;説明会で/20記録の仕組みを質問;self-study-without-schoolと費用比較,試験要項・公式ページ更新時に本文と参照元を見直す。,2026-06-05,2026-06-29,2026-06-05,draft,2026-06-05: 編集合格（手書きリライト・具体例）,通学講座が向くケース,"通学講座が向くケースです。

| 向く | 向かない |
| --- | --- |
| 自宅で集中できない | /20記録が安定 |
| 初めて資格学習 | 残り4週未満 |
| 質問をその場で | 週10h確保済 |

例えば2026年1月8日100問計測で5科目11/20以下が3科目なら週2回通学+演習20問/週を3月15日CBTまで続ける価値があります。13/20以上が4週連続なら独学優先。",通学とオンライン塾の比較,"通学とオンライン塾の比較です。

| 観点 | 通学 | オンライン |
| --- | --- | --- |
| 移動 | 必要 | 不要 |
| 質問 | 対面 | チャット |
| 柔軟性 | 低 | 高 |
| 費用 | 高め | 幅広い |

たとえば2026年2月1日残り6週、残業で通学不可ならaffiliate-online-course-compareも並行検討、週10時間のうち4時間を動画視聴に配分。3月15日CBT前12/20×5確認。",カリキュラムと演習量,"カリキュラムと演習量です。

1. 5科目を均等配分か
2. 週次演習20問以上か
3. 100問通し模試の有無
4. CBT操作説明の有無
5. 解き直し指導の有無

例えば2026年2月15日時点で事業法14/20・車両9/20なら塾カリキュラムの車両法回数を確認し、不足なら車両30問/週を自習で追加。8+4+5+6+7問配分と章立て一致必須。3月15日CBT前12/20×5を週次確認。",現場経験者の落とし穴,"現場経験者の落とし穴です。

- 実務17/20で法令9/20放置
- 「現場ではこう」で肢選択
- 通学出席だけで演習不足
- 数値暗記が旧版のまま
- 貨物/旅客の取り違え

例えば2026年3月10日CBT想定で実務16/20・労基10/20なら通学の実務回を休み労基25問/週に振替。3月15日CBT前12/20×5が科目合格制の必須条件です。日曜0.5hで/20記録更新。",説明会で確認する5点,"説明会で確認する5点です。

| # | 質問例 |
| --- | --- |
| 1 | 5科目/20記録の仕組み |
| 2 | 貨物/旅客の教材 |
| 3 | 100問通しの回数 |
| 4 | CBT予約サポート |
| 5 | 返金・振替条件 |

たとえば2026年1月12日説明会で上表を印刷持参、1月14日17時申込前に6,660円試験手続きとの役割分担も確認。試験センター（公式）要項が正本です。",,,,,資格学校は必須ですか？,必須ではありません。例えば2026年2月15日時点で5科目12/20以上が2週連続ならテキスト1冊+週10時間演習で3月15日CBTまで足りる場合が多いです。11/20未満科目が残る週だけ通学・オンライン塾を比較。公表合格率は学校有無で分かれません。,短期集中コースは有効ですか？,残り期間と弱点次第です。例えば2026年2月1日から残り6週、車両9/20・道交11/20だけ未達なら短期コースより弱点2科目30問/週が費用対効果が高い場合もあります。100問通し180分計測を3月8日・3月14日に入れてください。,self-study-without-school:学校なし独学;affiliate-online-course-compare:オンライン講座;study-plan-working:社会人計画;exam-venue-and-region:会場・地域;pass-rate:合格率の読み方,地方在住でも通学講座は選べますか？,オンライン完結型を先に検討してください。例えば2026年1月1日地方在住ならaffiliate-online-course-compareで動画+演習型を比較、月2回だけ都市部通学のハイブリッド型は移動コストと演習量を要項8+4+5+6+7表と照合して判断します。,独学前に公式情報を確認;教材・参考書の選び方;過去問で現在地を確認;復習を計画に入れる;直前期の絞り込み
affiliate-mock-exam-materials,過去問活用,運行管理者試験のCBT対策問題集3選【重要問題·令和8年8月版】,運行管理者試験のCBT対策問題集3選（2026年度版）。公論重要問題厳選·旅客版·令和8年8月CBT版を比較。5科目12/20·100問180分を前提にCBT6週前の使い方を具体例付き解説。,"CBT対策問題集3冊を、導入時期·通し演習·貨物/旅客区分で比較します。CBTは四肢択一·5科目×各20問·合計100問·180分·科目60％（12/20）合格制·受験手数料6,000円＋660円（要項で再確認）です。試験方式·実施回は運行管理者試験センター要項が正本。価格·在庫は購入前に各Amazonページでご確認ください。例えば6/11（木）·CBT予定日まで残り12週なら、8/10（月）12/20×5達成——CBT6週前100問通し——CBT4週前4862753760導入——が定番です。",360,独学;参考書;アフィリエイト,運管マスター編集部,資格学習サイトの編集チーム,公式情報確認担当,公開前に一次情報との照合を行う担当者,2026-06-12,公益財団法人 運行管理者試験センター（公式）|https://www.unkan.or.jp/,手書きリライト 2026-06-05。自動prose差し替え 2026-06-04（要手書き）。Amazon tag=ue083093-22。4862753728 / 4862753736 / 4862753760。旅客CBT 4862753779。,本記事を読むと、CBT対策3冊の用途の違いが分かり、たとえば「8/10 12/20×5→CBT6週前100問180分×2→CBT4週前3728週25問→解き直し40％」まで具体例付きで直前計画を組めます。,テキスト·問題集で100問通し2回以上後にCBT対策を導入する;CBT6週前から100問180分通しを月2回カレンダー登録する;12/20未満科目はCBT対策より弱点25問/週を優先する;CBT4週前から重要問題厳選集を週1回入れる;CBT2週前は新規停止·解き直し優先,試験要項・公式ページ更新時に本文と参照元を見直す。,2026-06-12,2026-06-29,2026-06-12,published,2026-06-12: 編集合格（Amazon URL確定·本文全面リライト·具体例·v2）,CBT6週前：対策問題集の段階,"CBT対策問題集はテキスト·問題集で12/20×5を固めた後の総仕上げ演習です。メイン教材の代わりにはなりません。

| 段階 | 教材の役割 |
| --- | --- |
| 1 | テキストで5科目理解 |
| 2 | 問題集で/20記録 |
| 3 | 100問180分通し |
| 4 | CBT対策で頻出絞り |

例えば8/10（月）——12/20×5達成——CBT6週前100問通し——[おすすめ問題集3選](../affiliate-problem-books/)完了後——してください。",3冊の用途：貨物·旅客·CBT本番形式,"2026年度版3冊の用途の違いです。1冊を80％使い切ってから次を検討します。

| 教材 | 主な用途 |
| --- | --- |
| 3728貨物厳選 | 頻出絞り·弱点補強 |
| 3736旅客厳選 | 旅客CBT本格 |
| 3760CBT版 | 本番形式100問 |

たとえばCBT6週前——3760で100問180分——CBT4週前3728週25問——12/20未満科目ありならCBT対策より弱点演習——exam-format-overviewCBT操作——してください。",1位 重要問題厳選·貨物：弱点25問/週,"運行管理者試験 重要問題厳選集貨物編 2026-2027（256頁·Amazon税込参考2,200円·4862753728）はテキスト読了後の弱点補強向きです。

| 強み | 弱み·注意 |
| --- | --- |
| 頻出絞り◎ | 12/20未満では不足 |
| 演習効率◎ | テキスト未読では空転 |
| 貨物CBT向き | 価格はAmazon要確認 |

例えばCBT4週前——3728週25問——車両9/20なら点検章+3728——CBT2週前100問通し——pass-score12/20——してください。",2位·3位 旅客厳選·令和8年8月CBT版,"重要問題厳選集 旅客編（256頁·2,200円参考·4862753736）と令和8年8月CBT試験受験版（304頁·2,860円参考·4862753760）です。

| 教材 | 向く人 |
| --- | --- |
| 3736旅客 | 貨物合格後の旅客 |
| 3760CBT版 | 100問180分計測 |
| 併用 | 3728+3760 |

たとえばCBT6週前——3760で100問180分×2——1問108秒配分確認——CBT4週前新規停止——[おすすめテキスト3選](../affiliate-textbooks-recommend/)未読なら先にテキスト——してください。",exam-format-overview記事との2列比較表,"試験形式の確認と本記事（Amazon3冊比較）は2記事で分担します。試験形式記事はCBT操作·100問180分·科目合格制·当日フロー、本記事は公論3728·3736·3760の具体比較·CBT6週前·4週前導入に特化します。

| 論点 | 試験形式記事 | 本記事（3冊比較） |
| --- | --- | --- |
| 焦点 | CBT形式·手順 | 商品比較 |
| 時期 | 6/14 Day0 | CBT6週前〜 |
| 成果物 | 形式メモ | 直前1〜2冊 |
| 出口 | exam-day-flow | pass-score |

例えば6/14（日）試験形式——8/10（月）12/20×5——CBT6週前本記事3760——CBT2週前最終通し——の順が定番です。CBT対策だけで完走しようとするのが典型ミスです。",購入前の確認事項,"独学を始める前に、運行管理者試験センター（公式）で受験資格・試験日程・出題範囲（5科目）・合格基準をメモしてください。CBT対策問題集3選【重要問題・令和8年8月版】の学習計画は、公式テキストの章立てと一致させると、過去問の分野ラベルとも対応づけやすくなります。

ブログやSNSの「最新情報」は、必ず運行管理者試験センターのページと照合してから採用してください。申込期限や受験料は年度ごとに変わるため、カレンダーに締切を入れてから教材を開く習慣が有効です。",,,CBT対策問題集だけで合格できますか？,通し演習量は確保できますが、5科目の理解はテキストと問題集が必要です。たとえばCBT6週前から3760だけ始めると事業法の条文背景が浅く誤答分析が空転しやすいです。例えば6/17テキスト——7/1問題集——CBT6週前3760——affiliate-problem-booksとセットで使ってください。12/20×5達成後でも100問180分の時間配分が崩れる場合はexam-format-overview記事で形式確認を優先してください。,重要問題厳選集とCBT版、両方買いますか？,必須ではありません。予算1冊ならCBT6週前から4862753760、12/20未満科目が残るなら3728＋3760——という段階追加が扱いやすいです。たとえばCBT6週前3760週1——CBT4週前3728追加——同時3冊開くと復習分散——1冊80％使い切り後次を購入してください。,final-day-checklist:前日チェックリスト;pass-score:合格点の目安;affiliate-problem-books:おすすめ問題集3選;affiliate-textbooks-recommend:おすすめテキスト3選;study-plan:学習計画の立て方;retake-strategy:再受験戦略;https://www.amazon.co.jp/dp/4862753728/ref=nosim?tag=ue083093-22;https://www.amazon.co.jp/dp/4862753736/ref=nosim?tag=ue083093-22;https://www.amazon.co.jp/dp/4862753760/ref=nosim?tag=ue083093-22,本記事と試験形式記事の違いは？,試験形式記事はCBT操作·100問180分·科目合格制·当日フローの一般手順、本記事は公論3728·3736·3760のAmazon比較·CBT6週前·4週前導入。6/14試験形式——8/10 12/20×5——CBT6週前本記事——past-question-strategy100問計測——2記事セットで使ってください。,運行管理者試験 重要問題厳選集 貨物編 2026-2027;運行管理者試験 重要問題厳選集 旅客編 2026-2027;運行管理者試験 問題と解説 貨物編 令和8年8月CBT試験受験版;CBT対策の位置づけ;テキスト・過去問との組み合わせ
affiliate-free-vs-paid-study,独学対策,運行管理者試験の無料と有料教材の使い分け,運行管理者試験の無料・有料教材の使い分け。運管マスター演習・用語解説とテキスト1冊の組み合わせ、12/20未満時の配分を解説。,運行管理者試験の無料と有料教材の使い分けは、公式要項・運管マスター演習（無料）を正本に、テキスト1冊（有料）で5科目理解を補う流れが基本です。CBTでは5科目×各20問・12/20合格が目安、演習量不足は有料問題集で補います。例えば2026年2月15日100問計測で5科目12/20未満なら無料演習25問/週維持、有料は問題集1冊に絞ってください。,26,独学;教材;学習計画;アフィリエイト,運管マスター編集部,資格学習サイトの編集チーム,公式情報確認担当,公開前に一次情報との照合を行う担当者,2026-06-05,公益財団法人 運行管理者試験センター（公式）|https://www.unkan.or.jp/,手書きリライト 2026-06-05。独学対策向けテンプレートから作成。公開前に本文・参照URL・関連リンクを差し替える。,本記事を読むと、無料教材だけでどこまで足りるかが分かり、例えば2026年2月20日時点で12/20未満科目に有料問題集を足す判断ができます。,要項・試験センター公式を無料正本に固定;運管マスター100問計測で/20記録;12/20未満なら有料テキスト1冊検討;有料は問題集1冊までに絞る;free-materials-onlineで無料範囲確認,試験要項・公式ページ更新時に本文と参照元を見直す。,2026-06-05,2026-06-29,2026-06-05,draft,2026-06-05: 編集合格（手書きリライト・具体例）,無料教材の範囲,"無料教材の範囲です。

| 無料 | 内容 |
| --- | --- |
| 要項 | 試験センター公式 |
| 演習 | 運管マスター100問 |
| 用語 | 300語超解説 |

例えば2026年2月15日100問計測、2月16日誤答用語10件、2月17日弱点科目20問、3月15日CBT前週次/20記録を継続、free-materials-onlineも参照。",有料教材が効く場面,"有料教材が効く場面です。

1. 条文・数値の体系学習
2. 解説厚い過去問演習
3. CBT通し100問練習
4. 貨物/旅客区分別教材
5. 12/20が10/20以下

たとえば2026年2月20日車両9/20・事業11/20なら有料テキスト1冊+affiliate-problem-books、車両30問/週最優先。3月15日CBT前12/20×5確認。",1冊＋無料演習の型,"1冊＋無料演習の型です。

| 週 | 無料 | 有料 |
| --- | --- | --- |
| 月 | 100問計測 | テキスト20分 |
| 火 | 用語10件 | 章末演習 |
| 水 | 20問演習 | — |
| 日 | /20記録 | — |

例えば2026年2月24日（月）から上記サイクル、3月8日/20再計測、study-plan-beginnerで3月15日CBTから逆算。",12/20未満時の配分,"12/20未満時の配分です。

- 9/20以下：有料30問/週追加
- 10〜11/20：25問/週
- 12/20以上：無料10問/週維持
- 解き直し50％固定
- 新規3冊同時購入は避ける

例えば2026年3月1日5科目うち2科目11/20なら有料問題集1冊、各25問/週、3月15日CBT前12/20×5。日曜0.5hで/20記録更新。新規3冊同時購入は避けてください。",費用を抑える順序,"費用を抑える順序です。

1. 要項+無料演習2週
2. /20記録で弱点特定
3. テキスト1冊購入
4. 12/20未満科目のみ問題集
5. CBT直前に模試1冊

例えば2026年1月14日申込後2月15日100問計測、2月20日テキスト決定、affiliate-textbooks-recommend、3月15日CBTまで1冊原則。6,660円申込費は要項確認。",,,,,無料だけで合格できますか？,"演習量と解説次第です。例えば2026年2月15日100問計測で5科目12/20以上なら無料維持可能、11/20未満科目ありなら有料テキスト1冊、3月15日CBT前/20週次確認、6,660円申込費は別途要項確認。",有料教材は何から買う？,受験区分に合うテキスト1冊です。例えば2026年2月20日貨物CBTならaffiliate-textbooks-recommend、1月14日17時申込前区分確認、12/20未満ならaffiliate-problem-books追加、3冊同時購入は避けてください。,free-materials-online:無料教材;study-plan-beginner:初学者計画;affiliate-textbooks-recommend:おすすめテキスト;textbook-selection:テキスト選び,通信講座は必要ですか？,独学+テキスト1冊で足りる場合が多いです。例えば2026年2月社会人独学なら週10時間+無料演習、12/20未満が続くなら講座比較記事（公開後）も検討、3月15日CBT前は演習量を最優先してください。,独学前に公式情報を確認;教材・参考書の選び方;過去問で現在地を確認;復習を計画に入れる;直前期の絞り込み
affiliate-beginner-material-set,学習計画,運行管理者試験の初学者向け教材セット,運行管理者試験の初学者向け教材セット。テキスト1冊+問題集1冊+無料演習、5科目12/20・3月15日CBT逆算の組み方を解説します。,運行管理者試験の初学者向け教材セットは、テキスト1冊+問題集1冊+運管マスター無料演習の3点セットが扱いやすい流れが基本です。貨物/旅客区分を1月14日17時申込前に要項確認、CBT5科目×20問・12/20を週次/20で記録します。例えば2026年2月15日100問計測で5科目11/20以下なら2月16日テキスト1冊決定、2月20日問題集1冊追加、3月15日CBTから逆算した週10時間で開始してください。,25,学習計画;試験対策;アフィリエイト,運管マスター編集部,資格学習サイトの編集チーム,公式情報確認担当,公開前に一次情報との照合を行う担当者,2026-06-05,公益財団法人 運行管理者試験センター（公式）|https://www.unkan.or.jp/,手書きリライト 2026-06-05。学習計画向けテンプレートから作成。公開前に本文・参照URL・関連リンクを差し替える。,初学者が最初に揃える教材の最小セットを知り、例えば2026年1月申込後2週間でテキスト+演習を開始したい。,要項で貨物/旅客・5科目を確認;テキスト1冊をaffiliate-textbooks-recommendで選ぶ;問題集1冊をaffiliate-problem-booksで選ぶ;100問計測で/20記録開始;study-plan-beginnerで週次計画,試験要項・公式ページ更新時に本文と参照元を見直す。,2026-06-05,2026-06-29,2026-06-05,draft,2026-06-05: 編集合格（手書きリライト・具体例）,初学者セットの3点,"初学者セットの3点です。

| # | 教材 | 役割 |
| --- | --- | --- |
| 1 | テキスト1冊 | 5科目理解 |
| 2 | 問題集1冊 | 演習量 |
| 3 | 無料演習 | /20記録 |

例えば2026年2月15日100問計測後2月16日4426616654（貨物）または4798184578（旅客）検討、2月20日4426616662追加、3月15日CBT前週次/20。",貨物/旅客で変わる1冊,"貨物/旅客で変わる1冊です。

| 区分 | テキスト例 | 問題集例 |
| --- | --- | --- |
| 貨物 | 4426616654 | 4426616662 |
| 旅客 | 4798184578 | 4415240224 |

たとえば2026年1月14日17時申込締切前に要項確認、表紙「＜貨物＞」「＜旅客＞」照合、混用は事業法12/20未達の原因になります。",最初の4週間,"最初の4週間です。

| 週 | 内容 |
| --- | --- |
| 1 | 目次写し+20問 |
| 2 | テキスト2章+40問 |
| 3 | 100問計測 |
| 4 | 弱点25問/週 |

例えば2026年2月24日（月）開始なら3月15日CBTまで7週、2月28日初回100問、12/20未満科目から30問/週配分してください。日曜0.5hで/20記録更新。",12/20未満時の追加,"12/20未満時の追加です。

- 車両9/20：点検章優先
- 労基10/20：休息章優先
- 解き直し50％
- 有料第3冊はCBT直前のみ

例えば2026年3月1日5科目12/20未達ならaffiliate-mock-exam-materials、4862753760で通し模試、3月8日・3月14日計測。12/20未満なら第4冊より解き直し。日曜0.5hで/20記録更新。",CBT直前の第4冊,"CBT直前の第4冊です。

テキスト+問題集+無料演習で12/20×5達成後にCBT形式1冊を検討。

例えば2026年3月1日5科目12/20以上なら4862753728重要問題、11/20未満科目ありなら第4冊より弱点25問/週、exam-format-overview参照。3月15日CBT前12/20×5確認。3728は2,200円参考・256ページ。",,,,,初学者は何を最初に買う？,受験区分に合うテキスト1冊です。例えば2026年2月15日貨物CBTならaffiliate-textbooks-recommend、1月14日17時申込前区分確認、2週間無料演習後2月20日問題集1冊、3月15日CBT前12/20×5。,問題集はいつ追加する？,テキスト2章読了後が目安です。例えば2026年2月28日時点で事業法・道交法各1章なら4426616662開始、100問計測で/20記録、12/20未満科目30問/週、3月15日CBTまで継続、解き直し50％維持。,study-plan-beginner:初学者計画;affiliate-textbooks-recommend:おすすめテキスト;affiliate-problem-books:おすすめ問題集;self-study-start:独学の始め方,教材セットは4冊まで？,同時に4冊開かない原則です。例えば2026年3月1日テキスト+問題集+無料演習で12/20達成ならCBT1冊追加、未達なら第4冊より解き直し50％優先、affiliate-free-vs-paid-studyも参照。,全体像を分野に分ける;学習期間の目安;週間スケジュールの例;復習日の入れ方;直前期の調整
affiliate-retake-short-course,学習計画,運行管理者試験の再受験者向け短期講座の選び方,運行管理者試験の再受験者向け短期講座選び。不合格科目の絞り込み、8週計画、12/20再達成とCBT直前配分。,運行管理者試験の再受験者向け短期講座は、前回CBTで12/20未達だった科目に8週程度で集中投下する選択肢です。科目合格制（各60％＝12/20）のため、5科目すべて再学習は不要な場合が多いです。本記事には広告・アフィリエイトリンクが含まれます（掲載時）。講座料金・期間は各公式ページで確認。例えば2026年1月15日再申込・3月15日CBTまで8週なら前回/20記録から未達2科目に70％配分してください。,25,学習計画;試験対策;アフィリエイト,運管マスター編集部,資格学習サイトの編集チーム,公式情報確認担当,公開前に一次情報との照合を行う担当者,2026-06-05,公益財団法人 運行管理者試験センター（公式）|https://www.unkan.or.jp/,手書きリライト 2026-06-05。学習計画向けテンプレートから作成。公開前に本文・参照URL・関連リンクを差し替える。,例えば前回CBTで車両9/20・労基10/20が未達、残り8週で短期講座か弱点25問/週独学か費用対効果を比較したい。,前回5科目/20を一覧化;12/20未達科目だけ優先配分;retake-strategyで再受験計画;100問通しを3月8日・3月14日;新規教材3冊同時購入は避ける,試験要項・公式ページ更新時に本文と参照元を見直す。,2026-06-05,2026-06-29,2026-06-05,draft,2026-06-05: 編集合格（手書きリライト・具体例）,再受験で見直すポイント,"再受験で見直すポイントです。

| 前回 | 今回 |
| --- | --- |
| 5科目再学習 | 未達科目のみ |
| 新教材増殖 | 1冊+解き直し |
| 総合得点 | 科目/20 |

例えば前回CBTで事業14/20・道交13/20・実務15/20・車両9/20・労基10/20なら2026年1月15日から車両+労基に週7時間、他3科目は維持10問/週。3月15日CBT前12/20×5確認。",8週短期プランの型,"8週短期プランの型です。

| 週 | 内容 |
| --- | --- |
| 1-2 | 未達科目テキスト再読 |
| 3-4 | 25問/週+解き直し |
| 5-6 | 100問通し1回目 |
| 7-8 | 解き直し60％ |

たとえば2026年1月15日開始、3月15日CBTまで8週、1月22日車両30問/週、2月8日/20再計測、12/20未達なら短期講座比較、retake-strategyも参照。",教材の絞り込み,"教材の絞り込みです。

1. 前回テキスト1冊を継続
2. 未達科目章だけ再読
3. 問題集は1冊まで
4. 解き直し50％固定
5. 新規第3冊はCBT直前のみ

例えば2026年2月1日時点で車両9/20なら4426616654点検章20分+演習30問/週、affiliate-mock-exam-materialsは3月1日以降に検討。8+4+5+6+7問配分を意識。",短期講座の向き不向き,"短期講座の向き不向きです。

| 向く | 向かない |
| --- | --- |
| 未達2科目・8週 | 未達4科目 |
| 自律が続かない | /20改善中 |
| 数値論点が苦手 | 残り3週 |

例えば2026年2月1日残り6週、未達2科目11/20なら短期講座より各25問/週、3月8日100問通しで時間配分確認。3月15日CBT前新規講座申込は演習時間を奪いやすいです。",直前2週間の配分,"直前2週間の配分です。

1. 5科目13/20以上維持
2. 新規10問/日まで
3. 誤答ノート解き直し60％
4. 100問通し3月14日
5. CBT操作確認

たとえば2026年3月15日CBTなら3月1日から維持モード、3月8日23時59分変更期限、exam-format-overviewでCBT操作、睡眠優先。6,660円再申込は1月14日17時締切。",,,,,前回と同じ教材でよいですか？,弱点と改定範囲を確認してください。例えば前回テキスト2025版で2026年要項改正が入った科目なら該当章だけ最新版確認、車両9/20・労基10/20なら同じ4426616654で未達章30問/週+解き直し。3月15日CBT前12/20×5目標。,短期講座は再受験で有効ですか？,未達科目数と残り週で判断。例えば2026年1月15日残り8週、未達2科目11/20なら短期講座か各25問/週独学を費用比較、未達4科目なら8週では講座より計画全体見直し。100問通し180分を3月8日・3月14日に入れてください。,retake-strategy:再受験の戦略;fail-retry-plan:不合格後の立て直し;affiliate-mock-exam-materials:CBT対策問題集;score-gap-analysis:得点差分析;exam-format-overview:CBT形式,再受験で最優先科目は？,12/20未達で点数差が大きい科目。例えば前回車両9/20・労基10/20、事業14/20なら2026年1月15日から車両30問/週・労基25問/週、事業は維持10問/週。5科目8+4+5+6+7問のうち車両7問・労基6問を優先。,全体像を分野に分ける;学習期間の目安;週間スケジュールの例;復習日の入れ方;直前期の調整
affiliate-qualification-support-service,受験・申込,運行管理者試験の受験支援サービスの選び方,"運行管理者試験の申込・手続き支援サービス選び。6,660円申込・1月14日17時締切・CBT予約と公式手続きの使い分け。","運行管理者試験の受験支援サービスは、申込入力・書類確認・CBT予約補助など手続きを代行・支援する民間サービスです。正本は試験センター（公式）要項、受験料6,660円・申込1月14日17時、CBT3月15日です。本記事には広告・アフィリエイトリンクが含まれます（掲載時）。サービス料金・支援範囲は各公式ページで必ず最新条件を確認してください。例えば2026年1月5日残り9日なら要項30分→支援範囲照合→1月14日17時前に自己申込可否を判断。",15,受験資格;申込;公式情報;アフィリエイト,運管マスター編集部,資格学習サイトの編集チーム,公式情報確認担当,公開前に一次情報との照合を行う担当者,2026-06-05,公益財団法人 運行管理者試験センター（公式）|https://www.unkan.or.jp/,手書きリライト 2026-06-05。受験・申込向けテンプレートから作成。公開前に本文・参照URL・関連リンクを差し替える。,"例えば2026年1月8日時点で6,660円申込画面とCBT予約手順が不安、支援サービスの費用対効果を公式手続きと比較したい。","試験センター（公式）要項を先に読む;支援範囲が申込代行のみか確認;個人情報・契約条件を確認;application-deadline-checklistと照合;6,660円は公式窓口で支払うか確認",試験要項・公式ページ更新時に本文と参照元を見直す。,2026-06-05,2026-06-29,2026-06-05,draft,2026-06-05: 編集合格（手書きリライト・具体例）,支援サービスが向くケース,"支援サービスが向くケースです。

| 向く | 向かない |
| --- | --- |
| 初めてCBT申込 | 要項読了済 |
| 書類不備が心配 | 余裕2週以上 |
| 時間が極端に不足 | 学習代行期待 |

例えば2026年1月10日残り4日、6,660円申込とCBT予約が未着手なら支援検討、2026年1月1日残り13日ならapplication-deadline-checklistで自己申込を先に試してください。学習内容の代行は対象外が多いです。",公式手続きとの違い,"公式手続きとの違いです。

| 項目 | 公式 | 支援サービス |
| --- | --- | --- |
| 申込 | 試験センター | 入力補助 |
| 受験料 | 6,660円 | 別途サービス料 |
| CBT予約 | 本人操作 | 案内・代行 |
| 学習 | 自己責任 | 通常は対象外 |

たとえば2026年1月12日に要項PDFと支援契約書を30分並べ、5科目12/20演習計画は別途study-plan-beginnerで3月15日CBTから逆算。1月14日17時締切は変わりません。",比較する4項目,"比較する4項目です。

1. 支援範囲（申込/CBT/書類）
2. 追加料金の有無
3. 返金・キャンセル条件
4. 公式情報更新の追随

例えば2026年1月8日に2サービスを表比較、CBT変更期限3月8日23時59分を支援が案内するか確認、exam-scheduleの日程表と照合してください。貨物/旅客区分ミス防止が核心です。1月14日17時締切は要項正本で確認。",費用とサポート範囲,"費用とサポート範囲です。

- 6,660円は試験センターへ
- サービス料は別契約
- 学習教材セットは不要か
- CBT会場変更支援の有無
- 受験票到着後の確認

例えば2026年1月14日17時申込後CBT予約・3月15日受験、2月15日100問計測で12/20未満科目に演習配分、支援料+教材費がaffiliate-textbooks-recommend1冊を上回る場合は学習優先。exam-feesで受験料内訳確認。",個人情報・契約の注意,"個人情報・契約の注意です。

| 確認 | 理由 |
| --- | --- |
| 委任範囲 | 越権防止 |
| 保管期間 | 個人情報 |
| 再委託 | 第三者提供 |
| 公式URL誘導 | フィッシング |

たとえば2026年1月5日契約前に試験センター（公式）URLをブックマーク正本に固定、支援業者経由のリンクはドメインを確認。1月14日17時締切・6,660円は必ず要項記載窓口で最終確認。",,,,,支援サービスは必須ですか？,"必須ではありません。例えば2026年1月1日残り13日ならapplication-deadline-checklistとfirst-time-exam-guideで6,660円申込・CBT予約を自己手続きできる場合が多いです。1月10日残り4日で手続き未着手なら支援比較。3月15日CBT前の演習計画は別途必要。",公式申込と併用できますか？,"サービスごとに異なります。例えば2026年1月12日に申込代行のみ契約・6,660円支払いは本人が試験センター公式で行う型なら併用可能な場合があります。二重申込・区分ミスがないか1月14日17時前に要項照合。CBT予約は3月8日変更期限確認。",application-deadline-checklist:申込期限チェック;exam-schedule:受験日程・申込;first-time-exam-guide:初受験ガイド;cbt-computer-exam:CBT受験;exam-fees:受験料,支援サービス選びで最優先は？,"公式情報を正とする設計かです。例えば2026年1月8日比較時、支援範囲が申込入力補助に限定され、学習保証を謳いすぎていないか確認。5科目12/20演習はstudy-plan-beginnerで自己管理、1月14日17時・6,660円・3月15日CBTは要項正本。",受験資格の確認;年間スケジュール;申込期間と手数料;申込手順と会場;申込前チェックリスト
field-jigyo-basics,分野別対策,運行管理者試験の事業法基礎（貨物）【許可·届出·20問12/20】,,,40,分野別;試験対策,運管マスター編集部,資格学習サイトの編集チーム,公式情報確認担当,公開前に一次情報との照合を行う担当者,,公益財団法人 運行管理者試験センター（公式）|https://www.unkan.or.jp/,v4本文クリア 2026-06-19。手書きリライト 2026-06-05。自動prose差し替え 2026-06-04（要手書き）。分野別対策向けテンプレートから作成。公開前に本文・参照URL・関連リンクを差し替える。,,,試験要項・公式ページ更新時に本文と参照元を見直す。,,2026-06-29,,draft,v4待ち·ゼロ執筆,,,,,,,,,,,,,,,,,,,subject-breakdown:科目構成;textbook-selection:テキスト選び;past-questions-by-field:分野別過去問,,,
field-jigyo-frequent-topics,分野別対策,運行管理者試験の事業法頻出（貨物）,,,40,分野別;試験対策,運管マスター編集部,資格学習サイトの編集チーム,公式情報確認担当,公開前に一次情報との照合を行う担当者,,公益財団法人 運行管理者試験センター（公式）|https://www.unkan.or.jp/,v4本文クリア 2026-06-19。手書きリライト 2026-06-05。自動prose差し替え 2026-06-04（要手書き）。分野別対策向けテンプレートから作成。公開前に本文・参照URL・関連リンクを差し替える。;retire_redirect:field-jigyo-basics,,,試験要項・公式ページ更新時に本文と参照元を見直す。,,2026-06-29,,archived,archived·v4整理45本,,,,,,,,,,,,,,,,,,,field-jigyo-basics:事業法基礎;field-jigyo-past-question-focus:出題傾向;weight-by-topic:出題配分,,,
field-jigyo-calculation,分野別対策,運行管理者試験の事業法計算（貨物）,,,40,分野別;試験対策,運管マスター編集部,資格学習サイトの編集チーム,公式情報確認担当,公開前に一次情報との照合を行う担当者,,公益財団法人 運行管理者試験センター（公式）|https://www.unkan.or.jp/,v4本文クリア 2026-06-19。手書きリライト 2026-06-05。自動prose差し替え 2026-06-04（要手書き）。分野別対策向けテンプレートから作成。公開前に本文・参照URL・関連リンクを差し替える。;retire_redirect:field-jigyo-basics,,,試験要項・公式ページ更新時に本文と参照元を見直す。,,2026-06-29,,archived,archived·v4整理45本,,,,,,,,,,,,,,,,,,,field-jigyo-basics:事業法基礎;numeric-trap-choices:数値引っかけ;numbers-and-deadlines:数字・期限,,,
field-jigyo-case-study,分野別対策,運行管理者試験の事業法事例（貨物）,,,40,分野別;試験対策,運管マスター編集部,資格学習サイトの編集チーム,公式情報確認担当,公開前に一次情報との照合を行う担当者,,公益財団法人 運行管理者試験センター（公式）|https://www.unkan.or.jp/,v4本文クリア 2026-06-19。手書きリライト 2026-06-05。自動prose差し替え 2026-06-04（要手書き）。分野別対策向けテンプレートから作成。公開前に本文・参照URL・関連リンクを差し替える。;retire_redirect:field-jigyo-basics,,,試験要項・公式ページ更新時に本文と参照元を見直す。,,2026-06-29,,archived,archived·v4整理45本,,,,,,,,,,,,,,,,,,,field-jigyo-basics:事業法基礎;field-jigyo-frequent-topics:頻出論点;past-questions-wrong-reasons:誤答理由,,,
field-jigyo-past-question-focus,分野別対策,運行管理者試験の事業法過去問（貨物）,,,40,分野別;試験対策,運管マスター編集部,資格学習サイトの編集チーム,公式情報確認担当,公開前に一次情報との照合を行う担当者,,公益財団法人 運行管理者試験センター（公式）|https://www.unkan.or.jp/,v4本文クリア 2026-06-19。手書きリライト 2026-06-05。自動prose差し替え 2026-06-04（要手書き）。分野別対策向けテンプレートから作成。公開前に本文・参照URL・関連リンクを差し替える。;retire_redirect:field-jigyo-basics,,,試験要項・公式ページ更新時に本文と参照元を見直す。,,2026-06-29,,archived,archived·v4整理45本,,,,,,,,,,,,,,,,,,,past-question-strategy:過去問戦略;field-jigyo-frequent-topics:頻出論点;past-questions-by-field:分野別過去問,,,
field-vehicle-basics,分野別対策,運行管理者試験の車両法基礎【点検·整備·20問12/20】,,,40,分野別;試験対策,運管マスター編集部,資格学習サイトの編集チーム,公式情報確認担当,公開前に一次情報との照合を行う担当者,,公益財団法人 運行管理者試験センター（公式）|https://www.unkan.or.jp/,v4本文クリア 2026-06-19。手書きリライト 2026-06-05。自動prose差し替え 2026-06-04（要手書き）。分野別対策向けテンプレートから作成。公開前に本文・参照URL・関連リンクを差し替える。,,,試験要項・公式ページ更新時に本文と参照元を見直す。,,2026-06-29,,draft,v4待ち·ゼロ執筆,,,,,,,,,,,,,,,,,,,subject-breakdown:科目構成;field-jigyo-basics:事業法基礎;past-questions-by-field:分野別過去問,,,
field-vehicle-frequent-topics,分野別対策,運行管理者試験の車両法頻出,,,40,分野別;試験対策,運管マスター編集部,資格学習サイトの編集チーム,公式情報確認担当,公開前に一次情報との照合を行う担当者,,公益財団法人 運行管理者試験センター（公式）|https://www.unkan.or.jp/,v4本文クリア 2026-06-19。手書きリライト 2026-06-05。自動prose差し替え 2026-06-04（要手書き）。分野別対策向けテンプレートから作成。公開前に本文・参照URL・関連リンクを差し替える。;retire_redirect:field-vehicle-basics,,,試験要項・公式ページ更新時に本文と参照元を見直す。,,2026-06-29,,archived,archived·v4整理45本,,,,,,,,,,,,,,,,,,,field-vehicle-basics:車両法基礎;field-vehicle-past-question-focus:出題傾向;weight-by-topic:出題配分,,,
field-vehicle-calculation,分野別対策,運行管理者試験の車両法計算,,,40,分野別;試験対策,運管マスター編集部,資格学習サイトの編集チーム,公式情報確認担当,公開前に一次情報との照合を行う担当者,,公益財団法人 運行管理者試験センター（公式）|https://www.unkan.or.jp/,v4本文クリア 2026-06-19。手書きリライト 2026-06-05。自動prose差し替え 2026-06-04（要手書き）。分野別対策向けテンプレートから作成。公開前に本文・参照URL・関連リンクを差し替える。;retire_redirect:field-vehicle-basics,,,試験要項・公式ページ更新時に本文と参照元を見直す。,,2026-06-29,,archived,archived·v4整理45本,,,,,,,,,,,,,,,,,,,field-vehicle-basics:車両法基礎;numeric-trap-choices:数値引っかけ;numbers-and-deadlines:数字・期限,,,
field-vehicle-case-study,分野別対策,運行管理者試験の車両法事例,,,40,分野別;試験対策,運管マスター編集部,資格学習サイトの編集チーム,公式情報確認担当,公開前に一次情報との照合を行う担当者,,公益財団法人 運行管理者試験センター（公式）|https://www.unkan.or.jp/,v4本文クリア 2026-06-19。手書きリライト 2026-06-05。自動prose差し替え 2026-06-04（要手書き）。分野別対策向けテンプレートから作成。公開前に本文・参照URL・関連リンクを差し替える。;retire_redirect:field-vehicle-basics,,,試験要項・公式ページ更新時に本文と参照元を見直す。,,2026-06-29,,archived,archived·v4整理45本,,,,,,,,,,,,,,,,,,,field-vehicle-basics:車両法基礎;field-vehicle-frequent-topics:頻出論点;past-questions-wrong-reasons:誤答理由,,,
field-vehicle-past-question-focus,分野別対策,運行管理者試験の車両法過去問,,,40,分野別;試験対策,運管マスター編集部,資格学習サイトの編集チーム,公式情報確認担当,公開前に一次情報との照合を行う担当者,,公益財団法人 運行管理者試験センター（公式）|https://www.unkan.or.jp/,v4本文クリア 2026-06-19。手書きリライト 2026-06-05。自動prose差し替え 2026-06-04（要手書き）。分野別対策向けテンプレートから作成。公開前に本文・参照URL・関連リンクを差し替える。;retire_redirect:field-vehicle-basics,,,試験要項・公式ページ更新時に本文と参照元を見直す。,,2026-06-29,,archived,archived·v4整理45本,,,,,,,,,,,,,,,,,,,past-question-strategy:過去問戦略;field-vehicle-frequent-topics:頻出論点;past-questions-by-field:分野別過去問,,,
field-traffic-basics,分野別対策,運行管理者試験の道交法基礎【速度·通行·20問12/20】,,,40,分野別;試験対策,運管マスター編集部,資格学習サイトの編集チーム,公式情報確認担当,公開前に一次情報との照合を行う担当者,,公益財団法人 運行管理者試験センター（公式）|https://www.unkan.or.jp/,v4本文クリア 2026-06-19。手書きリライト 2026-06-05。自動prose差し替え 2026-06-04（要手書き）。分野別対策向けテンプレートから作成。公開前に本文・参照URL・関連リンクを差し替える。,,,試験要項・公式ページ更新時に本文と参照元を見直す。,,2026-06-29,,draft,v4待ち·ゼロ執筆,,,,,,,,,,,,,,,,,,,subject-breakdown:科目構成;field-vehicle-basics:車両法基礎;past-questions-by-field:分野別過去問,,,
field-traffic-frequent-topics,分野別対策,運行管理者試験の道交法頻出,,,40,分野別;試験対策,運管マスター編集部,資格学習サイトの編集チーム,公式情報確認担当,公開前に一次情報との照合を行う担当者,,公益財団法人 運行管理者試験センター（公式）|https://www.unkan.or.jp/,v4本文クリア 2026-06-19。手書きリライト 2026-06-05。自動prose差し替え 2026-06-04（要手書き）。分野別対策向けテンプレートから作成。公開前に本文・参照URL・関連リンクを差し替える。;retire_redirect:field-traffic-basics,,,試験要項・公式ページ更新時に本文と参照元を見直す。,,2026-06-29,,archived,archived·v4整理45本,,,,,,,,,,,,,,,,,,,field-traffic-basics:道交法基礎;field-traffic-past-question-focus:出題傾向;weight-by-topic:出題配分,,,
field-traffic-calculation,分野別対策,運行管理者試験の道交法計算,,,40,分野別;試験対策,運管マスター編集部,資格学習サイトの編集チーム,公式情報確認担当,公開前に一次情報との照合を行う担当者,,公益財団法人 運行管理者試験センター（公式）|https://www.unkan.or.jp/,v4本文クリア 2026-06-19。手書きリライト 2026-06-05。自動prose差し替え 2026-06-04（要手書き）。分野別対策向けテンプレートから作成。公開前に本文・参照URL・関連リンクを差し替える。;retire_redirect:field-traffic-basics,,,試験要項・公式ページ更新時に本文と参照元を見直す。,,2026-06-29,,archived,archived·v4整理45本,,,,,,,,,,,,,,,,,,,field-traffic-basics:道交法基礎;numeric-trap-choices:数値引っかけ;numbers-and-deadlines:数字・期限,,,
field-traffic-case-study,分野別対策,運行管理者試験の道交法事例,,,40,分野別;試験対策,運管マスター編集部,資格学習サイトの編集チーム,公式情報確認担当,公開前に一次情報との照合を行う担当者,,公益財団法人 運行管理者試験センター（公式）|https://www.unkan.or.jp/,v4本文クリア 2026-06-19。手書きリライト 2026-06-05。自動prose差し替え 2026-06-04（要手書き）。分野別対策向けテンプレートから作成。公開前に本文・参照URL・関連リンクを差し替える。;retire_redirect:field-traffic-basics,,,試験要項・公式ページ更新時に本文と参照元を見直す。,,2026-06-29,,archived,archived·v4整理45本,,,,,,,,,,,,,,,,,,,field-traffic-basics:道交法基礎;field-traffic-frequent-topics:頻出論点;past-questions-wrong-reasons:誤答理由,,,
field-traffic-past-question-focus,分野別対策,運行管理者試験の道交法過去問,,,40,分野別;試験対策,運管マスター編集部,資格学習サイトの編集チーム,公式情報確認担当,公開前に一次情報との照合を行う担当者,,公益財団法人 運行管理者試験センター（公式）|https://www.unkan.or.jp/,v4本文クリア 2026-06-19。手書きリライト 2026-06-05。自動prose差し替え 2026-06-04（要手書き）。分野別対策向けテンプレートから作成。公開前に本文・参照URL・関連リンクを差し替える。;retire_redirect:field-traffic-basics,,,試験要項・公式ページ更新時に本文と参照元を見直す。,,2026-06-29,,archived,archived·v4整理45本,,,,,,,,,,,,,,,,,,,past-question-strategy:過去問戦略;field-traffic-frequent-topics:頻出論点;past-questions-by-field:分野別過去問,,,
field-labor-basics,分野別対策,運行管理者試験の労基法基礎【拘束時間·休息·20問12/20】,,,40,分野別;試験対策,運管マスター編集部,資格学習サイトの編集チーム,公式情報確認担当,公開前に一次情報との照合を行う担当者,,公益財団法人 運行管理者試験センター（公式）|https://www.unkan.or.jp/,v4本文クリア 2026-06-19。手書きリライト 2026-06-05。自動prose差し替え 2026-06-04（要手書き）。分野別対策向けテンプレートから作成。公開前に本文・参照URL・関連リンクを差し替える。,,,試験要項・公式ページ更新時に本文と参照元を見直す。,,2026-06-29,,draft,v4待ち·ゼロ執筆,,,,,,,,,,,,,,,,,,,subject-breakdown:科目構成;field-traffic-basics:道交法基礎;past-questions-by-field:分野別過去問,,,
field-labor-frequent-topics,分野別対策,運行管理者試験の労基法頻出,,,40,分野別;試験対策,運管マスター編集部,資格学習サイトの編集チーム,公式情報確認担当,公開前に一次情報との照合を行う担当者,,公益財団法人 運行管理者試験センター（公式）|https://www.unkan.or.jp/,v4本文クリア 2026-06-19。手書きリライト 2026-06-05。自動prose差し替え 2026-06-04（要手書き）。分野別対策向けテンプレートから作成。公開前に本文・参照URL・関連リンクを差し替える。;retire_redirect:field-labor-basics,,,試験要項・公式ページ更新時に本文と参照元を見直す。,,2026-06-29,,archived,archived·v4整理45本,,,,,,,,,,,,,,,,,,,field-labor-basics:労基法基礎;field-labor-past-question-focus:出題傾向;weight-by-topic:出題配分,,,
field-labor-calculation,分野別対策,運行管理者試験の労基法計算,,,40,分野別;試験対策,運管マスター編集部,資格学習サイトの編集チーム,公式情報確認担当,公開前に一次情報との照合を行う担当者,,公益財団法人 運行管理者試験センター（公式）|https://www.unkan.or.jp/,v4本文クリア 2026-06-19。手書きリライト 2026-06-05。自動prose差し替え 2026-06-04（要手書き）。分野別対策向けテンプレートから作成。公開前に本文・参照URL・関連リンクを差し替える。;retire_redirect:field-labor-basics,,,試験要項・公式ページ更新時に本文と参照元を見直す。,,2026-06-29,,archived,archived·v4整理45本,,,,,,,,,,,,,,,,,,,field-labor-basics:労基法基礎;numeric-trap-choices:数値引っかけ;numbers-and-deadlines:数字・期限,,,
field-labor-case-study,分野別対策,運行管理者試験の労基法事例,,,40,分野別;試験対策,運管マスター編集部,資格学習サイトの編集チーム,公式情報確認担当,公開前に一次情報との照合を行う担当者,,公益財団法人 運行管理者試験センター（公式）|https://www.unkan.or.jp/,v4本文クリア 2026-06-19。手書きリライト 2026-06-05。自動prose差し替え 2026-06-04（要手書き）。分野別対策向けテンプレートから作成。公開前に本文・参照URL・関連リンクを差し替える。;retire_redirect:field-labor-basics,,,試験要項・公式ページ更新時に本文と参照元を見直す。,,2026-06-29,,archived,archived·v4整理45本,,,,,,,,,,,,,,,,,,,field-labor-basics:労基法基礎;field-labor-frequent-topics:頻出論点;past-questions-wrong-reasons:誤答理由,,,
field-labor-past-question-focus,分野別対策,運行管理者試験の労基法過去問,,,40,分野別;試験対策,運管マスター編集部,資格学習サイトの編集チーム,公式情報確認担当,公開前に一次情報との照合を行う担当者,,公益財団法人 運行管理者試験センター（公式）|https://www.unkan.or.jp/,v4本文クリア 2026-06-19。手書きリライト 2026-06-05。自動prose差し替え 2026-06-04（要手書き）。分野別対策向けテンプレートから作成。公開前に本文・参照URL・関連リンクを差し替える。;retire_redirect:field-labor-basics,,,試験要項・公式ページ更新時に本文と参照元を見直す。,,2026-06-29,,archived,archived·v4整理45本,,,,,,,,,,,,,,,,,,,past-question-strategy:過去問戦略;field-labor-frequent-topics:頻出論点;past-questions-by-field:分野別過去問,,,
field-practice-basics,分野別対策,運行管理者試験の実務基礎【点呼·配車·20問12/20】,,,40,分野別;試験対策,運管マスター編集部,資格学習サイトの編集チーム,公式情報確認担当,公開前に一次情報との照合を行う担当者,,公益財団法人 運行管理者試験センター（公式）|https://www.unkan.or.jp/,v4本文クリア 2026-06-19。手書きリライト 2026-06-05。自動prose差し替え 2026-06-04（要手書き）。分野別対策向けテンプレートから作成。公開前に本文・参照URL・関連リンクを差し替える。,,,試験要項・公式ページ更新時に本文と参照元を見直す。,,2026-06-29,,draft,v4待ち·ゼロ執筆,,,,,,,,,,,,,,,,,,,subject-breakdown:科目構成;field-labor-basics:労基法基礎;past-questions-by-field:分野別過去問,,,
field-practice-frequent-topics,分野別対策,運行管理者試験の実務頻出,,,40,分野別;試験対策,運管マスター編集部,資格学習サイトの編集チーム,公式情報確認担当,公開前に一次情報との照合を行う担当者,,公益財団法人 運行管理者試験センター（公式）|https://www.unkan.or.jp/,v4本文クリア 2026-06-19。手書きリライト 2026-06-05。自動prose差し替え 2026-06-04（要手書き）。分野別対策向けテンプレートから作成。公開前に本文・参照URL・関連リンクを差し替える。;retire_redirect:field-practice-basics,,,試験要項・公式ページ更新時に本文と参照元を見直す。,,2026-06-29,,archived,archived·v4整理45本,,,,,,,,,,,,,,,,,,,field-practice-basics:実務基礎;field-practice-past-question-focus:出題傾向;weight-by-topic:出題配分,,,
field-practice-calculation,分野別対策,運行管理者試験の実務計算,,,40,分野別;試験対策,運管マスター編集部,資格学習サイトの編集チーム,公式情報確認担当,公開前に一次情報との照合を行う担当者,,公益財団法人 運行管理者試験センター（公式）|https://www.unkan.or.jp/,v4本文クリア 2026-06-19。手書きリライト 2026-06-05。自動prose差し替え 2026-06-04（要手書き）。分野別対策向けテンプレートから作成。公開前に本文・参照URL・関連リンクを差し替える。;retire_redirect:field-practice-basics,,,試験要項・公式ページ更新時に本文と参照元を見直す。,,2026-06-29,,archived,archived·v4整理45本,,,,,,,,,,,,,,,,,,,field-practice-basics:実務基礎;numeric-trap-choices:数値引っかけ;numbers-and-deadlines:数字・期限,,,
field-practice-case-study,分野別対策,運行管理者試験の実務事例,,,40,分野別;試験対策,運管マスター編集部,資格学習サイトの編集チーム,公式情報確認担当,公開前に一次情報との照合を行う担当者,,公益財団法人 運行管理者試験センター（公式）|https://www.unkan.or.jp/,v4本文クリア 2026-06-19。手書きリライト 2026-06-05。自動prose差し替え 2026-06-04（要手書き）。分野別対策向けテンプレートから作成。公開前に本文・参照URL・関連リンクを差し替える。;retire_redirect:field-practice-basics,,,試験要項・公式ページ更新時に本文と参照元を見直す。,,2026-06-29,,archived,archived·v4整理45本,,,,,,,,,,,,,,,,,,,field-practice-basics:実務基礎;field-practice-frequent-topics:頻出論点;past-questions-wrong-reasons:誤答理由,,,
field-practice-past-question-focus,分野別対策,運行管理者試験の実務過去問,,,40,分野別;試験対策,運管マスター編集部,資格学習サイトの編集チーム,公式情報確認担当,公開前に一次情報との照合を行う担当者,,公益財団法人 運行管理者試験センター（公式）|https://www.unkan.or.jp/,v4本文クリア 2026-06-19。手書きリライト 2026-06-05。自動prose差し替え 2026-06-04（要手書き）。分野別対策向けテンプレートから作成。公開前に本文・参照URL・関連リンクを差し替える。;retire_redirect:field-practice-basics,,,試験要項・公式ページ更新時に本文と参照元を見直す。,,2026-06-29,,archived,archived·v4整理45本,,,,,,,,,,,,,,,,,,,past-question-strategy:過去問戦略;field-practice-frequent-topics:頻出論点;past-questions-by-field:分野別過去問,,,
