question_no,type,category,tags,stem,preamble,statement_a,statement_b,statement_c,statement_d,choice_1,choice_2,choice_3,choice_4,correct,explanation,explanation_summary,explanation_correct,explanation_choices,explanation_point
2,single,貨物自動車運送事業法関係,,点呼に関する次の記述のうち、正しいものを１つ選びなさい。実務での運行管理を想定して判断しなさい。,,,,,,乗務前点呼では、酒気帯びの有無だけ確認すれば足り、日常点検の報告は不要である。,乗務後点呼では、酒気帯びの有無の確認を省略することができる。,点呼記録は営業所ごとの合計数だけ保存すれば足りる。,乗務前点呼では、酒気帯びの有無、疾病・疲労等の有無、日常点検の実施又は確認について報告を求め、必要な指示を行う。,4,点呼については、「乗務前点呼では、酒気帯びの有無、疾病・疲労等の有無、日常点検の実施又は確認について報告を求め、必要な指示を行う。」が正しい。その他の選択肢は、要件、期限、主体又は義務の内容が法令上の原則と異なる。,,,,
4,single,貨物自動車運送事業法関係,,運行管理者の業務に関する次の記述のうち、正しいものを１つ選びなさい。安全確保の観点から判断しなさい。,,,,,,異常気象時の指示は、事故が発生した後に限って行えば足りる。,運行管理者は、異常気象等により輸送の安全に支障が生じるおそれがあるとき、乗務員に適切な指示を行う。,異常気象時の運行継続可否は、現場の運転者だけが判断すればよい。,運行管理者は、輸送の安全に関する指示を行う権限を持たない。,2,運行管理者の業務については、「運行管理者は、異常気象等により輸送の安全に支障が生じるおそれがあるとき、乗務員に適切な指示を行う。」が正しい。その他の選択肢は、要件、期限、主体又は義務の内容が法令上の原則と異なる。,,,,
6,single,貨物自動車運送事業法関係,,運行指示書に関する次の記述のうち、誤っているものを１つ選びなさい。実務での運行管理を想定して判断しなさい。,,,,,,乗務前及び乗務後の点呼のいずれも対面で行えない運行を含む場合、運行指示書を作成し、運転者に携行させる必要がある。,一定の大型貨物自動車等では、瞬間速度、運行距離及び運行時間を運行記録計により記録する必要がある。,過積載運送が荷主の指示に基づくことが明らかで、事業者処分だけでは再発防止が困難な場合、荷主にも勧告できる。,運行指示書は、すべての短距離運行に必ず作成しなければならない。,4,運行指示書については、「乗務前及び乗務後の点呼のいずれも対面で行えない運行を含む場合、運行指示書を作成し、運転者に携行させる必要がある。」が基本である。正答の選択肢はこの原則と異なるため誤りである。,,,,
7,single,貨物自動車運送事業法関係,,事故記録に関する次の記述のうち、正しいものを１つ選びなさい。試験対策として、もっとも適切な記述を選びなさい。,,,,,,事故記録は運転者個人が保管すれば、営業所で保存する必要はない。,物損事故であれば、事故の概要を記録する必要は一切ない。,事業用自動車に係る事故が発生した場合、事故の発生日時等を記録し、営業所で保存する必要がある。,事故記録は死亡事故の場合だけ作成すればよい。,3,事故記録については、「事業用自動車に係る事故が発生した場合、事故の発生日時等を記録し、営業所で保存する必要がある。」が正しい。その他の選択肢は、要件、期限、主体又は義務の内容が法令上の原則と異なる。,,,,
10,single,貨物自動車運送事業法関係,,選任運転者に関する次の記述のうち、正しいものを１つ選びなさい。実務での運行管理を想定して判断しなさい。,,,,,,日々雇い入れられる者を、常時選任する運転者として自由に選任できる。,運転者の選任は繁忙期だけ行えば足りる。,試用期間中の者は、期間にかかわらず常時選任運転者として必ず選任できる。,事業者は、事業計画に従い業務を行うため必要な員数の運転者を常時選任しておく必要がある。,4,選任運転者については、「事業者は、事業計画に従い業務を行うため必要な員数の運転者を常時選任しておく必要がある。」が正しい。その他の選択肢は、要件、期限、主体又は義務の内容が法令上の原則と異なる。,,,,
12,single,貨物自動車運送事業法関係,,交替運転者に関する次の記述のうち、正しいものを１つ選びなさい。安全確保の観点から判断しなさい。,,,,,,交替運転者の配置は運転者本人の希望がある場合に限られる。,長距離運転又は夜間運転で疲労等により安全運転を継続できないおそれがある場合、あらかじめ交替運転者を配置する必要がある。,交替運転者は事故が発生してから手配すれば足りる。,夜間運転では疲労のおそれがあっても、交替運転者の配置を検討する必要はない。,2,交替運転者については、「長距離運転又は夜間運転で疲労等により安全運転を継続できないおそれがある場合、あらかじめ交替運転者を配置する必要がある。」が正しい。その他の選択肢は、要件、期限、主体又は義務の内容が法令上の原則と異なる。,,,,
14,single,貨物自動車運送事業法関係,,適性診断に関する次の記述のうち、正しいものを１つ選びなさい。実務での運行管理を想定して判断しなさい。,,,,,,適性診断は運転者が希望した場合だけ受診させればよい。,高齢運転者に対する適性診断は、75歳になるまで不要である。,事故惹起運転者には適性診断ではなく、口頭注意だけで足りる。,事故惹起運転者、初任運転者、高齢運転者などには、所定の適性診断を受診させる必要がある。,4,適性診断については、「事故惹起運転者、初任運転者、高齢運転者などには、所定の適性診断を受診させる必要がある。」が正しい。その他の選択肢は、要件、期限、主体又は義務の内容が法令上の原則と異なる。,,,,
16,single,貨物自動車運送事業法関係,,安全情報の公表に関する次の記述のうち、誤っているものを１つ選びなさい。安全確保の観点から判断しなさい。,,,,,,補助者を選任して点呼の一部を行わせる場合でも、運行管理者は補助者を指導監督する必要がある。,運行管理者個人の住所は、輸送の安全に関する公表事項である。,事業者は、輸送の安全に関する基本方針、目標及び達成状況、事故統計など一定事項を公表する。,事業者は、運行管理者に必要な権限を与え、その助言を尊重する必要がある。,2,安全情報の公表については、「事業者は、輸送の安全に関する基本方針、目標及び達成状況、事故統計など一定事項を公表する。」が基本である。正答の選択肢はこの原則と異なるため誤りである。,,,,
17,single,貨物自動車運送事業法関係,,事業計画変更に関する次の記述のうち、正しいものを１つ選びなさい。法令上の原則に基づいて判断しなさい。,,,,,,自動車車庫の位置及び収容能力など重要な事業計画変更には、原則として認可が必要である。,自動車車庫の位置変更は、変更後１年以内に任意で報告すればよい。,休憩又は睡眠施設の位置及び収容能力の変更は、常に届出不要である。,すべての事業計画変更は、事前認可ではなく事後届出で足りる。,1,事業計画変更については、「自動車車庫の位置及び収容能力など重要な事業計画変更には、原則として認可が必要である。」が正しい。その他の選択肢は、要件、期限、主体又は義務の内容が法令上の原則と異なる。,,,,
20,single,貨物自動車運送事業法関係,,貨物の積載に関する次の記述のうち、正しいものを１つ選びなさい。安全確保の観点から判断しなさい。,,,,,,シート掛け等の落下防止措置は、雨天時だけ行えば足りる。,貨物を積載するときは、偏荷重を避け、荷崩れや落下を防止するためロープやシート等で必要な措置を講じる。,偏荷重は運転者の運転技術で補えるため、積載時に考慮する必要はない。,荷崩れ防止措置は最大積載量を超える場合だけ必要である。,2,貨物の積載については、「貨物を積載するときは、偏荷重を避け、荷崩れや落下を防止するためロープやシート等で必要な措置を講じる。」が正しい。その他の選択肢は、要件、期限、主体又は義務の内容が法令上の原則と異なる。,,,,
22,single,貨物自動車運送事業法関係,,点呼に関する次の記述のうち、正しいものを１つ選びなさい。実務での運行管理を想定して判断しなさい。,,,,,,乗務前点呼では、酒気帯びの有無だけ確認すれば足り、日常点検の報告は不要である。,乗務後点呼では、酒気帯びの有無の確認を省略することができる。,点呼記録は営業所ごとの合計数だけ保存すれば足りる。,乗務前点呼では、酒気帯びの有無、疾病・疲労等の有無、日常点検の実施又は確認について報告を求め、必要な指示を行う。,4,点呼については、「乗務前点呼では、酒気帯びの有無、疾病・疲労等の有無、日常点検の実施又は確認について報告を求め、必要な指示を行う。」が正しい。その他の選択肢は、要件、期限、主体又は義務の内容が法令上の原則と異なる。,,,,
24,single,貨物自動車運送事業法関係,,運行管理者の業務に関する次の記述のうち、正しいものを１つ選びなさい。安全確保の観点から判断しなさい。,,,,,,異常気象時の指示は、事故が発生した後に限って行えば足りる。,運行管理者は、異常気象等により輸送の安全に支障が生じるおそれがあるとき、乗務員に適切な指示を行う。,異常気象時の運行継続可否は、現場の運転者だけが判断すればよい。,運行管理者は、輸送の安全に関する指示を行う権限を持たない。,2,運行管理者の業務については、「運行管理者は、異常気象等により輸送の安全に支障が生じるおそれがあるとき、乗務員に適切な指示を行う。」が正しい。その他の選択肢は、要件、期限、主体又は義務の内容が法令上の原則と異なる。,,,,
26,single,貨物自動車運送事業法関係,,運行指示書に関する次の記述のうち、誤っているものを１つ選びなさい。実務での運行管理を想定して判断しなさい。,,,,,,乗務前及び乗務後の点呼のいずれも対面で行えない運行を含む場合、運行指示書を作成し、運転者に携行させる必要がある。,一定の大型貨物自動車等では、瞬間速度、運行距離及び運行時間を運行記録計により記録する必要がある。,過積載運送が荷主の指示に基づくことが明らかで、事業者処分だけでは再発防止が困難な場合、荷主にも勧告できる。,運行経路の変更があっても、運行指示書の変更記載は不要である。,4,運行指示書については、「乗務前及び乗務後の点呼のいずれも対面で行えない運行を含む場合、運行指示書を作成し、運転者に携行させる必要がある。」が基本である。正答の選択肢はこの原則と異なるため誤りである。,,,,
27,single,貨物自動車運送事業法関係,,事故記録に関する次の記述のうち、正しいものを１つ選びなさい。試験対策として、もっとも適切な記述を選びなさい。,,,,,,事故記録は運転者個人が保管すれば、営業所で保存する必要はない。,物損事故であれば、事故の概要を記録する必要は一切ない。,事業用自動車に係る事故が発生した場合、事故の発生日時等を記録し、営業所で保存する必要がある。,事故記録は死亡事故の場合だけ作成すればよい。,3,事故記録については、「事業用自動車に係る事故が発生した場合、事故の発生日時等を記録し、営業所で保存する必要がある。」が正しい。その他の選択肢は、要件、期限、主体又は義務の内容が法令上の原則と異なる。,,,,
30,single,貨物自動車運送事業法関係,,選任運転者に関する次の記述のうち、正しいものを１つ選びなさい。実務での運行管理を想定して判断しなさい。,,,,,,日々雇い入れられる者を、常時選任する運転者として自由に選任できる。,運転者の選任は繁忙期だけ行えば足りる。,試用期間中の者は、期間にかかわらず常時選任運転者として必ず選任できる。,事業者は、事業計画に従い業務を行うため必要な員数の運転者を常時選任しておく必要がある。,4,選任運転者については、「事業者は、事業計画に従い業務を行うため必要な員数の運転者を常時選任しておく必要がある。」が正しい。その他の選択肢は、要件、期限、主体又は義務の内容が法令上の原則と異なる。,,,,
32,single,貨物自動車運送事業法関係,,交替運転者に関する次の記述のうち、正しいものを１つ選びなさい。安全確保の観点から判断しなさい。,,,,,,交替運転者の配置は運転者本人の希望がある場合に限られる。,長距離運転又は夜間運転で疲労等により安全運転を継続できないおそれがある場合、あらかじめ交替運転者を配置する必要がある。,交替運転者は事故が発生してから手配すれば足りる。,夜間運転では疲労のおそれがあっても、交替運転者の配置を検討する必要はない。,2,交替運転者については、「長距離運転又は夜間運転で疲労等により安全運転を継続できないおそれがある場合、あらかじめ交替運転者を配置する必要がある。」が正しい。その他の選択肢は、要件、期限、主体又は義務の内容が法令上の原則と異なる。,,,,
34,single,貨物自動車運送事業法関係,,適性診断に関する次の記述のうち、正しいものを１つ選びなさい。実務での運行管理を想定して判断しなさい。,,,,,,適性診断は運転者が希望した場合だけ受診させればよい。,高齢運転者に対する適性診断は、75歳になるまで不要である。,事故惹起運転者には適性診断ではなく、口頭注意だけで足りる。,事故惹起運転者、初任運転者、高齢運転者などには、所定の適性診断を受診させる必要がある。,4,適性診断については、「事故惹起運転者、初任運転者、高齢運転者などには、所定の適性診断を受診させる必要がある。」が正しい。その他の選択肢は、要件、期限、主体又は義務の内容が法令上の原則と異なる。,,,,
36,single,貨物自動車運送事業法関係,,安全情報の公表に関する次の記述のうち、誤っているものを１つ選びなさい。安全確保の観点から判断しなさい。,,,,,,補助者を選任して点呼の一部を行わせる場合でも、運行管理者は補助者を指導監督する必要がある。,輸送の安全に関する目標は、社内掲示すれば公表義務をすべて免れる。,事業者は、輸送の安全に関する基本方針、目標及び達成状況、事故統計など一定事項を公表する。,事業者は、運行管理者に必要な権限を与え、その助言を尊重する必要がある。,2,安全情報の公表については、「事業者は、輸送の安全に関する基本方針、目標及び達成状況、事故統計など一定事項を公表する。」が基本である。正答の選択肢はこの原則と異なるため誤りである。,,,,
37,single,貨物自動車運送事業法関係,,事業計画変更に関する次の記述のうち、正しいものを１つ選びなさい。法令上の原則に基づいて判断しなさい。,,,,,,自動車車庫の位置及び収容能力など重要な事業計画変更には、原則として認可が必要である。,自動車車庫の位置変更は、変更後１年以内に任意で報告すればよい。,休憩又は睡眠施設の位置及び収容能力の変更は、常に届出不要である。,すべての事業計画変更は、事前認可ではなく事後届出で足りる。,1,事業計画変更については、「自動車車庫の位置及び収容能力など重要な事業計画変更には、原則として認可が必要である。」が正しい。その他の選択肢は、要件、期限、主体又は義務の内容が法令上の原則と異なる。,,,,
40,single,貨物自動車運送事業法関係,,貨物の積載に関する次の記述のうち、正しいものを１つ選びなさい。安全確保の観点から判断しなさい。,,,,,,シート掛け等の落下防止措置は、雨天時だけ行えば足りる。,貨物を積載するときは、偏荷重を避け、荷崩れや落下を防止するためロープやシート等で必要な措置を講じる。,偏荷重は運転者の運転技術で補えるため、積載時に考慮する必要はない。,荷崩れ防止措置は最大積載量を超える場合だけ必要である。,2,貨物の積載については、「貨物を積載するときは、偏荷重を避け、荷崩れや落下を防止するためロープやシート等で必要な措置を講じる。」が正しい。その他の選択肢は、要件、期限、主体又は義務の内容が法令上の原則と異なる。,,,,
42,single,貨物自動車運送事業法関係,,点呼に関する次の記述のうち、正しいものを１つ選びなさい。実務での運行管理を想定して判断しなさい。,,,,,,乗務前点呼では、酒気帯びの有無だけ確認すれば足り、日常点検の報告は不要である。,乗務後点呼では、酒気帯びの有無の確認を省略することができる。,点呼記録は営業所ごとの合計数だけ保存すれば足りる。,乗務前点呼では、酒気帯びの有無、疾病・疲労等の有無、日常点検の実施又は確認について報告を求め、必要な指示を行う。,4,点呼については、「乗務前点呼では、酒気帯びの有無、疾病・疲労等の有無、日常点検の実施又は確認について報告を求め、必要な指示を行う。」が正しい。その他の選択肢は、要件、期限、主体又は義務の内容が法令上の原則と異なる。,,,,
44,single,貨物自動車運送事業法関係,,運行管理者の業務に関する次の記述のうち、正しいものを１つ選びなさい。安全確保の観点から判断しなさい。,,,,,,異常気象時の指示は、事故が発生した後に限って行えば足りる。,運行管理者は、異常気象等により輸送の安全に支障が生じるおそれがあるとき、乗務員に適切な指示を行う。,異常気象時の運行継続可否は、現場の運転者だけが判断すればよい。,運行管理者は、輸送の安全に関する指示を行う権限を持たない。,2,運行管理者の業務については、「運行管理者は、異常気象等により輸送の安全に支障が生じるおそれがあるとき、乗務員に適切な指示を行う。」が正しい。その他の選択肢は、要件、期限、主体又は義務の内容が法令上の原則と異なる。,,,,
46,single,貨物自動車運送事業法関係,,運行指示書に関する次の記述のうち、誤っているものを１つ選びなさい。実務での運行管理を想定して判断しなさい。,,,,,,乗務前及び乗務後の点呼のいずれも対面で行えない運行を含む場合、運行指示書を作成し、運転者に携行させる必要がある。,一定の大型貨物自動車等では、瞬間速度、運行距離及び運行時間を運行記録計により記録する必要がある。,過積載運送が荷主の指示に基づくことが明らかで、事業者処分だけでは再発防止が困難な場合、荷主にも勧告できる。,運行指示書は、営業所に備え置けば運転者に携行させる必要はない。,4,運行指示書については、「乗務前及び乗務後の点呼のいずれも対面で行えない運行を含む場合、運行指示書を作成し、運転者に携行させる必要がある。」が基本である。正答の選択肢はこの原則と異なるため誤りである。,,,,
47,single,貨物自動車運送事業法関係,,事故記録に関する次の記述のうち、正しいものを１つ選びなさい。試験対策として、もっとも適切な記述を選びなさい。,,,,,,事故記録は運転者個人が保管すれば、営業所で保存する必要はない。,物損事故であれば、事故の概要を記録する必要は一切ない。,事業用自動車に係る事故が発生した場合、事故の発生日時等を記録し、営業所で保存する必要がある。,事故記録は死亡事故の場合だけ作成すればよい。,3,事故記録については、「事業用自動車に係る事故が発生した場合、事故の発生日時等を記録し、営業所で保存する必要がある。」が正しい。その他の選択肢は、要件、期限、主体又は義務の内容が法令上の原則と異なる。,,,,
50,single,貨物自動車運送事業法関係,,選任運転者に関する次の記述のうち、正しいものを１つ選びなさい。実務での運行管理を想定して判断しなさい。,,,,,,日々雇い入れられる者を、常時選任する運転者として自由に選任できる。,運転者の選任は繁忙期だけ行えば足りる。,試用期間中の者は、期間にかかわらず常時選任運転者として必ず選任できる。,事業者は、事業計画に従い業務を行うため必要な員数の運転者を常時選任しておく必要がある。,4,選任運転者については、「事業者は、事業計画に従い業務を行うため必要な員数の運転者を常時選任しておく必要がある。」が正しい。その他の選択肢は、要件、期限、主体又は義務の内容が法令上の原則と異なる。,,,,
52,single,貨物自動車運送事業法関係,,交替運転者に関する次の記述のうち、正しいものを１つ選びなさい。安全確保の観点から判断しなさい。,,,,,,交替運転者の配置は運転者本人の希望がある場合に限られる。,長距離運転又は夜間運転で疲労等により安全運転を継続できないおそれがある場合、あらかじめ交替運転者を配置する必要がある。,交替運転者は事故が発生してから手配すれば足りる。,夜間運転では疲労のおそれがあっても、交替運転者の配置を検討する必要はない。,2,交替運転者については、「長距離運転又は夜間運転で疲労等により安全運転を継続できないおそれがある場合、あらかじめ交替運転者を配置する必要がある。」が正しい。その他の選択肢は、要件、期限、主体又は義務の内容が法令上の原則と異なる。,,,,
54,single,貨物自動車運送事業法関係,,適性診断に関する次の記述のうち、正しいものを１つ選びなさい。実務での運行管理を想定して判断しなさい。,,,,,,適性診断は運転者が希望した場合だけ受診させればよい。,高齢運転者に対する適性診断は、75歳になるまで不要である。,事故惹起運転者には適性診断ではなく、口頭注意だけで足りる。,事故惹起運転者、初任運転者、高齢運転者などには、所定の適性診断を受診させる必要がある。,4,適性診断については、「事故惹起運転者、初任運転者、高齢運転者などには、所定の適性診断を受診させる必要がある。」が正しい。その他の選択肢は、要件、期限、主体又は義務の内容が法令上の原則と異なる。,,,,
56,single,貨物自動車運送事業法関係,,安全情報の公表に関する次の記述のうち、誤っているものを１つ選びなさい。安全確保の観点から判断しなさい。,,,,,,補助者を選任して点呼の一部を行わせる場合でも、運行管理者は補助者を指導監督する必要がある。,事故統計は輸送の安全に関する公表事項に含まれない。,事業者は、輸送の安全に関する基本方針、目標及び達成状況、事故統計など一定事項を公表する。,事業者は、運行管理者に必要な権限を与え、その助言を尊重する必要がある。,2,安全情報の公表については、「事業者は、輸送の安全に関する基本方針、目標及び達成状況、事故統計など一定事項を公表する。」が基本である。正答の選択肢はこの原則と異なるため誤りである。,,,,
57,single,貨物自動車運送事業法関係,,事業計画変更に関する次の記述のうち、正しいものを１つ選びなさい。法令上の原則に基づいて判断しなさい。,,,,,,自動車車庫の位置及び収容能力など重要な事業計画変更には、原則として認可が必要である。,自動車車庫の位置変更は、変更後１年以内に任意で報告すればよい。,休憩又は睡眠施設の位置及び収容能力の変更は、常に届出不要である。,すべての事業計画変更は、事前認可ではなく事後届出で足りる。,1,事業計画変更については、「自動車車庫の位置及び収容能力など重要な事業計画変更には、原則として認可が必要である。」が正しい。その他の選択肢は、要件、期限、主体又は義務の内容が法令上の原則と異なる。,,,,
60,single,貨物自動車運送事業法関係,,貨物の積載に関する次の記述のうち、正しいものを１つ選びなさい。安全確保の観点から判断しなさい。,,,,,,シート掛け等の落下防止措置は、雨天時だけ行えば足りる。,貨物を積載するときは、偏荷重を避け、荷崩れや落下を防止するためロープやシート等で必要な措置を講じる。,偏荷重は運転者の運転技術で補えるため、積載時に考慮する必要はない。,荷崩れ防止措置は最大積載量を超える場合だけ必要である。,2,貨物の積載については、「貨物を積載するときは、偏荷重を避け、荷崩れや落下を防止するためロープやシート等で必要な措置を講じる。」が正しい。その他の選択肢は、要件、期限、主体又は義務の内容が法令上の原則と異なる。,,,,
62,single,貨物自動車運送事業法関係,,点呼に関する次の記述のうち、正しいものを１つ選びなさい。実務での運行管理を想定して判断しなさい。,,,,,,乗務前点呼では、酒気帯びの有無だけ確認すれば足り、日常点検の報告は不要である。,乗務後点呼では、酒気帯びの有無の確認を省略することができる。,点呼記録は営業所ごとの合計数だけ保存すれば足りる。,乗務前点呼では、酒気帯びの有無、疾病・疲労等の有無、日常点検の実施又は確認について報告を求め、必要な指示を行う。,4,点呼については、「乗務前点呼では、酒気帯びの有無、疾病・疲労等の有無、日常点検の実施又は確認について報告を求め、必要な指示を行う。」が正しい。その他の選択肢は、要件、期限、主体又は義務の内容が法令上の原則と異なる。,,,,
64,single,貨物自動車運送事業法関係,,運行管理者の業務に関する次の記述のうち、正しいものを１つ選びなさい。安全確保の観点から判断しなさい。,,,,,,異常気象時の指示は、事故が発生した後に限って行えば足りる。,運行管理者は、異常気象等により輸送の安全に支障が生じるおそれがあるとき、乗務員に適切な指示を行う。,異常気象時の運行継続可否は、現場の運転者だけが判断すればよい。,運行管理者は、輸送の安全に関する指示を行う権限を持たない。,2,運行管理者の業務については、「運行管理者は、異常気象等により輸送の安全に支障が生じるおそれがあるとき、乗務員に適切な指示を行う。」が正しい。その他の選択肢は、要件、期限、主体又は義務の内容が法令上の原則と異なる。,,,,
66,single,貨物自動車運送事業法関係,,運行指示書に関する次の記述のうち、誤っているものを１つ選びなさい。実務での運行管理を想定して判断しなさい。,,,,,,乗務前及び乗務後の点呼のいずれも対面で行えない運行を含む場合、運行指示書を作成し、運転者に携行させる必要がある。,一定の大型貨物自動車等では、瞬間速度、運行距離及び運行時間を運行記録計により記録する必要がある。,過積載運送が荷主の指示に基づくことが明らかで、事業者処分だけでは再発防止が困難な場合、荷主にも勧告できる。,運行指示書は、すべての短距離運行に必ず作成しなければならない。,4,運行指示書については、「乗務前及び乗務後の点呼のいずれも対面で行えない運行を含む場合、運行指示書を作成し、運転者に携行させる必要がある。」が基本である。正答の選択肢はこの原則と異なるため誤りである。,,,,
67,single,貨物自動車運送事業法関係,,事故記録に関する次の記述のうち、正しいものを１つ選びなさい。試験対策として、もっとも適切な記述を選びなさい。,,,,,,事故記録は運転者個人が保管すれば、営業所で保存する必要はない。,物損事故であれば、事故の概要を記録する必要は一切ない。,事業用自動車に係る事故が発生した場合、事故の発生日時等を記録し、営業所で保存する必要がある。,事故記録は死亡事故の場合だけ作成すればよい。,3,事故記録については、「事業用自動車に係る事故が発生した場合、事故の発生日時等を記録し、営業所で保存する必要がある。」が正しい。その他の選択肢は、要件、期限、主体又は義務の内容が法令上の原則と異なる。,,,,
70,single,貨物自動車運送事業法関係,,選任運転者に関する次の記述のうち、正しいものを１つ選びなさい。実務での運行管理を想定して判断しなさい。,,,,,,日々雇い入れられる者を、常時選任する運転者として自由に選任できる。,運転者の選任は繁忙期だけ行えば足りる。,試用期間中の者は、期間にかかわらず常時選任運転者として必ず選任できる。,事業者は、事業計画に従い業務を行うため必要な員数の運転者を常時選任しておく必要がある。,4,選任運転者については、「事業者は、事業計画に従い業務を行うため必要な員数の運転者を常時選任しておく必要がある。」が正しい。その他の選択肢は、要件、期限、主体又は義務の内容が法令上の原則と異なる。,,,,
72,single,貨物自動車運送事業法関係,,交替運転者に関する次の記述のうち、正しいものを１つ選びなさい。安全確保の観点から判断しなさい。,,,,,,交替運転者の配置は運転者本人の希望がある場合に限られる。,長距離運転又は夜間運転で疲労等により安全運転を継続できないおそれがある場合、あらかじめ交替運転者を配置する必要がある。,交替運転者は事故が発生してから手配すれば足りる。,夜間運転では疲労のおそれがあっても、交替運転者の配置を検討する必要はない。,2,交替運転者については、「長距離運転又は夜間運転で疲労等により安全運転を継続できないおそれがある場合、あらかじめ交替運転者を配置する必要がある。」が正しい。その他の選択肢は、要件、期限、主体又は義務の内容が法令上の原則と異なる。,,,,
74,single,貨物自動車運送事業法関係,,適性診断に関する次の記述のうち、正しいものを１つ選びなさい。実務での運行管理を想定して判断しなさい。,,,,,,適性診断は運転者が希望した場合だけ受診させればよい。,高齢運転者に対する適性診断は、75歳になるまで不要である。,事故惹起運転者には適性診断ではなく、口頭注意だけで足りる。,事故惹起運転者、初任運転者、高齢運転者などには、所定の適性診断を受診させる必要がある。,4,適性診断については、「事故惹起運転者、初任運転者、高齢運転者などには、所定の適性診断を受診させる必要がある。」が正しい。その他の選択肢は、要件、期限、主体又は義務の内容が法令上の原則と異なる。,,,,
76,single,貨物自動車運送事業法関係,,安全情報の公表に関する次の記述のうち、誤っているものを１つ選びなさい。安全確保の観点から判断しなさい。,,,,,,補助者を選任して点呼の一部を行わせる場合でも、運行管理者は補助者を指導監督する必要がある。,運行管理者個人の住所は、輸送の安全に関する公表事項である。,事業者は、輸送の安全に関する基本方針、目標及び達成状況、事故統計など一定事項を公表する。,事業者は、運行管理者に必要な権限を与え、その助言を尊重する必要がある。,2,安全情報の公表については、「事業者は、輸送の安全に関する基本方針、目標及び達成状況、事故統計など一定事項を公表する。」が基本である。正答の選択肢はこの原則と異なるため誤りである。,,,,
77,single,貨物自動車運送事業法関係,,事業計画変更に関する次の記述のうち、正しいものを１つ選びなさい。法令上の原則に基づいて判断しなさい。,,,,,,自動車車庫の位置及び収容能力など重要な事業計画変更には、原則として認可が必要である。,自動車車庫の位置変更は、変更後１年以内に任意で報告すればよい。,休憩又は睡眠施設の位置及び収容能力の変更は、常に届出不要である。,すべての事業計画変更は、事前認可ではなく事後届出で足りる。,1,事業計画変更については、「自動車車庫の位置及び収容能力など重要な事業計画変更には、原則として認可が必要である。」が正しい。その他の選択肢は、要件、期限、主体又は義務の内容が法令上の原則と異なる。,,,,
80,single,貨物自動車運送事業法関係,,貨物の積載に関する次の記述のうち、正しいものを１つ選びなさい。安全確保の観点から判断しなさい。,,,,,,シート掛け等の落下防止措置は、雨天時だけ行えば足りる。,貨物を積載するときは、偏荷重を避け、荷崩れや落下を防止するためロープやシート等で必要な措置を講じる。,偏荷重は運転者の運転技術で補えるため、積載時に考慮する必要はない。,荷崩れ防止措置は最大積載量を超える場合だけ必要である。,2,貨物の積載については、「貨物を積載するときは、偏荷重を避け、荷崩れや落下を防止するためロープやシート等で必要な措置を講じる。」が正しい。その他の選択肢は、要件、期限、主体又は義務の内容が法令上の原則と異なる。,,,,
82,single,貨物自動車運送事業法関係,,点呼に関する次の記述のうち、正しいものを１つ選びなさい。実務での運行管理を想定して判断しなさい。,,,,,,乗務前点呼では、酒気帯びの有無だけ確認すれば足り、日常点検の報告は不要である。,乗務後点呼では、酒気帯びの有無の確認を省略することができる。,点呼記録は営業所ごとの合計数だけ保存すれば足りる。,乗務前点呼では、酒気帯びの有無、疾病・疲労等の有無、日常点検の実施又は確認について報告を求め、必要な指示を行う。,4,点呼については、「乗務前点呼では、酒気帯びの有無、疾病・疲労等の有無、日常点検の実施又は確認について報告を求め、必要な指示を行う。」が正しい。その他の選択肢は、要件、期限、主体又は義務の内容が法令上の原則と異なる。,,,,
84,single,貨物自動車運送事業法関係,,運行管理者の業務に関する次の記述のうち、正しいものを１つ選びなさい。安全確保の観点から判断しなさい。,,,,,,異常気象時の指示は、事故が発生した後に限って行えば足りる。,運行管理者は、異常気象等により輸送の安全に支障が生じるおそれがあるとき、乗務員に適切な指示を行う。,異常気象時の運行継続可否は、現場の運転者だけが判断すればよい。,運行管理者は、輸送の安全に関する指示を行う権限を持たない。,2,運行管理者の業務については、「運行管理者は、異常気象等により輸送の安全に支障が生じるおそれがあるとき、乗務員に適切な指示を行う。」が正しい。その他の選択肢は、要件、期限、主体又は義務の内容が法令上の原則と異なる。,,,,
86,single,貨物自動車運送事業法関係,,運行指示書に関する次の記述のうち、誤っているものを１つ選びなさい。実務での運行管理を想定して判断しなさい。,,,,,,乗務前及び乗務後の点呼のいずれも対面で行えない運行を含む場合、運行指示書を作成し、運転者に携行させる必要がある。,一定の大型貨物自動車等では、瞬間速度、運行距離及び運行時間を運行記録計により記録する必要がある。,過積載運送が荷主の指示に基づくことが明らかで、事業者処分だけでは再発防止が困難な場合、荷主にも勧告できる。,運行経路の変更があっても、運行指示書の変更記載は不要である。,4,運行指示書については、「乗務前及び乗務後の点呼のいずれも対面で行えない運行を含む場合、運行指示書を作成し、運転者に携行させる必要がある。」が基本である。正答の選択肢はこの原則と異なるため誤りである。,,,,
87,single,貨物自動車運送事業法関係,,事故記録に関する次の記述のうち、正しいものを１つ選びなさい。試験対策として、もっとも適切な記述を選びなさい。,,,,,,事故記録は運転者個人が保管すれば、営業所で保存する必要はない。,物損事故であれば、事故の概要を記録する必要は一切ない。,事業用自動車に係る事故が発生した場合、事故の発生日時等を記録し、営業所で保存する必要がある。,事故記録は死亡事故の場合だけ作成すればよい。,3,事故記録については、「事業用自動車に係る事故が発生した場合、事故の発生日時等を記録し、営業所で保存する必要がある。」が正しい。その他の選択肢は、要件、期限、主体又は義務の内容が法令上の原則と異なる。,,,,
90,single,貨物自動車運送事業法関係,,選任運転者に関する次の記述のうち、正しいものを１つ選びなさい。実務での運行管理を想定して判断しなさい。,,,,,,日々雇い入れられる者を、常時選任する運転者として自由に選任できる。,運転者の選任は繁忙期だけ行えば足りる。,試用期間中の者は、期間にかかわらず常時選任運転者として必ず選任できる。,事業者は、事業計画に従い業務を行うため必要な員数の運転者を常時選任しておく必要がある。,4,選任運転者については、「事業者は、事業計画に従い業務を行うため必要な員数の運転者を常時選任しておく必要がある。」が正しい。その他の選択肢は、要件、期限、主体又は義務の内容が法令上の原則と異なる。,,,,
92,single,貨物自動車運送事業法関係,,交替運転者に関する次の記述のうち、正しいものを１つ選びなさい。安全確保の観点から判断しなさい。,,,,,,交替運転者の配置は運転者本人の希望がある場合に限られる。,長距離運転又は夜間運転で疲労等により安全運転を継続できないおそれがある場合、あらかじめ交替運転者を配置する必要がある。,交替運転者は事故が発生してから手配すれば足りる。,夜間運転では疲労のおそれがあっても、交替運転者の配置を検討する必要はない。,2,交替運転者については、「長距離運転又は夜間運転で疲労等により安全運転を継続できないおそれがある場合、あらかじめ交替運転者を配置する必要がある。」が正しい。その他の選択肢は、要件、期限、主体又は義務の内容が法令上の原則と異なる。,,,,
94,single,貨物自動車運送事業法関係,,適性診断に関する次の記述のうち、正しいものを１つ選びなさい。実務での運行管理を想定して判断しなさい。,,,,,,適性診断は運転者が希望した場合だけ受診させればよい。,高齢運転者に対する適性診断は、75歳になるまで不要である。,事故惹起運転者には適性診断ではなく、口頭注意だけで足りる。,事故惹起運転者、初任運転者、高齢運転者などには、所定の適性診断を受診させる必要がある。,4,適性診断については、「事故惹起運転者、初任運転者、高齢運転者などには、所定の適性診断を受診させる必要がある。」が正しい。その他の選択肢は、要件、期限、主体又は義務の内容が法令上の原則と異なる。,,,,
96,single,貨物自動車運送事業法関係,,安全情報の公表に関する次の記述のうち、誤っているものを１つ選びなさい。安全確保の観点から判断しなさい。,,,,,,補助者を選任して点呼の一部を行わせる場合でも、運行管理者は補助者を指導監督する必要がある。,輸送の安全に関する目標は、社内掲示すれば公表義務をすべて免れる。,事業者は、輸送の安全に関する基本方針、目標及び達成状況、事故統計など一定事項を公表する。,事業者は、運行管理者に必要な権限を与え、その助言を尊重する必要がある。,2,安全情報の公表については、「事業者は、輸送の安全に関する基本方針、目標及び達成状況、事故統計など一定事項を公表する。」が基本である。正答の選択肢はこの原則と異なるため誤りである。,,,,
97,single,貨物自動車運送事業法関係,,事業計画変更に関する次の記述のうち、正しいものを１つ選びなさい。法令上の原則に基づいて判断しなさい。,,,,,,自動車車庫の位置及び収容能力など重要な事業計画変更には、原則として認可が必要である。,自動車車庫の位置変更は、変更後１年以内に任意で報告すればよい。,休憩又は睡眠施設の位置及び収容能力の変更は、常に届出不要である。,すべての事業計画変更は、事前認可ではなく事後届出で足りる。,1,事業計画変更については、「自動車車庫の位置及び収容能力など重要な事業計画変更には、原則として認可が必要である。」が正しい。その他の選択肢は、要件、期限、主体又は義務の内容が法令上の原則と異なる。,,,,
100,single,貨物自動車運送事業法関係,,貨物の積載に関する次の記述のうち、正しいものを１つ選びなさい。安全確保の観点から判断しなさい。,,,,,,シート掛け等の落下防止措置は、雨天時だけ行えば足りる。,貨物を積載するときは、偏荷重を避け、荷崩れや落下を防止するためロープやシート等で必要な措置を講じる。,偏荷重は運転者の運転技術で補えるため、積載時に考慮する必要はない。,荷崩れ防止措置は最大積載量を超える場合だけ必要である。,2,貨物の積載については、「貨物を積載するときは、偏荷重を避け、荷崩れや落下を防止するためロープやシート等で必要な措置を講じる。」が正しい。その他の選択肢は、要件、期限、主体又は義務の内容が法令上の原則と異なる。,,,,
102,single,貨物自動車運送事業法関係,,点呼に関する次の記述のうち、正しいものを１つ選びなさい。実務での運行管理を想定して判断しなさい。,,,,,,乗務前点呼では、酒気帯びの有無だけ確認すれば足り、日常点検の報告は不要である。,乗務後点呼では、酒気帯びの有無の確認を省略することができる。,点呼記録は営業所ごとの合計数だけ保存すれば足りる。,乗務前点呼では、酒気帯びの有無、疾病・疲労等の有無、日常点検の実施又は確認について報告を求め、必要な指示を行う。,4,点呼については、「乗務前点呼では、酒気帯びの有無、疾病・疲労等の有無、日常点検の実施又は確認について報告を求め、必要な指示を行う。」が正しい。その他の選択肢は、要件、期限、主体又は義務の内容が法令上の原則と異なる。,,,,
104,single,貨物自動車運送事業法関係,,運行管理者の業務に関する次の記述のうち、正しいものを１つ選びなさい。安全確保の観点から判断しなさい。,,,,,,異常気象時の指示は、事故が発生した後に限って行えば足りる。,運行管理者は、異常気象等により輸送の安全に支障が生じるおそれがあるとき、乗務員に適切な指示を行う。,異常気象時の運行継続可否は、現場の運転者だけが判断すればよい。,運行管理者は、輸送の安全に関する指示を行う権限を持たない。,2,運行管理者の業務については、「運行管理者は、異常気象等により輸送の安全に支障が生じるおそれがあるとき、乗務員に適切な指示を行う。」が正しい。その他の選択肢は、要件、期限、主体又は義務の内容が法令上の原則と異なる。,,,,
106,single,貨物自動車運送事業法関係,,運行指示書に関する次の記述のうち、誤っているものを１つ選びなさい。実務での運行管理を想定して判断しなさい。,,,,,,乗務前及び乗務後の点呼のいずれも対面で行えない運行を含む場合、運行指示書を作成し、運転者に携行させる必要がある。,一定の大型貨物自動車等では、瞬間速度、運行距離及び運行時間を運行記録計により記録する必要がある。,過積載運送が荷主の指示に基づくことが明らかで、事業者処分だけでは再発防止が困難な場合、荷主にも勧告できる。,運行指示書は、営業所に備え置けば運転者に携行させる必要はない。,4,運行指示書については、「乗務前及び乗務後の点呼のいずれも対面で行えない運行を含む場合、運行指示書を作成し、運転者に携行させる必要がある。」が基本である。正答の選択肢はこの原則と異なるため誤りである。,,,,
107,single,貨物自動車運送事業法関係,,事故記録に関する次の記述のうち、正しいものを１つ選びなさい。試験対策として、もっとも適切な記述を選びなさい。,,,,,,事故記録は運転者個人が保管すれば、営業所で保存する必要はない。,物損事故であれば、事故の概要を記録する必要は一切ない。,事業用自動車に係る事故が発生した場合、事故の発生日時等を記録し、営業所で保存する必要がある。,事故記録は死亡事故の場合だけ作成すればよい。,3,事故記録については、「事業用自動車に係る事故が発生した場合、事故の発生日時等を記録し、営業所で保存する必要がある。」が正しい。その他の選択肢は、要件、期限、主体又は義務の内容が法令上の原則と異なる。,,,,
110,single,貨物自動車運送事業法関係,,選任運転者に関する次の記述のうち、正しいものを１つ選びなさい。実務での運行管理を想定して判断しなさい。,,,,,,日々雇い入れられる者を、常時選任する運転者として自由に選任できる。,運転者の選任は繁忙期だけ行えば足りる。,試用期間中の者は、期間にかかわらず常時選任運転者として必ず選任できる。,事業者は、事業計画に従い業務を行うため必要な員数の運転者を常時選任しておく必要がある。,4,選任運転者については、「事業者は、事業計画に従い業務を行うため必要な員数の運転者を常時選任しておく必要がある。」が正しい。その他の選択肢は、要件、期限、主体又は義務の内容が法令上の原則と異なる。,,,,
112,single,貨物自動車運送事業法関係,,交替運転者に関する次の記述のうち、正しいものを１つ選びなさい。安全確保の観点から判断しなさい。,,,,,,交替運転者の配置は運転者本人の希望がある場合に限られる。,長距離運転又は夜間運転で疲労等により安全運転を継続できないおそれがある場合、あらかじめ交替運転者を配置する必要がある。,交替運転者は事故が発生してから手配すれば足りる。,夜間運転では疲労のおそれがあっても、交替運転者の配置を検討する必要はない。,2,交替運転者については、「長距離運転又は夜間運転で疲労等により安全運転を継続できないおそれがある場合、あらかじめ交替運転者を配置する必要がある。」が正しい。その他の選択肢は、要件、期限、主体又は義務の内容が法令上の原則と異なる。,,,,
114,single,貨物自動車運送事業法関係,,適性診断に関する次の記述のうち、正しいものを１つ選びなさい。実務での運行管理を想定して判断しなさい。,,,,,,適性診断は運転者が希望した場合だけ受診させればよい。,高齢運転者に対する適性診断は、75歳になるまで不要である。,事故惹起運転者には適性診断ではなく、口頭注意だけで足りる。,事故惹起運転者、初任運転者、高齢運転者などには、所定の適性診断を受診させる必要がある。,4,適性診断については、「事故惹起運転者、初任運転者、高齢運転者などには、所定の適性診断を受診させる必要がある。」が正しい。その他の選択肢は、要件、期限、主体又は義務の内容が法令上の原則と異なる。,,,,
116,single,貨物自動車運送事業法関係,,安全情報の公表に関する次の記述のうち、誤っているものを１つ選びなさい。安全確保の観点から判断しなさい。,,,,,,補助者を選任して点呼の一部を行わせる場合でも、運行管理者は補助者を指導監督する必要がある。,事故統計は輸送の安全に関する公表事項に含まれない。,事業者は、輸送の安全に関する基本方針、目標及び達成状況、事故統計など一定事項を公表する。,事業者は、運行管理者に必要な権限を与え、その助言を尊重する必要がある。,2,安全情報の公表については、「事業者は、輸送の安全に関する基本方針、目標及び達成状況、事故統計など一定事項を公表する。」が基本である。正答の選択肢はこの原則と異なるため誤りである。,,,,
117,single,貨物自動車運送事業法関係,,事業計画変更に関する次の記述のうち、正しいものを１つ選びなさい。法令上の原則に基づいて判断しなさい。,,,,,,自動車車庫の位置及び収容能力など重要な事業計画変更には、原則として認可が必要である。,自動車車庫の位置変更は、変更後１年以内に任意で報告すればよい。,休憩又は睡眠施設の位置及び収容能力の変更は、常に届出不要である。,すべての事業計画変更は、事前認可ではなく事後届出で足りる。,1,事業計画変更については、「自動車車庫の位置及び収容能力など重要な事業計画変更には、原則として認可が必要である。」が正しい。その他の選択肢は、要件、期限、主体又は義務の内容が法令上の原則と異なる。,,,,
120,single,貨物自動車運送事業法関係,,貨物の積載に関する次の記述のうち、正しいものを１つ選びなさい。安全確保の観点から判断しなさい。,,,,,,シート掛け等の落下防止措置は、雨天時だけ行えば足りる。,貨物を積載するときは、偏荷重を避け、荷崩れや落下を防止するためロープやシート等で必要な措置を講じる。,偏荷重は運転者の運転技術で補えるため、積載時に考慮する必要はない。,荷崩れ防止措置は最大積載量を超える場合だけ必要である。,2,貨物の積載については、「貨物を積載するときは、偏荷重を避け、荷崩れや落下を防止するためロープやシート等で必要な措置を講じる。」が正しい。その他の選択肢は、要件、期限、主体又は義務の内容が法令上の原則と異なる。,,,,
122,single,貨物自動車運送事業法関係,,点呼に関する次の記述のうち、正しいものを１つ選びなさい。実務での運行管理を想定して判断しなさい。,,,,,,乗務前点呼では、酒気帯びの有無だけ確認すれば足り、日常点検の報告は不要である。,乗務後点呼では、酒気帯びの有無の確認を省略することができる。,点呼記録は営業所ごとの合計数だけ保存すれば足りる。,乗務前点呼では、酒気帯びの有無、疾病・疲労等の有無、日常点検の実施又は確認について報告を求め、必要な指示を行う。,4,点呼については、「乗務前点呼では、酒気帯びの有無、疾病・疲労等の有無、日常点検の実施又は確認について報告を求め、必要な指示を行う。」が正しい。その他の選択肢は、要件、期限、主体又は義務の内容が法令上の原則と異なる。,,,,
124,single,貨物自動車運送事業法関係,,運行管理者の業務に関する次の記述のうち、正しいものを１つ選びなさい。安全確保の観点から判断しなさい。,,,,,,異常気象時の指示は、事故が発生した後に限って行えば足りる。,運行管理者は、異常気象等により輸送の安全に支障が生じるおそれがあるとき、乗務員に適切な指示を行う。,異常気象時の運行継続可否は、現場の運転者だけが判断すればよい。,運行管理者は、輸送の安全に関する指示を行う権限を持たない。,2,運行管理者の業務については、「運行管理者は、異常気象等により輸送の安全に支障が生じるおそれがあるとき、乗務員に適切な指示を行う。」が正しい。その他の選択肢は、要件、期限、主体又は義務の内容が法令上の原則と異なる。,,,,
126,single,貨物自動車運送事業法関係,,運行指示書に関する次の記述のうち、誤っているものを１つ選びなさい。実務での運行管理を想定して判断しなさい。,,,,,,乗務前及び乗務後の点呼のいずれも対面で行えない運行を含む場合、運行指示書を作成し、運転者に携行させる必要がある。,一定の大型貨物自動車等では、瞬間速度、運行距離及び運行時間を運行記録計により記録する必要がある。,過積載運送が荷主の指示に基づくことが明らかで、事業者処分だけでは再発防止が困難な場合、荷主にも勧告できる。,運行指示書は、すべての短距離運行に必ず作成しなければならない。,4,運行指示書については、「乗務前及び乗務後の点呼のいずれも対面で行えない運行を含む場合、運行指示書を作成し、運転者に携行させる必要がある。」が基本である。正答の選択肢はこの原則と異なるため誤りである。,,,,
127,single,貨物自動車運送事業法関係,,事故記録に関する次の記述のうち、正しいものを１つ選びなさい。試験対策として、もっとも適切な記述を選びなさい。,,,,,,事故記録は運転者個人が保管すれば、営業所で保存する必要はない。,物損事故であれば、事故の概要を記録する必要は一切ない。,事業用自動車に係る事故が発生した場合、事故の発生日時等を記録し、営業所で保存する必要がある。,事故記録は死亡事故の場合だけ作成すればよい。,3,事故記録については、「事業用自動車に係る事故が発生した場合、事故の発生日時等を記録し、営業所で保存する必要がある。」が正しい。その他の選択肢は、要件、期限、主体又は義務の内容が法令上の原則と異なる。,,,,
130,single,貨物自動車運送事業法関係,,選任運転者に関する次の記述のうち、正しいものを１つ選びなさい。実務での運行管理を想定して判断しなさい。,,,,,,日々雇い入れられる者を、常時選任する運転者として自由に選任できる。,運転者の選任は繁忙期だけ行えば足りる。,試用期間中の者は、期間にかかわらず常時選任運転者として必ず選任できる。,事業者は、事業計画に従い業務を行うため必要な員数の運転者を常時選任しておく必要がある。,4,選任運転者については、「事業者は、事業計画に従い業務を行うため必要な員数の運転者を常時選任しておく必要がある。」が正しい。その他の選択肢は、要件、期限、主体又は義務の内容が法令上の原則と異なる。,,,,
132,single,貨物自動車運送事業法関係,,交替運転者に関する次の記述のうち、正しいものを１つ選びなさい。安全確保の観点から判断しなさい。,,,,,,交替運転者の配置は運転者本人の希望がある場合に限られる。,長距離運転又は夜間運転で疲労等により安全運転を継続できないおそれがある場合、あらかじめ交替運転者を配置する必要がある。,交替運転者は事故が発生してから手配すれば足りる。,夜間運転では疲労のおそれがあっても、交替運転者の配置を検討する必要はない。,2,交替運転者については、「長距離運転又は夜間運転で疲労等により安全運転を継続できないおそれがある場合、あらかじめ交替運転者を配置する必要がある。」が正しい。その他の選択肢は、要件、期限、主体又は義務の内容が法令上の原則と異なる。,,,,
134,single,貨物自動車運送事業法関係,,適性診断に関する次の記述のうち、正しいものを１つ選びなさい。実務での運行管理を想定して判断しなさい。,,,,,,適性診断は運転者が希望した場合だけ受診させればよい。,高齢運転者に対する適性診断は、75歳になるまで不要である。,事故惹起運転者には適性診断ではなく、口頭注意だけで足りる。,事故惹起運転者、初任運転者、高齢運転者などには、所定の適性診断を受診させる必要がある。,4,適性診断については、「事故惹起運転者、初任運転者、高齢運転者などには、所定の適性診断を受診させる必要がある。」が正しい。その他の選択肢は、要件、期限、主体又は義務の内容が法令上の原則と異なる。,,,,
137,single,道路運送車両法関係,,変更登録に関する次の記述のうち、正しいものを１つ選びなさい。実務での運行管理を想定して判断しなさい。,,,,,,使用の本拠の位置変更は、移転登録の対象であり変更登録ではない。,使用の本拠の位置変更は、１年以内に任意で届け出れば足りる。,変更登録は、所有者が変わった場合だけ行う手続である。,登録自動車の所有者は、使用の本拠の位置等に変更があったときは、原則15日以内に変更登録を申請する。,4,変更登録については、「登録自動車の所有者は、使用の本拠の位置等に変更があったときは、原則15日以内に変更登録を申請する。」が正しい。その他の選択肢は、要件、期限、主体又は義務の内容が法令上の原則と異なる。,,,,
139,single,道路運送車両法関係,,抹消登録に関する次の記述のうち、正しいものを１つ選びなさい。安全確保の観点から判断しなさい。,,,,,,抹消登録は所有者が死亡した場合だけに限られる。,自動車の用途を廃止した場合などには、抹消登録の手続が必要となる。,用途廃止をしても登録手続は一切不要である。,用途廃止は継続検査の対象であり抹消登録とは無関係である。,2,抹消登録については、「自動車の用途を廃止した場合などには、抹消登録の手続が必要となる。」が正しい。その他の選択肢は、要件、期限、主体又は義務の内容が法令上の原則と異なる。,,,,
141,single,道路運送車両法関係,,自動車検査証に関する次の記述のうち、誤っているものを１つ選びなさい。実務での運行管理を想定して判断しなさい。,,,,,,自動車は、自動車検査証を備え付け、検査標章を表示しなければ運行の用に供してはならない。,自動車運送事業の用に供する自動車は、１日１回、運行開始前に日常点検を行う。,前面ガラス等にフィルムを貼る場合、必要な視野部分の可視光線透過率は70パーセント以上でなければならない。,自動車検査証の備付けは自家用車だけに限られる。,4,自動車検査証については、「自動車は、自動車検査証を備え付け、検査標章を表示しなければ運行の用に供してはならない。」が基本である。正答の選択肢はこの原則と異なるため誤りである。,,,,
142,single,道路運送車両法関係,,継続検査に関する次の記述のうち、正しいものを１つ選びなさい。試験対策として、もっとも適切な記述を選びなさい。,,,,,,継続検査は新車購入時だけに行う検査である。,継続検査は運転者の健康診断のことである。,自動車検査証の有効期間満了後も使用しようとするときは、継続検査を受ける必要がある。,有効期間満了後も、点呼記録があれば継続検査なしに運行できる。,3,継続検査については、「自動車検査証の有効期間満了後も使用しようとするときは、継続検査を受ける必要がある。」が正しい。その他の選択肢は、要件、期限、主体又は義務の内容が法令上の原則と異なる。,,,,
145,single,道路運送車両法関係,,定期点検に関する次の記述のうち、正しいものを１つ選びなさい。実務での運行管理を想定して判断しなさい。,,,,,,事業用自動車の定期点検は６ヵ月ごとで足りる。,定期点検は新車登録後10年間不要である。,日常点検を行えば定期点検は不要である。,自動車運送事業の用に供する自動車は、３ヵ月ごとに定期点検を行う必要がある。,4,定期点検については、「自動車運送事業の用に供する自動車は、３ヵ月ごとに定期点検を行う必要がある。」が正しい。その他の選択肢は、要件、期限、主体又は義務の内容が法令上の原則と異なる。,,,,
147,single,道路運送車両法関係,,保安基準に関する次の記述のうち、正しいものを１つ選びなさい。安全確保の観点から判断しなさい。,,,,,,保安基準への適合は運転者の任意判断に委ねられる。,使用者は、自動車を道路運送車両の保安基準に適合するよう維持する必要がある。,保安基準への適合は製造時だけ必要で、使用中は不要である。,事業用自動車は保安基準の適用を受けない。,2,保安基準については、「使用者は、自動車を道路運送車両の保安基準に適合するよう維持する必要がある。」が正しい。その他の選択肢は、要件、期限、主体又は義務の内容が法令上の原則と異なる。,,,,
149,single,道路運送車両法関係,,運行記録計に関する次の記述のうち、正しいものを１つ選びなさい。実務での運行管理を想定して判断しなさい。,,,,,,運行記録計は車両総重量２トン以上のすべての自動車に必要である。,運行記録計は速度ではなく燃料残量だけを記録する。,最大積載量５トン以上の貨物車でも運行記録計は不要である。,車両総重量８トン以上又は最大積載量５トン以上の普通貨物自動車等には運行記録計が必要となる。,4,運行記録計については、「車両総重量８トン以上又は最大積載量５トン以上の普通貨物自動車等には運行記録計が必要となる。」が正しい。その他の選択肢は、要件、期限、主体又は義務の内容が法令上の原則と異なる。,,,,
151,single,道路運送車両法関係,,非常信号用具に関する次の記述のうち、誤っているものを１つ選びなさい。安全確保の観点から判断しなさい。,,,,,,自動車検査証の有効期間満了後も使用しようとするときは、継続検査を受ける必要がある。,非常信号用具は白色の灯光であれば距離基準はない。,非常信号用具は、夜間200メートルの距離から確認できる赤色の灯光を発するもの等でなければならない。,道路運送車両法は、所有権についての公証、安全性の確保、公害防止、整備技術の向上等を目的とする。,2,非常信号用具については、「非常信号用具は、夜間200メートルの距離から確認できる赤色の灯光を発するもの等でなければならない。」が基本である。正答の選択肢はこの原則と異なるため誤りである。,,,,
152,single,道路運送車両法関係,,大型後部反射器に関する次の記述のうち、正しいものを１つ選びなさい。法令上の原則に基づいて判断しなさい。,,,,,,一定の大型貨物自動車には、基準に適合する大型後部反射器を備える必要がある。,大型後部反射器は乗用車にだけ義務付けられる。,大型後部反射器は前面に備えれば足りる。,大型後部反射器には反射光の色や明るさの基準がない。,1,大型後部反射器については、「一定の大型貨物自動車には、基準に適合する大型後部反射器を備える必要がある。」が正しい。その他の選択肢は、要件、期限、主体又は義務の内容が法令上の原則と異なる。,,,,
155,single,道路運送車両法関係,,変更登録に関する次の記述のうち、正しいものを１つ選びなさい。安全確保の観点から判断しなさい。,,,,,,変更登録は、所有者が変わった場合だけ行う手続である。,登録自動車の所有者は、使用の本拠の位置等に変更があったときは、原則15日以内に変更登録を申請する。,使用の本拠の位置変更は、移転登録の対象であり変更登録ではない。,使用の本拠の位置変更は、１年以内に任意で届け出れば足りる。,2,変更登録については、「登録自動車の所有者は、使用の本拠の位置等に変更があったときは、原則15日以内に変更登録を申請する。」が正しい。その他の選択肢は、要件、期限、主体又は義務の内容が法令上の原則と異なる。,,,,
157,single,道路運送車両法関係,,抹消登録に関する次の記述のうち、正しいものを１つ選びなさい。実務での運行管理を想定して判断しなさい。,,,,,,用途廃止をしても登録手続は一切不要である。,用途廃止は継続検査の対象であり抹消登録とは無関係である。,抹消登録は所有者が死亡した場合だけに限られる。,自動車の用途を廃止した場合などには、抹消登録の手続が必要となる。,4,抹消登録については、「自動車の用途を廃止した場合などには、抹消登録の手続が必要となる。」が正しい。その他の選択肢は、要件、期限、主体又は義務の内容が法令上の原則と異なる。,,,,
159,single,道路運送車両法関係,,自動車検査証に関する次の記述のうち、正しいものを１つ選びなさい。安全確保の観点から判断しなさい。,,,,,,自動車検査証の備付けは自家用車だけに限られる。,自動車は、自動車検査証を備え付け、検査標章を表示しなければ運行の用に供してはならない。,自動車検査証は営業所に１通あれば、各車両に備え付ける必要はない。,検査標章は任意表示であり、表示しなくても運行できる。,2,自動車検査証については、「自動車は、自動車検査証を備え付け、検査標章を表示しなければ運行の用に供してはならない。」が正しい。その他の選択肢は、要件、期限、主体又は義務の内容が法令上の原則と異なる。,,,,
161,single,道路運送車両法関係,,検査証記載事項変更に関する次の記述のうち、誤っているものを１つ選びなさい。実務での運行管理を想定して判断しなさい。,,,,,,自動車検査証の記載事項に変更があったときは、原則15日以内に記入を受ける必要がある。,日常点検の結果に基づく運行可否の決定は、使用者から権限を与えられた整備管理者が行う。,一定の大型貨物自動車には、基準に適合する大型後部反射器を備える必要がある。,記載事項に変更があっても、次回継続検査まで放置できる。,4,検査証記載事項変更については、「自動車検査証の記載事項に変更があったときは、原則15日以内に記入を受ける必要がある。」が基本である。正答の選択肢はこの原則と異なるため誤りである。,,,,
162,single,道路運送車両法関係,,日常点検に関する次の記述のうち、正しいものを１つ選びなさい。試験対策として、もっとも適切な記述を選びなさい。,,,,,,日常点検は運行終了後だけに行う。,日常点検は車庫に戻らない運行では不要である。,自動車運送事業の用に供する自動車は、１日１回、運行開始前に日常点検を行う。,日常点検は１週間に１回で足りる。,3,日常点検については、「自動車運送事業の用に供する自動車は、１日１回、運行開始前に日常点検を行う。」が正しい。その他の選択肢は、要件、期限、主体又は義務の内容が法令上の原則と異なる。,,,,
165,single,道路運送車両法関係,,保安基準に関する次の記述のうち、正しいものを１つ選びなさい。実務での運行管理を想定して判断しなさい。,,,,,,保安基準への適合は製造時だけ必要で、使用中は不要である。,事業用自動車は保安基準の適用を受けない。,保安基準への適合は運転者の任意判断に委ねられる。,使用者は、自動車を道路運送車両の保安基準に適合するよう維持する必要がある。,4,保安基準については、「使用者は、自動車を道路運送車両の保安基準に適合するよう維持する必要がある。」が正しい。その他の選択肢は、要件、期限、主体又は義務の内容が法令上の原則と異なる。,,,,
167,single,道路運送車両法関係,,運行記録計に関する次の記述のうち、正しいものを１つ選びなさい。安全確保の観点から判断しなさい。,,,,,,最大積載量５トン以上の貨物車でも運行記録計は不要である。,車両総重量８トン以上又は最大積載量５トン以上の普通貨物自動車等には運行記録計が必要となる。,運行記録計は車両総重量２トン以上のすべての自動車に必要である。,運行記録計は速度ではなく燃料残量だけを記録する。,2,運行記録計については、「車両総重量８トン以上又は最大積載量５トン以上の普通貨物自動車等には運行記録計が必要となる。」が正しい。その他の選択肢は、要件、期限、主体又は義務の内容が法令上の原則と異なる。,,,,
169,single,道路運送車両法関係,,非常信号用具に関する次の記述のうち、正しいものを１つ選びなさい。実務での運行管理を想定して判断しなさい。,,,,,,非常信号用具は白色の灯光であれば距離基準はない。,非常信号用具は営業所に備えれば車両には不要である。,非常信号用具は事故発生後に購入すれば足りる。,非常信号用具は、夜間200メートルの距離から確認できる赤色の灯光を発するもの等でなければならない。,4,非常信号用具については、「非常信号用具は、夜間200メートルの距離から確認できる赤色の灯光を発するもの等でなければならない。」が正しい。その他の選択肢は、要件、期限、主体又は義務の内容が法令上の原則と異なる。,,,,
171,single,道路運送車両法関係,,巻込防止装置に関する次の記述のうち、誤っているものを１つ選びなさい。安全確保の観点から判断しなさい。,,,,,,自動車運送事業の用に供する自動車は、１日１回、運行開始前に日常点検を行う。,貨物自動車には巻込防止装置の基準は存在しない。,一定の貨物自動車等の側面には、歩行者等の巻込みを防止する巻込防止装置を備える必要がある。,登録自動車の所有者が変わったときは、移転登録の申請が必要である。,2,巻込防止装置については、「一定の貨物自動車等の側面には、歩行者等の巻込みを防止する巻込防止装置を備える必要がある。」が基本である。正答の選択肢はこの原則と異なるため誤りである。,,,,
172,single,道路運送車両法関係,,道路運送車両法の目的に関する次の記述のうち、正しいものを１つ選びなさい。法令上の原則に基づいて判断しなさい。,,,,,,道路運送車両法は、所有権についての公証、安全性の確保、公害防止、整備技術の向上等を目的とする。,道路運送車両法の目的は、運転免許の交付だけである。,道路運送車両法は、貨物運送契約の料金だけを定める法律である。,道路運送車両法の目的に安全性の確保は含まれない。,1,道路運送車両法の目的については、「道路運送車両法は、所有権についての公証、安全性の確保、公害防止、整備技術の向上等を目的とする。」が正しい。その他の選択肢は、要件、期限、主体又は義務の内容が法令上の原則と異なる。,,,,
175,single,道路運送車両法関係,,抹消登録に関する次の記述のうち、正しいものを１つ選びなさい。安全確保の観点から判断しなさい。,,,,,,抹消登録は所有者が死亡した場合だけに限られる。,自動車の用途を廃止した場合などには、抹消登録の手続が必要となる。,用途廃止をしても登録手続は一切不要である。,用途廃止は継続検査の対象であり抹消登録とは無関係である。,2,抹消登録については、「自動車の用途を廃止した場合などには、抹消登録の手続が必要となる。」が正しい。その他の選択肢は、要件、期限、主体又は義務の内容が法令上の原則と異なる。,,,,
177,single,道路運送車両法関係,,自動車検査証に関する次の記述のうち、正しいものを１つ選びなさい。実務での運行管理を想定して判断しなさい。,,,,,,自動車検査証は営業所に１通あれば、各車両に備え付ける必要はない。,検査標章は任意表示であり、表示しなくても運行できる。,自動車検査証の備付けは自家用車だけに限られる。,自動車は、自動車検査証を備え付け、検査標章を表示しなければ運行の用に供してはならない。,4,自動車検査証については、「自動車は、自動車検査証を備え付け、検査標章を表示しなければ運行の用に供してはならない。」が正しい。その他の選択肢は、要件、期限、主体又は義務の内容が法令上の原則と異なる。,,,,
179,single,道路運送車両法関係,,検査証記載事項変更に関する次の記述のうち、正しいものを１つ選びなさい。安全確保の観点から判断しなさい。,,,,,,検査証記載事項の変更は、運行管理者が口頭で承認すれば足りる。,自動車検査証の記載事項に変更があったときは、原則15日以内に記入を受ける必要がある。,記載事項変更は30日以内ではなく、原則15日以内である。,記載事項に変更があっても、次回継続検査まで放置できる。,2,検査証記載事項変更については、「自動車検査証の記載事項に変更があったときは、原則15日以内に記入を受ける必要がある。」が正しい。その他の選択肢は、要件、期限、主体又は義務の内容が法令上の原則と異なる。,,,,
181,single,道路運送車両法関係,,定期点検に関する次の記述のうち、誤っているものを１つ選びなさい。実務での運行管理を想定して判断しなさい。,,,,,,自動車運送事業の用に供する自動車は、３ヵ月ごとに定期点検を行う必要がある。,一定の大型貨物自動車には、時速90キロメートルを超えて走行しないよう速度抑制装置を備える必要がある。,道路運送車両法は、所有権についての公証、安全性の確保、公害防止、整備技術の向上等を目的とする。,事業用自動車の定期点検は６ヵ月ごとで足りる。,4,定期点検については、「自動車運送事業の用に供する自動車は、３ヵ月ごとに定期点検を行う必要がある。」が基本である。正答の選択肢はこの原則と異なるため誤りである。,,,,
182,single,道路運送車両法関係,,整備管理者に関する次の記述のうち、正しいものを１つ選びなさい。試験対策として、もっとも適切な記述を選びなさい。,,,,,,整備管理者は運行可否に関与してはならない。,運行可否は常に運転者だけが決定する。,日常点検の結果に基づく運行可否の決定は、使用者から権限を与えられた整備管理者が行う。,日常点検の結果に基づく運行可否は、荷主が最終決定する。,3,整備管理者については、「日常点検の結果に基づく運行可否の決定は、使用者から権限を与えられた整備管理者が行う。」が正しい。その他の選択肢は、要件、期限、主体又は義務の内容が法令上の原則と異なる。,,,,
185,single,道路運送車両法関係,,運行記録計に関する次の記述のうち、正しいものを１つ選びなさい。実務での運行管理を想定して判断しなさい。,,,,,,運行記録計は車両総重量２トン以上のすべての自動車に必要である。,運行記録計は速度ではなく燃料残量だけを記録する。,最大積載量５トン以上の貨物車でも運行記録計は不要である。,車両総重量８トン以上又は最大積載量５トン以上の普通貨物自動車等には運行記録計が必要となる。,4,運行記録計については、「車両総重量８トン以上又は最大積載量５トン以上の普通貨物自動車等には運行記録計が必要となる。」が正しい。その他の選択肢は、要件、期限、主体又は義務の内容が法令上の原則と異なる。,,,,
187,single,道路運送車両法関係,,非常信号用具に関する次の記述のうち、正しいものを１つ選びなさい。安全確保の観点から判断しなさい。,,,,,,非常信号用具は事故発生後に購入すれば足りる。,非常信号用具は、夜間200メートルの距離から確認できる赤色の灯光を発するもの等でなければならない。,非常信号用具は白色の灯光であれば距離基準はない。,非常信号用具は営業所に備えれば車両には不要である。,2,非常信号用具については、「非常信号用具は、夜間200メートルの距離から確認できる赤色の灯光を発するもの等でなければならない。」が正しい。その他の選択肢は、要件、期限、主体又は義務の内容が法令上の原則と異なる。,,,,
189,single,道路運送車両法関係,,巻込防止装置に関する次の記述のうち、正しいものを１つ選びなさい。実務での運行管理を想定して判断しなさい。,,,,,,巻込防止装置は後面にだけ備える装置である。,巻込防止装置は歩行者保護とは無関係である。,貨物自動車には巻込防止装置の基準は存在しない。,一定の貨物自動車等の側面には、歩行者等の巻込みを防止する巻込防止装置を備える必要がある。,4,巻込防止装置については、「一定の貨物自動車等の側面には、歩行者等の巻込みを防止する巻込防止装置を備える必要がある。」が正しい。その他の選択肢は、要件、期限、主体又は義務の内容が法令上の原則と異なる。,,,,
191,single,道路運送車両法関係,,変更登録に関する次の記述のうち、誤っているものを１つ選びなさい。安全確保の観点から判断しなさい。,,,,,,日常点検の結果に基づく運行可否の決定は、使用者から権限を与えられた整備管理者が行う。,使用の本拠の位置変更は、１年以内に任意で届け出れば足りる。,登録自動車の所有者は、使用の本拠の位置等に変更があったときは、原則15日以内に変更登録を申請する。,臨時運行許可を受けた自動車は、許可番号標を見やすく表示し、許可証を備え付ける必要がある。,2,変更登録については、「登録自動車の所有者は、使用の本拠の位置等に変更があったときは、原則15日以内に変更登録を申請する。」が基本である。正答の選択肢はこの原則と異なるため誤りである。,,,,
192,single,道路運送車両法関係,,移転登録に関する次の記述のうち、正しいものを１つ選びなさい。法令上の原則に基づいて判断しなさい。,,,,,,登録自動車の所有者が変わったときは、移転登録の申請が必要である。,所有者が変わった場合は永久抹消登録を必ず行う。,所有者変更は、登録番号標を返納すれば登録申請は不要である。,所有者変更は自動車検査証の備付けだけで足りる。,1,移転登録については、「登録自動車の所有者が変わったときは、移転登録の申請が必要である。」が正しい。その他の選択肢は、要件、期限、主体又は義務の内容が法令上の原則と異なる。,,,,
195,single,道路運送車両法関係,,自動車検査証に関する次の記述のうち、正しいものを１つ選びなさい。安全確保の観点から判断しなさい。,,,,,,自動車検査証の備付けは自家用車だけに限られる。,自動車は、自動車検査証を備え付け、検査標章を表示しなければ運行の用に供してはならない。,自動車検査証は営業所に１通あれば、各車両に備え付ける必要はない。,検査標章は任意表示であり、表示しなくても運行できる。,2,自動車検査証については、「自動車は、自動車検査証を備え付け、検査標章を表示しなければ運行の用に供してはならない。」が正しい。その他の選択肢は、要件、期限、主体又は義務の内容が法令上の原則と異なる。,,,,
197,single,道路運送車両法関係,,検査証記載事項変更に関する次の記述のうち、正しいものを１つ選びなさい。実務での運行管理を想定して判断しなさい。,,,,,,記載事項変更は30日以内ではなく、原則15日以内である。,記載事項に変更があっても、次回継続検査まで放置できる。,検査証記載事項の変更は、運行管理者が口頭で承認すれば足りる。,自動車検査証の記載事項に変更があったときは、原則15日以内に記入を受ける必要がある。,4,検査証記載事項変更については、「自動車検査証の記載事項に変更があったときは、原則15日以内に記入を受ける必要がある。」が正しい。その他の選択肢は、要件、期限、主体又は義務の内容が法令上の原則と異なる。,,,,
199,single,道路運送車両法関係,,定期点検に関する次の記述のうち、正しいものを１つ選びなさい。安全確保の観点から判断しなさい。,,,,,,日常点検を行えば定期点検は不要である。,自動車運送事業の用に供する自動車は、３ヵ月ごとに定期点検を行う必要がある。,事業用自動車の定期点検は６ヵ月ごとで足りる。,定期点検は新車登録後10年間不要である。,2,定期点検については、「自動車運送事業の用に供する自動車は、３ヵ月ごとに定期点検を行う必要がある。」が正しい。その他の選択肢は、要件、期限、主体又は義務の内容が法令上の原則と異なる。,,,,
202,single,道路交通法関係,,赤信号に関する次の記述のうち、正しいものを１つ選びなさい。実務での運行管理を想定して判断しなさい。,,,,,,赤色の灯火でも、周囲に車両がなければ自由に進行できる。,赤色の灯火は徐行すれば停止位置を越えてよい意味である。,赤色の灯火は大型車だけ停止すればよい。,赤色の灯火では、車両等は停止位置を越えて進行してはならない。,4,赤信号については、「赤色の灯火では、車両等は停止位置を越えて進行してはならない。」が正しい。その他の選択肢は、要件、期限、主体又は義務の内容が法令上の原則と異なる。,,,,
204,single,道路交通法関係,,青矢印信号に関する次の記述のうち、正しいものを１つ選びなさい。安全確保の観点から判断しなさい。,,,,,,青色の矢印信号は車両には適用されない。,青色の矢印信号では、黄色又は赤色の灯火にかかわらず、矢印の方向に進行できる。,青色の矢印信号は、矢印と反対方向に進行できる意味である。,青色の矢印信号では、すべての方向に自由に進行できる。,2,青矢印信号については、「青色の矢印信号では、黄色又は赤色の灯火にかかわらず、矢印の方向に進行できる。」が正しい。その他の選択肢は、要件、期限、主体又は義務の内容が法令上の原則と異なる。,,,,
206,single,道路交通法関係,,交差点進入禁止に関する次の記述のうち、誤っているものを１つ選びなさい。実務での運行管理を想定して判断しなさい。,,,,,,前方の状況により交差点内で停止し交差道路の通行を妨げるおそれがあるときは、交差点に入ってはならない。,交差点で右折する場合、直進又は左折しようとする車両等の進行妨害をしてはならない。,自動車運転中は、緊急やむを得ない場合等を除き、手で保持する携帯電話等を通話のため使用してはならない。,交差道路の通行妨害は歩行者にだけ関係する。,4,交差点進入禁止については、「前方の状況により交差点内で停止し交差道路の通行を妨げるおそれがあるときは、交差点に入ってはならない。」が基本である。正答の選択肢はこの原則と異なるため誤りである。,,,,
207,single,道路交通法関係,,優先道路に関する次の記述のうち、正しいものを１つ選びなさい。試験対策として、もっとも適切な記述を選びなさい。,,,,,,交差道路が明らかに広い場合でも、速度を落とす必要はない。,優先道路の概念は高速道路だけに適用される。,交通整理のない交差点で交差道路が優先道路等の場合、徐行しなければならない。,優先道路と交差するときは、必ず一時停止しなければならない。,3,優先道路については、「交通整理のない交差点で交差道路が優先道路等の場合、徐行しなければならない。」が正しい。その他の選択肢は、要件、期限、主体又は義務の内容が法令上の原則と異なる。,,,,
210,single,道路交通法関係,,追越しに関する次の記述のうち、正しいものを１つ選びなさい。実務での運行管理を想定して判断しなさい。,,,,,,追越しとは、同一車線で前車に追従することをいう。,追越しは進路を変えない場合だけをいう。,追越しは歩行者を追い抜く場合だけに使う用語である。,追越しとは、他の車両等に追い付いた場合に進路を変えて側方を通過し、その前方に出ることをいう。,4,追越しについては、「追越しとは、他の車両等に追い付いた場合に進路を変えて側方を通過し、その前方に出ることをいう。」が正しい。その他の選択肢は、要件、期限、主体又は義務の内容が法令上の原則と異なる。,,,,
212,single,道路交通法関係,,過積載の応急措置に関する次の記述のうち、正しいものを１つ選びなさい。安全確保の観点から判断しなさい。,,,,,,過積載は道路交通法では扱われない。,警察官は、過積載をしている自動車の運転者に対し、必要な応急措置を命ずることができる。,過積載を発見した警察官は、運転者に応急措置を命ずることができない。,過積載の応急措置命令は、荷主だけが行う。,2,過積載の応急措置については、「警察官は、過積載をしている自動車の運転者に対し、必要な応急措置を命ずることができる。」が正しい。その他の選択肢は、要件、期限、主体又は義務の内容が法令上の原則と異なる。,,,,
214,single,道路交通法関係,,荷主への命令に関する次の記述のうち、正しいものを１つ選びなさい。実務での運行管理を想定して判断しなさい。,,,,,,荷主への命令は公安委員会が常に勧告として行うだけである。,荷主が過積載を要求しても、道路交通法上の措置はない。,運送引受け禁止命令は運転者が荷主に口頭で行う。,荷主が過積載運転を要求し反復のおそれがある場合、警察署長は運送引受け禁止を命ずることができる。,4,荷主への命令については、「荷主が過積載運転を要求し反復のおそれがある場合、警察署長は運送引受け禁止を命ずることができる。」が正しい。その他の選択肢は、要件、期限、主体又は義務の内容が法令上の原則と異なる。,,,,
216,single,道路交通法関係,,安全地帯に関する次の記述のうち、誤っているものを１つ選びなさい。安全確保の観点から判断しなさい。,,,,,,交通整理のない交差点で交差道路が優先道路等の場合、徐行しなければならない。,安全地帯に歩行者がいる場合でも、警音器を鳴らせば速度を落とす必要はない。,安全地帯の側方を通過する場合、歩行者がいるときは徐行しなければならない。,道路交通法は、道路における危険防止、交通の安全と円滑、交通に起因する障害防止を目的とする。,2,安全地帯については、「安全地帯の側方を通過する場合、歩行者がいるときは徐行しなければならない。」が基本である。正答の選択肢はこの原則と異なるため誤りである。,,,,
217,single,道路交通法関係,,通学通園バスに関する次の記述のうち、正しいものを１つ選びなさい。法令上の原則に基づいて判断しなさい。,,,,,,児童等の乗降のため非常点滅表示灯をつけて停車している通学通園バスの側方を通過するときは、徐行して安全確認する必要がある。,通学通園バスの側方は、通常速度で通過してよい。,非常点滅表示灯をつけた通学通園バスは、追越し禁止標識がなければ安全確認不要である。,通学通園バスに関する義務は夜間だけ適用される。,1,通学通園バスについては、「児童等の乗降のため非常点滅表示灯をつけて停車している通学通園バスの側方を通過するときは、徐行して安全確認する必要がある。」が正しい。その他の選択肢は、要件、期限、主体又は義務の内容が法令上の原則と異なる。,,,,
220,single,道路交通法関係,,赤信号に関する次の記述のうち、正しいものを１つ選びなさい。安全確保の観点から判断しなさい。,,,,,,赤色の灯火は大型車だけ停止すればよい。,赤色の灯火では、車両等は停止位置を越えて進行してはならない。,赤色の灯火でも、周囲に車両がなければ自由に進行できる。,赤色の灯火は徐行すれば停止位置を越えてよい意味である。,2,赤信号については、「赤色の灯火では、車両等は停止位置を越えて進行してはならない。」が正しい。その他の選択肢は、要件、期限、主体又は義務の内容が法令上の原則と異なる。,,,,
222,single,道路交通法関係,,青矢印信号に関する次の記述のうち、正しいものを１つ選びなさい。実務での運行管理を想定して判断しなさい。,,,,,,青色の矢印信号は、矢印と反対方向に進行できる意味である。,青色の矢印信号では、すべての方向に自由に進行できる。,青色の矢印信号は車両には適用されない。,青色の矢印信号では、黄色又は赤色の灯火にかかわらず、矢印の方向に進行できる。,4,青矢印信号については、「青色の矢印信号では、黄色又は赤色の灯火にかかわらず、矢印の方向に進行できる。」が正しい。その他の選択肢は、要件、期限、主体又は義務の内容が法令上の原則と異なる。,,,,
224,single,道路交通法関係,,交差点進入禁止に関する次の記述のうち、正しいものを１つ選びなさい。安全確保の観点から判断しなさい。,,,,,,交差道路の通行妨害は歩行者にだけ関係する。,前方の状況により交差点内で停止し交差道路の通行を妨げるおそれがあるときは、交差点に入ってはならない。,青信号であれば、交差点内で停止するおそれがあっても必ず進入できる。,交差点内で停止するおそれがある場合は、徐行すれば必ず進入できる。,2,交差点進入禁止については、「前方の状況により交差点内で停止し交差道路の通行を妨げるおそれがあるときは、交差点に入ってはならない。」が正しい。その他の選択肢は、要件、期限、主体又は義務の内容が法令上の原則と異なる。,,,,
226,single,道路交通法関係,,左折方法に関する次の記述のうち、誤っているものを１つ選びなさい。実務での運行管理を想定して判断しなさい。,,,,,,左折するときは、あらかじめできる限り道路の左側端に寄り、左側端に沿って徐行する。,交通事故があったときは、直ちに停止し、負傷者救護、危険防止、警察官への報告等を行う必要がある。,児童等の乗降のため非常点滅表示灯をつけて停車している通学通園バスの側方を通過するときは、徐行して安全確認する必要がある。,左折時の徐行義務は大型貨物自動車にはない。,4,左折方法については、「左折するときは、あらかじめできる限り道路の左側端に寄り、左側端に沿って徐行する。」が基本である。正答の選択肢はこの原則と異なるため誤りである。,,,,
227,single,道路交通法関係,,右折時の進行妨害禁止に関する次の記述のうち、正しいものを１つ選びなさい。試験対策として、もっとも適切な記述を選びなさい。,,,,,,大型車が右折する場合は直進車の進行妨害をしてもよい。,進行妨害の禁止は信号機のある交差点では適用されない。,交差点で右折する場合、直進又は左折しようとする車両等の進行妨害をしてはならない。,右折車は常に直進車に優先する。,3,右折時の進行妨害禁止については、「交差点で右折する場合、直進又は左折しようとする車両等の進行妨害をしてはならない。」が正しい。その他の選択肢は、要件、期限、主体又は義務の内容が法令上の原則と異なる。,,,,
230,single,道路交通法関係,,過積載の応急措置に関する次の記述のうち、正しいものを１つ選びなさい。実務での運行管理を想定して判断しなさい。,,,,,,過積載を発見した警察官は、運転者に応急措置を命ずることができない。,過積載の応急措置命令は、荷主だけが行う。,過積載は道路交通法では扱われない。,警察官は、過積載をしている自動車の運転者に対し、必要な応急措置を命ずることができる。,4,過積載の応急措置については、「警察官は、過積載をしている自動車の運転者に対し、必要な応急措置を命ずることができる。」が正しい。その他の選択肢は、要件、期限、主体又は義務の内容が法令上の原則と異なる。,,,,
232,single,道路交通法関係,,荷主への命令に関する次の記述のうち、正しいものを１つ選びなさい。安全確保の観点から判断しなさい。,,,,,,運送引受け禁止命令は運転者が荷主に口頭で行う。,荷主が過積載運転を要求し反復のおそれがある場合、警察署長は運送引受け禁止を命ずることができる。,荷主への命令は公安委員会が常に勧告として行うだけである。,荷主が過積載を要求しても、道路交通法上の措置はない。,2,荷主への命令については、「荷主が過積載運転を要求し反復のおそれがある場合、警察署長は運送引受け禁止を命ずることができる。」が正しい。その他の選択肢は、要件、期限、主体又は義務の内容が法令上の原則と異なる。,,,,
234,single,道路交通法関係,,安全地帯に関する次の記述のうち、正しいものを１つ選びなさい。実務での運行管理を想定して判断しなさい。,,,,,,安全地帯に歩行者がいる場合でも、警音器を鳴らせば速度を落とす必要はない。,安全地帯の側方通過では、必ず一時停止しなければならない。,安全地帯は自動車専用道路にだけ設けられる。,安全地帯の側方を通過する場合、歩行者がいるときは徐行しなければならない。,4,安全地帯については、「安全地帯の側方を通過する場合、歩行者がいるときは徐行しなければならない。」が正しい。その他の選択肢は、要件、期限、主体又は義務の内容が法令上の原則と異なる。,,,,
236,single,道路交通法関係,,積載高さに関する次の記述のうち、誤っているものを１つ選びなさい。安全確保の観点から判断しなさい。,,,,,,交差点で右折する場合、直進又は左折しようとする車両等の進行妨害をしてはならない。,積載高さの制限は荷主の指示があれば適用されない。,積載物の高さは、原則として3.8メートルから積載場所の高さを減じたものを超えてはならない。,黄色の灯火では、原則として停止位置を越えて進行してはならないが、安全に停止できない場合は例外がある。,2,積載高さについては、「積載物の高さは、原則として3.8メートルから積載場所の高さを減じたものを超えてはならない。」が基本である。正答の選択肢はこの原則と異なるため誤りである。,,,,
237,single,道路交通法関係,,道路交通法の目的に関する次の記述のうち、正しいものを１つ選びなさい。法令上の原則に基づいて判断しなさい。,,,,,,道路交通法は、道路における危険防止、交通の安全と円滑、交通に起因する障害防止を目的とする。,道路交通法は、自動車の登録手続だけを定める法律である。,道路交通法の目的に交通の安全と円滑は含まれない。,道路交通法は貨物運送契約の運賃だけを規制する。,1,道路交通法の目的については、「道路交通法は、道路における危険防止、交通の安全と円滑、交通に起因する障害防止を目的とする。」が正しい。その他の選択肢は、要件、期限、主体又は義務の内容が法令上の原則と異なる。,,,,
240,single,道路交通法関係,,青矢印信号に関する次の記述のうち、正しいものを１つ選びなさい。安全確保の観点から判断しなさい。,,,,,,青色の矢印信号は車両には適用されない。,青色の矢印信号では、黄色又は赤色の灯火にかかわらず、矢印の方向に進行できる。,青色の矢印信号は、矢印と反対方向に進行できる意味である。,青色の矢印信号では、すべての方向に自由に進行できる。,2,青矢印信号については、「青色の矢印信号では、黄色又は赤色の灯火にかかわらず、矢印の方向に進行できる。」が正しい。その他の選択肢は、要件、期限、主体又は義務の内容が法令上の原則と異なる。,,,,
242,single,道路交通法関係,,交差点進入禁止に関する次の記述のうち、正しいものを１つ選びなさい。実務での運行管理を想定して判断しなさい。,,,,,,青信号であれば、交差点内で停止するおそれがあっても必ず進入できる。,交差点内で停止するおそれがある場合は、徐行すれば必ず進入できる。,交差道路の通行妨害は歩行者にだけ関係する。,前方の状況により交差点内で停止し交差道路の通行を妨げるおそれがあるときは、交差点に入ってはならない。,4,交差点進入禁止については、「前方の状況により交差点内で停止し交差道路の通行を妨げるおそれがあるときは、交差点に入ってはならない。」が正しい。その他の選択肢は、要件、期限、主体又は義務の内容が法令上の原則と異なる。,,,,
244,single,道路交通法関係,,左折方法に関する次の記述のうち、正しいものを１つ選びなさい。安全確保の観点から判断しなさい。,,,,,,左折時は右側端に寄るのが原則である。,左折するときは、あらかじめできる限り道路の左側端に寄り、左側端に沿って徐行する。,左折時は道路中央に寄って加速する。,左折時の徐行義務は大型貨物自動車にはない。,2,左折方法については、「左折するときは、あらかじめできる限り道路の左側端に寄り、左側端に沿って徐行する。」が正しい。その他の選択肢は、要件、期限、主体又は義務の内容が法令上の原則と異なる。,,,,
246,single,道路交通法関係,,追越しに関する次の記述のうち、誤っているものを１つ選びなさい。実務での運行管理を想定して判断しなさい。,,,,,,追越しとは、他の車両等に追い付いた場合に進路を変えて側方を通過し、その前方に出ることをいう。,過積載防止に必要な運行管理を行っていない使用者に対し、公安委員会は必要な措置をとることを指示できる。,道路交通法は、道路における危険防止、交通の安全と円滑、交通に起因する障害防止を目的とする。,追越しとは、同一車線で前車に追従することをいう。,4,追越しについては、「追越しとは、他の車両等に追い付いた場合に進路を変えて側方を通過し、その前方に出ることをいう。」が基本である。正答の選択肢はこの原則と異なるため誤りである。,,,,
247,single,道路交通法関係,,事故時の措置に関する次の記述のうち、正しいものを１つ選びなさい。試験対策として、もっとも適切な記述を選びなさい。,,,,,,物損事故であれば、危険防止措置も警察への報告も不要である。,負傷者救護は救急車が到着してから始めれば足りる。,交通事故があったときは、直ちに停止し、負傷者救護、危険防止、警察官への報告等を行う必要がある。,交通事故後は、運送を優先して目的地到着後に報告すればよい。,3,事故時の措置については、「交通事故があったときは、直ちに停止し、負傷者救護、危険防止、警察官への報告等を行う必要がある。」が正しい。その他の選択肢は、要件、期限、主体又は義務の内容が法令上の原則と異なる。,,,,
250,single,道路交通法関係,,荷主への命令に関する次の記述のうち、正しいものを１つ選びなさい。実務での運行管理を想定して判断しなさい。,,,,,,荷主への命令は公安委員会が常に勧告として行うだけである。,荷主が過積載を要求しても、道路交通法上の措置はない。,運送引受け禁止命令は運転者が荷主に口頭で行う。,荷主が過積載運転を要求し反復のおそれがある場合、警察署長は運送引受け禁止を命ずることができる。,4,荷主への命令については、「荷主が過積載運転を要求し反復のおそれがある場合、警察署長は運送引受け禁止を命ずることができる。」が正しい。その他の選択肢は、要件、期限、主体又は義務の内容が法令上の原則と異なる。,,,,
252,single,道路交通法関係,,安全地帯に関する次の記述のうち、正しいものを１つ選びなさい。安全確保の観点から判断しなさい。,,,,,,安全地帯は自動車専用道路にだけ設けられる。,安全地帯の側方を通過する場合、歩行者がいるときは徐行しなければならない。,安全地帯に歩行者がいる場合でも、警音器を鳴らせば速度を落とす必要はない。,安全地帯の側方通過では、必ず一時停止しなければならない。,2,安全地帯については、「安全地帯の側方を通過する場合、歩行者がいるときは徐行しなければならない。」が正しい。その他の選択肢は、要件、期限、主体又は義務の内容が法令上の原則と異なる。,,,,
254,single,道路交通法関係,,積載高さに関する次の記述のうち、正しいものを１つ選びなさい。実務での運行管理を想定して判断しなさい。,,,,,,積載物の高さは、車両の長さを超えなければ制限がない。,積載高さは常に5メートルまで自由である。,積載高さの制限は荷主の指示があれば適用されない。,積載物の高さは、原則として3.8メートルから積載場所の高さを減じたものを超えてはならない。,4,積載高さについては、「積載物の高さは、原則として3.8メートルから積載場所の高さを減じたものを超えてはならない。」が正しい。その他の選択肢は、要件、期限、主体又は義務の内容が法令上の原則と異なる。,,,,
256,single,道路交通法関係,,赤信号に関する次の記述のうち、誤っているものを１つ選びなさい。安全確保の観点から判断しなさい。,,,,,,交通事故があったときは、直ちに停止し、負傷者救護、危険防止、警察官への報告等を行う必要がある。,赤色の灯火は徐行すれば停止位置を越えてよい意味である。,赤色の灯火では、車両等は停止位置を越えて進行してはならない。,横断歩道等に歩行者等がいるときは、直前で一時停止し、通行を妨げてはならない。,2,赤信号については、「赤色の灯火では、車両等は停止位置を越えて進行してはならない。」が基本である。正答の選択肢はこの原則と異なるため誤りである。,,,,
257,single,道路交通法関係,,黄色信号に関する次の記述のうち、正しいものを１つ選びなさい。法令上の原則に基づいて判断しなさい。,,,,,,黄色の灯火では、原則として停止位置を越えて進行してはならないが、安全に停止できない場合は例外がある。,黄色の灯火は青色の灯火と同じ意味であり、常に進行できる。,黄色の灯火では、停止できる場合でも加速して通過しなければならない。,黄色の灯火は歩行者だけに適用される。,1,黄色信号については、「黄色の灯火では、原則として停止位置を越えて進行してはならないが、安全に停止できない場合は例外がある。」が正しい。その他の選択肢は、要件、期限、主体又は義務の内容が法令上の原則と異なる。,,,,
260,single,道路交通法関係,,交差点進入禁止に関する次の記述のうち、正しいものを１つ選びなさい。安全確保の観点から判断しなさい。,,,,,,交差道路の通行妨害は歩行者にだけ関係する。,前方の状況により交差点内で停止し交差道路の通行を妨げるおそれがあるときは、交差点に入ってはならない。,青信号であれば、交差点内で停止するおそれがあっても必ず進入できる。,交差点内で停止するおそれがある場合は、徐行すれば必ず進入できる。,2,交差点進入禁止については、「前方の状況により交差点内で停止し交差道路の通行を妨げるおそれがあるときは、交差点に入ってはならない。」が正しい。その他の選択肢は、要件、期限、主体又は義務の内容が法令上の原則と異なる。,,,,
262,single,道路交通法関係,,左折方法に関する次の記述のうち、正しいものを１つ選びなさい。実務での運行管理を想定して判断しなさい。,,,,,,左折時は道路中央に寄って加速する。,左折時の徐行義務は大型貨物自動車にはない。,左折時は右側端に寄るのが原則である。,左折するときは、あらかじめできる限り道路の左側端に寄り、左側端に沿って徐行する。,4,左折方法については、「左折するときは、あらかじめできる限り道路の左側端に寄り、左側端に沿って徐行する。」が正しい。その他の選択肢は、要件、期限、主体又は義務の内容が法令上の原則と異なる。,,,,
264,single,道路交通法関係,,追越しに関する次の記述のうち、正しいものを１つ選びなさい。安全確保の観点から判断しなさい。,,,,,,追越しは歩行者を追い抜く場合だけに使う用語である。,追越しとは、他の車両等に追い付いた場合に進路を変えて側方を通過し、その前方に出ることをいう。,追越しとは、同一車線で前車に追従することをいう。,追越しは進路を変えない場合だけをいう。,2,追越しについては、「追越しとは、他の車両等に追い付いた場合に進路を変えて側方を通過し、その前方に出ることをいう。」が正しい。その他の選択肢は、要件、期限、主体又は義務の内容が法令上の原則と異なる。,,,,
266,single,道路交通法関係,,過積載の応急措置に関する次の記述のうち、誤っているものを１つ選びなさい。実務での運行管理を想定して判断しなさい。,,,,,,警察官は、過積載をしている自動車の運転者に対し、必要な応急措置を命ずることができる。,自動車運転中は、緊急やむを得ない場合等を除き、手で保持する携帯電話等を通話のため使用してはならない。,黄色の灯火では、原則として停止位置を越えて進行してはならないが、安全に停止できない場合は例外がある。,過積載は道路交通法では扱われない。,4,過積載の応急措置については、「警察官は、過積載をしている自動車の運転者に対し、必要な応急措置を命ずることができる。」が基本である。正答の選択肢はこの原則と異なるため誤りである。,,,,
267,single,道路交通法関係,,使用者への指示に関する次の記述のうち、正しいものを１つ選びなさい。試験対策として、もっとも適切な記述を選びなさい。,,,,,,使用者への指示は、積載物が軽い場合だけに限られる。,過積載防止の指示は、運転者の家族に対して行われる。,過積載防止に必要な運行管理を行っていない使用者に対し、公安委員会は必要な措置をとることを指示できる。,公安委員会は過積載防止に関して使用者へ一切指示できない。,3,使用者への指示については、「過積載防止に必要な運行管理を行っていない使用者に対し、公安委員会は必要な措置をとることを指示できる。」が正しい。その他の選択肢は、要件、期限、主体又は義務の内容が法令上の原則と異なる。,,,,
270,single,道路交通法関係,,安全地帯に関する次の記述のうち、正しいものを１つ選びなさい。実務での運行管理を想定して判断しなさい。,,,,,,安全地帯に歩行者がいる場合でも、警音器を鳴らせば速度を落とす必要はない。,安全地帯の側方通過では、必ず一時停止しなければならない。,安全地帯は自動車専用道路にだけ設けられる。,安全地帯の側方を通過する場合、歩行者がいるときは徐行しなければならない。,4,安全地帯については、「安全地帯の側方を通過する場合、歩行者がいるときは徐行しなければならない。」が正しい。その他の選択肢は、要件、期限、主体又は義務の内容が法令上の原則と異なる。,,,,
272,single,道路交通法関係,,積載高さに関する次の記述のうち、正しいものを１つ選びなさい。安全確保の観点から判断しなさい。,,,,,,積載高さの制限は荷主の指示があれば適用されない。,積載物の高さは、原則として3.8メートルから積載場所の高さを減じたものを超えてはならない。,積載物の高さは、車両の長さを超えなければ制限がない。,積載高さは常に5メートルまで自由である。,2,積載高さについては、「積載物の高さは、原則として3.8メートルから積載場所の高さを減じたものを超えてはならない。」が正しい。その他の選択肢は、要件、期限、主体又は義務の内容が法令上の原則と異なる。,,,,
274,single,道路交通法関係,,赤信号に関する次の記述のうち、正しいものを１つ選びなさい。実務での運行管理を想定して判断しなさい。,,,,,,赤色の灯火でも、周囲に車両がなければ自由に進行できる。,赤色の灯火は徐行すれば停止位置を越えてよい意味である。,赤色の灯火は大型車だけ停止すればよい。,赤色の灯火では、車両等は停止位置を越えて進行してはならない。,4,赤信号については、「赤色の灯火では、車両等は停止位置を越えて進行してはならない。」が正しい。その他の選択肢は、要件、期限、主体又は義務の内容が法令上の原則と異なる。,,,,
276,single,道路交通法関係,,青矢印信号に関する次の記述のうち、誤っているものを１つ選びなさい。安全確保の観点から判断しなさい。,,,,,,過積載防止に必要な運行管理を行っていない使用者に対し、公安委員会は必要な措置をとることを指示できる。,青色の矢印信号は、矢印と反対方向に進行できる意味である。,青色の矢印信号では、黄色又は赤色の灯火にかかわらず、矢印の方向に進行できる。,交通整理のない交差点で交差道路が優先道路等の場合、徐行しなければならない。,2,青矢印信号については、「青色の矢印信号では、黄色又は赤色の灯火にかかわらず、矢印の方向に進行できる。」が基本である。正答の選択肢はこの原則と異なるため誤りである。,,,,
277,single,道路交通法関係,,横断歩道に関する次の記述のうち、正しいものを１つ選びなさい。法令上の原則に基づいて判断しなさい。,,,,,,横断歩道等に歩行者等がいるときは、直前で一時停止し、通行を妨げてはならない。,横断歩道に歩行者がいても、警音器を鳴らせば通過できる。,横断歩道では徐行すれば一時停止は不要である。,横断歩道の歩行者保護義務は大型車には適用されない。,1,横断歩道については、「横断歩道等に歩行者等がいるときは、直前で一時停止し、通行を妨げてはならない。」が正しい。その他の選択肢は、要件、期限、主体又は義務の内容が法令上の原則と異なる。,,,,
280,single,道路交通法関係,,左折方法に関する次の記述のうち、正しいものを１つ選びなさい。安全確保の観点から判断しなさい。,,,,,,左折時は右側端に寄るのが原則である。,左折するときは、あらかじめできる限り道路の左側端に寄り、左側端に沿って徐行する。,左折時は道路中央に寄って加速する。,左折時の徐行義務は大型貨物自動車にはない。,2,左折方法については、「左折するときは、あらかじめできる限り道路の左側端に寄り、左側端に沿って徐行する。」が正しい。その他の選択肢は、要件、期限、主体又は義務の内容が法令上の原則と異なる。,,,,
282,single,道路交通法関係,,追越しに関する次の記述のうち、正しいものを１つ選びなさい。実務での運行管理を想定して判断しなさい。,,,,,,追越しとは、同一車線で前車に追従することをいう。,追越しは進路を変えない場合だけをいう。,追越しは歩行者を追い抜く場合だけに使う用語である。,追越しとは、他の車両等に追い付いた場合に進路を変えて側方を通過し、その前方に出ることをいう。,4,追越しについては、「追越しとは、他の車両等に追い付いた場合に進路を変えて側方を通過し、その前方に出ることをいう。」が正しい。その他の選択肢は、要件、期限、主体又は義務の内容が法令上の原則と異なる。,,,,
284,single,道路交通法関係,,過積載の応急措置に関する次の記述のうち、正しいものを１つ選びなさい。安全確保の観点から判断しなさい。,,,,,,過積載は道路交通法では扱われない。,警察官は、過積載をしている自動車の運転者に対し、必要な応急措置を命ずることができる。,過積載を発見した警察官は、運転者に応急措置を命ずることができない。,過積載の応急措置命令は、荷主だけが行う。,2,過積載の応急措置については、「警察官は、過積載をしている自動車の運転者に対し、必要な応急措置を命ずることができる。」が正しい。その他の選択肢は、要件、期限、主体又は義務の内容が法令上の原則と異なる。,,,,
287,single,労働基準法関係,,労働条件明示に関する次の記述のうち、正しいものを１つ選びなさい。実務での運行管理を想定して判断しなさい。,,,,,,労働条件は採用後１年以内に口頭で伝えれば足りる。,賃金や労働時間は明示事項ではない。,明示された労働条件が事実と違っても、労働者は直ちに契約解除できない。,使用者は、労働契約の締結に際し、賃金、労働時間その他の労働条件を明示しなければならない。,4,労働条件明示については、「使用者は、労働契約の締結に際し、賃金、労働時間その他の労働条件を明示しなければならない。」が正しい。その他の選択肢は、要件、期限、主体又は義務の内容が法令上の原則と異なる。,,,,
289,single,労働基準法関係,,休憩時間に関する次の記述のうち、正しいものを１つ選びなさい。安全確保の観点から判断しなさい。,,,,,,休憩時間は運転者には適用されない。,使用者は、労働時間が６時間を超える場合45分以上、８時間を超える場合１時間以上の休憩を労働時間の途中に与える。,労働時間が８時間を超えても休憩は30分で足りる。,休憩は労働時間の終了後にまとめて与えればよい。,2,休憩時間については、「使用者は、労働時間が６時間を超える場合45分以上、８時間を超える場合１時間以上の休憩を労働時間の途中に与える。」が正しい。その他の選択肢は、要件、期限、主体又は義務の内容が法令上の原則と異なる。,,,,
291,single,労働基準法関係,,年次有給休暇に関する次の記述のうち、誤っているものを１つ選びなさい。実務での運行管理を想定して判断しなさい。,,,,,,雇入れの日から６ヵ月継続勤務し、全労働日の８割以上出勤した労働者には、原則10労働日の年次有給休暇を与える。,常時10人以上の労働者を使用する使用者は、就業規則を作成し行政官庁へ届け出る必要がある。,６週間以内に出産予定の女性が休業を請求した場合、使用者は就業させてはならない。産後８週間も原則就業禁止である。,年次有給休暇は運転者には適用されない。,4,年次有給休暇については、「雇入れの日から６ヵ月継続勤務し、全労働日の８割以上出勤した労働者には、原則10労働日の年次有給休暇を与える。」が基本である。正答の選択肢はこの原則と異なるため誤りである。,,,,
292,single,労働基準法関係,,解雇制限に関する次の記述のうち、正しいものを１つ選びなさい。試験対策として、もっとも適切な記述を選びなさい。,,,,,,業務上負傷による休業中でも、30日前に予告すれば必ず解雇できる。,解雇制限は女性労働者だけに適用される。,業務上負傷疾病による休業期間及びその後30日、産前産後休業期間及びその後30日は、原則として解雇できない。,産前産後休業期間が終われば翌日から自由に解雇できる。,3,解雇制限については、「業務上負傷疾病による休業期間及びその後30日、産前産後休業期間及びその後30日は、原則として解雇できない。」が正しい。その他の選択肢は、要件、期限、主体又は義務の内容が法令上の原則と異なる。,,,,
295,single,労働基準法関係,,就業規則の意見聴取に関する次の記述のうち、正しいものを１つ選びなさい。実務での運行管理を想定して判断しなさい。,,,,,,就業規則の変更には、過半数代表者の同意が必ず必要である。,就業規則の作成時に労働者側の意見を聴く必要は一切ない。,意見聴取は行政官庁が直接行う手続である。,就業規則の作成又は変更時は、過半数組合又は過半数代表者の意見を聴く必要がある。,4,就業規則の意見聴取については、「就業規則の作成又は変更時は、過半数組合又は過半数代表者の意見を聴く必要がある。」が正しい。その他の選択肢は、要件、期限、主体又は義務の内容が法令上の原則と異なる。,,,,
297,single,労働基準法関係,,36協定に関する次の記述のうち、正しいものを１つ選びなさい。安全確保の観点から判断しなさい。,,,,,,36協定があれば、健康上特に有害な業務でも１日何時間でも延長できる。,労使協定を締結し届け出た場合、協定の範囲内で時間外労働又は休日労働をさせることができる。,36協定がなくても、繁忙期であれば自由に時間外労働を命じられる。,36協定は口頭合意だけで足り、届出は不要である。,2,36協定については、「労使協定を締結し届け出た場合、協定の範囲内で時間外労働又は休日労働をさせることができる。」が正しい。その他の選択肢は、要件、期限、主体又は義務の内容が法令上の原則と異なる。,,,,
299,single,労働基準法関係,,減給制裁に関する次の記述のうち、正しいものを１つ選びなさい。実務での運行管理を想定して判断しなさい。,,,,,,減給制裁は１回につき平均賃金３日分まで自由に定められる。,減給制裁の総額に上限はない。,減給制裁は就業規則に定めなくても無制限に行える。,減給制裁は、１回の額が平均賃金１日分の半額を超えず、総額が一賃金支払期の賃金総額の10分の１を超えてはならない。,4,減給制裁については、「減給制裁は、１回の額が平均賃金１日分の半額を超えず、総額が一賃金支払期の賃金総額の10分の１を超えてはならない。」が正しい。その他の選択肢は、要件、期限、主体又は義務の内容が法令上の原則と異なる。,,,,
301,single,労働基準法関係,,拘束時間月間に関する次の記述のうち、誤っているものを１つ選びなさい。安全確保の観点から判断しなさい。,,,,,,平均賃金は、原則として算定事由発生日以前３ヵ月間の賃金総額を、その期間の総日数で除して計算する。,１ヵ月の拘束時間は原則350時間以内である。,"トラック運転者の拘束時間は、１年3,300時間以内かつ１ヵ月284時間以内が原則である。",勤務終了後の休息期間は、継続11時間以上与えるよう努めることを基本とし、継続９時間を下回ってはならない。,2,"拘束時間月間については、「トラック運転者の拘束時間は、１年3,300時間以内かつ１ヵ月284時間以内が原則である。」が基本である。正答の選択肢はこの原則と異なるため誤りである。",,,,
302,single,労働基準法関係,,拘束時間延長に関する次の記述のうち、正しいものを１つ選びなさい。法令上の原則に基づいて判断しなさい。,,,,,,"労使協定がある場合でも、１年3,400時間以内の範囲で、年６ヵ月まで１ヵ月310時間までの延長に限られる。",労使協定があれば、毎月360時間まで延長できる。,310時間まで延長できる月数に制限はない。,労使協定がなくても、１ヵ月310時間まで当然に延長できる。,1,"拘束時間延長については、「労使協定がある場合でも、１年3,400時間以内の範囲で、年６ヵ月まで１ヵ月310時間までの延長に限られる。」が正しい。その他の選択肢は、要件、期限、主体又は義務の内容が法令上の原則と異なる。",,,,
305,single,労働基準法関係,,運転時間に関する次の記述のうち、正しいものを１つ選びなさい。安全確保の観点から判断しなさい。,,,,,,運転時間は拘束時間と同じ意味である。,運転時間は２日平均で１日９時間以内、２週間平均で１週間44時間以内とされる。,運転時間は２日平均で１日12時間以内である。,２週間平均の運転時間基準は１週間60時間以内である。,2,運転時間については、「運転時間は２日平均で１日９時間以内、２週間平均で１週間44時間以内とされる。」が正しい。その他の選択肢は、要件、期限、主体又は義務の内容が法令上の原則と異なる。,,,,
307,single,労働基準法関係,,休日労働に関する次の記述のうち、正しいものを１つ選びなさい。実務での運行管理を想定して判断しなさい。,,,,,,休日労働は１週間に３回まで自由に行える。,休日労働をした日は拘束時間の限度を適用しない。,休日労働は36協定があれば改善基準と無関係に行える。,改善基準では、休日労働は２週間について１回を超えないものとし、拘束時間等の限度内で行う。,4,休日労働については、「改善基準では、休日労働は２週間について１回を超えないものとし、拘束時間等の限度内で行う。」が正しい。その他の選択肢は、要件、期限、主体又は義務の内容が法令上の原則と異なる。,,,,
309,single,労働基準法関係,,労働条件明示に関する次の記述のうち、正しいものを１つ選びなさい。安全確保の観点から判断しなさい。,,,,,,明示された労働条件が事実と違っても、労働者は直ちに契約解除できない。,使用者は、労働契約の締結に際し、賃金、労働時間その他の労働条件を明示しなければならない。,労働条件は採用後１年以内に口頭で伝えれば足りる。,賃金や労働時間は明示事項ではない。,2,労働条件明示については、「使用者は、労働契約の締結に際し、賃金、労働時間その他の労働条件を明示しなければならない。」が正しい。その他の選択肢は、要件、期限、主体又は義務の内容が法令上の原則と異なる。,,,,
311,single,労働基準法関係,,休憩時間に関する次の記述のうち、誤っているものを１つ選びなさい。実務での運行管理を想定して判断しなさい。,,,,,,使用者は、労働時間が６時間を超える場合45分以上、８時間を超える場合１時間以上の休憩を労働時間の途中に与える。,業務上負傷疾病による休業期間及びその後30日、産前産後休業期間及びその後30日は、原則として解雇できない。,午後10時から午前５時までの深夜労働には、通常賃金の２割５分以上の割増賃金が必要である。,休憩は労働時間の終了後にまとめて与えればよい。,4,休憩時間については、「使用者は、労働時間が６時間を超える場合45分以上、８時間を超える場合１時間以上の休憩を労働時間の途中に与える。」が基本である。正答の選択肢はこの原則と異なるため誤りである。,,,,
312,single,労働基準法関係,,休日に関する次の記述のうち、正しいものを１つ選びなさい。試験対策として、もっとも適切な記述を選びなさい。,,,,,,４週間を通じ２日以上の休日で足りる。,休日は就業規則に定めれば一切与えなくてよい。,使用者は、毎週少なくとも１回又は４週間を通じ４日以上の休日を与える必要がある。,休日は１ヵ月に１日あれば足りる。,3,休日については、「使用者は、毎週少なくとも１回又は４週間を通じ４日以上の休日を与える必要がある。」が正しい。その他の選択肢は、要件、期限、主体又は義務の内容が法令上の原則と異なる。,,,,
315,single,労働基準法関係,,解雇予告に関する次の記述のうち、正しいものを１つ選びなさい。実務での運行管理を想定して判断しなさい。,,,,,,解雇予告は３日前で足りる。,平均賃金を支払えば、解雇理由に関係なく常に即時解雇できる。,解雇予告制度は正社員には適用されない。,使用者が労働者を解雇する場合、原則として30日前の予告又は30日分以上の平均賃金の支払いが必要である。,4,解雇予告については、「使用者が労働者を解雇する場合、原則として30日前の予告又は30日分以上の平均賃金の支払いが必要である。」が正しい。その他の選択肢は、要件、期限、主体又は義務の内容が法令上の原則と異なる。,,,,
317,single,労働基準法関係,,就業規則の意見聴取に関する次の記述のうち、正しいものを１つ選びなさい。安全確保の観点から判断しなさい。,,,,,,意見聴取は行政官庁が直接行う手続である。,就業規則の作成又は変更時は、過半数組合又は過半数代表者の意見を聴く必要がある。,就業規則の変更には、過半数代表者の同意が必ず必要である。,就業規則の作成時に労働者側の意見を聴く必要は一切ない。,2,就業規則の意見聴取については、「就業規則の作成又は変更時は、過半数組合又は過半数代表者の意見を聴く必要がある。」が正しい。その他の選択肢は、要件、期限、主体又は義務の内容が法令上の原則と異なる。,,,,
319,single,労働基準法関係,,36協定に関する次の記述のうち、正しいものを１つ選びなさい。実務での運行管理を想定して判断しなさい。,,,,,,36協定がなくても、繁忙期であれば自由に時間外労働を命じられる。,36協定は口頭合意だけで足り、届出は不要である。,36協定があれば、健康上特に有害な業務でも１日何時間でも延長できる。,労使協定を締結し届け出た場合、協定の範囲内で時間外労働又は休日労働をさせることができる。,4,36協定については、「労使協定を締結し届け出た場合、協定の範囲内で時間外労働又は休日労働をさせることができる。」が正しい。その他の選択肢は、要件、期限、主体又は義務の内容が法令上の原則と異なる。,,,,
321,single,労働基準法関係,,減給制裁に関する次の記述のうち、誤っているものを１つ選びなさい。安全確保の観点から判断しなさい。,,,,,,労働基準法で定める労働条件の基準は最低のものであり、当事者は労働条件の向上を図るよう努める。,減給制裁は就業規則に定めなくても無制限に行える。,減給制裁は、１回の額が平均賃金１日分の半額を超えず、総額が一賃金支払期の賃金総額の10分の１を超えてはならない。,"労使協定がある場合でも、１年3,400時間以内の範囲で、年６ヵ月まで１ヵ月310時間までの延長に限られる。",2,減給制裁については、「減給制裁は、１回の額が平均賃金１日分の半額を超えず、総額が一賃金支払期の賃金総額の10分の１を超えてはならない。」が基本である。正答の選択肢はこの原則と異なるため誤りである。,,,,
322,single,労働基準法関係,,産前産後に関する次の記述のうち、正しいものを１つ選びなさい。法令上の原則に基づいて判断しなさい。,,,,,,６週間以内に出産予定の女性が休業を請求した場合、使用者は就業させてはならない。産後８週間も原則就業禁止である。,産後２週間を経過すれば、本人の請求がなくても就業させられる。,産前休業は多胎妊娠でも６週間以内に限られる。,産前産後の就業制限は労働基準法にはない。,1,産前産後については、「６週間以内に出産予定の女性が休業を請求した場合、使用者は就業させてはならない。産後８週間も原則就業禁止である。」が正しい。その他の選択肢は、要件、期限、主体又は義務の内容が法令上の原則と異なる。,,,,
325,single,労働基準法関係,,１日拘束時間に関する次の記述のうち、正しいものを１つ選びなさい。安全確保の観点から判断しなさい。,,,,,,１日の拘束時間は運転時間だけを合計する。,１日の拘束時間は原則13時間以内、延長する場合でも最大15時間以内である。ただし、一定の長距離貨物運送では週２回まで16時間とできる例外がある。,１日の拘束時間は原則20時間以内である。,延長する場合の最大拘束時間に上限はない。,2,１日拘束時間については、「１日の拘束時間は原則13時間以内、延長する場合でも最大15時間以内である。ただし、一定の長距離貨物運送では週２回まで16時間とできる例外がある。」が正しい。その他の選択肢は、要件、期限、主体又は義務の内容が法令上の原則と異なる。,,,,
327,single,労働基準法関係,,運転時間に関する次の記述のうち、正しいものを１つ選びなさい。実務での運行管理を想定して判断しなさい。,,,,,,運転時間は２日平均で１日12時間以内である。,２週間平均の運転時間基準は１週間60時間以内である。,運転時間は拘束時間と同じ意味である。,運転時間は２日平均で１日９時間以内、２週間平均で１週間44時間以内とされる。,4,運転時間については、「運転時間は２日平均で１日９時間以内、２週間平均で１週間44時間以内とされる。」が正しい。その他の選択肢は、要件、期限、主体又は義務の内容が法令上の原則と異なる。,,,,
329,single,労働基準法関係,,休日労働に関する次の記述のうち、正しいものを１つ選びなさい。安全確保の観点から判断しなさい。,,,,,,休日労働は36協定があれば改善基準と無関係に行える。,改善基準では、休日労働は２週間について１回を超えないものとし、拘束時間等の限度内で行う。,休日労働は１週間に３回まで自由に行える。,休日労働をした日は拘束時間の限度を適用しない。,2,休日労働については、「改善基準では、休日労働は２週間について１回を超えないものとし、拘束時間等の限度内で行う。」が正しい。その他の選択肢は、要件、期限、主体又は義務の内容が法令上の原則と異なる。,,,,
331,single,労働基準法関係,,労働条件明示に関する次の記述のうち、誤っているものを１つ選びなさい。実務での運行管理を想定して判断しなさい。,,,,,,使用者は、労働契約の締結に際し、賃金、労働時間その他の労働条件を明示しなければならない。,使用者は、毎週少なくとも１回又は４週間を通じ４日以上の休日を与える必要がある。,使用者は、労働基準法令の要旨、就業規則、36協定等を労働者に周知させる必要がある。,労働条件は採用後１年以内に口頭で伝えれば足りる。,4,労働条件明示については、「使用者は、労働契約の締結に際し、賃金、労働時間その他の労働条件を明示しなければならない。」が基本である。正答の選択肢はこの原則と異なるため誤りである。,,,,
332,single,労働基準法関係,,平均賃金に関する次の記述のうち、正しいものを１つ選びなさい。試験対策として、もっとも適切な記述を選びなさい。,,,,,,平均賃金は常に１年間の賃金総額から計算する。,平均賃金は労働者が任意に申告した金額で決まる。,平均賃金は、原則として算定事由発生日以前３ヵ月間の賃金総額を、その期間の総日数で除して計算する。,平均賃金は、３ヵ月間の賃金総額を所定労働日数で除して計算するのが原則である。,3,平均賃金については、「平均賃金は、原則として算定事由発生日以前３ヵ月間の賃金総額を、その期間の総日数で除して計算する。」が正しい。その他の選択肢は、要件、期限、主体又は義務の内容が法令上の原則と異なる。,,,,
335,single,労働基準法関係,,年次有給休暇に関する次の記述のうち、正しいものを１つ選びなさい。実務での運行管理を想定して判断しなさい。,,,,,,年次有給休暇は３ヵ月継続勤務で必ず20日付与される。,全労働日の５割出勤すれば年次有給休暇が付与される。,年次有給休暇は運転者には適用されない。,雇入れの日から６ヵ月継続勤務し、全労働日の８割以上出勤した労働者には、原則10労働日の年次有給休暇を与える。,4,年次有給休暇については、「雇入れの日から６ヵ月継続勤務し、全労働日の８割以上出勤した労働者には、原則10労働日の年次有給休暇を与える。」が正しい。その他の選択肢は、要件、期限、主体又は義務の内容が法令上の原則と異なる。,,,,
337,single,労働基準法関係,,解雇予告に関する次の記述のうち、正しいものを１つ選びなさい。安全確保の観点から判断しなさい。,,,,,,解雇予告制度は正社員には適用されない。,使用者が労働者を解雇する場合、原則として30日前の予告又は30日分以上の平均賃金の支払いが必要である。,解雇予告は３日前で足りる。,平均賃金を支払えば、解雇理由に関係なく常に即時解雇できる。,2,解雇予告については、「使用者が労働者を解雇する場合、原則として30日前の予告又は30日分以上の平均賃金の支払いが必要である。」が正しい。その他の選択肢は、要件、期限、主体又は義務の内容が法令上の原則と異なる。,,,,
339,single,労働基準法関係,,就業規則の意見聴取に関する次の記述のうち、正しいものを１つ選びなさい。実務での運行管理を想定して判断しなさい。,,,,,,就業規則の変更には、過半数代表者の同意が必ず必要である。,就業規則の作成時に労働者側の意見を聴く必要は一切ない。,意見聴取は行政官庁が直接行う手続である。,就業規則の作成又は変更時は、過半数組合又は過半数代表者の意見を聴く必要がある。,4,就業規則の意見聴取については、「就業規則の作成又は変更時は、過半数組合又は過半数代表者の意見を聴く必要がある。」が正しい。その他の選択肢は、要件、期限、主体又は義務の内容が法令上の原則と異なる。,,,,
341,single,労働基準法関係,,36協定に関する次の記述のうち、誤っているものを１つ選びなさい。安全確保の観点から判断しなさい。,,,,,,連続運転時間は４時間を超えてはならず、４時間以内又は４時間経過直後に合計30分以上の運転中断が必要である。,36協定は口頭合意だけで足り、届出は不要である。,労使協定を締結し届け出た場合、協定の範囲内で時間外労働又は休日労働をさせることができる。,６週間以内に出産予定の女性が休業を請求した場合、使用者は就業させてはならない。産後８週間も原則就業禁止である。,2,36協定については、「労使協定を締結し届け出た場合、協定の範囲内で時間外労働又は休日労働をさせることができる。」が基本である。正答の選択肢はこの原則と異なるため誤りである。,,,,
342,single,労働基準法関係,,深夜割増に関する次の記述のうち、正しいものを１つ選びなさい。法令上の原則に基づいて判断しなさい。,,,,,,午後10時から午前５時までの深夜労働には、通常賃金の２割５分以上の割増賃金が必要である。,深夜割増率は５パーセント以上で足りる。,深夜労働でも運転者には割増賃金が不要である。,午後８時から午後10時までが労働基準法上の深夜である。,1,深夜割増については、「午後10時から午前５時までの深夜労働には、通常賃金の２割５分以上の割増賃金が必要である。」が正しい。その他の選択肢は、要件、期限、主体又は義務の内容が法令上の原則と異なる。,,,,
345,single,労働基準法関係,,拘束時間月間に関する次の記述のうち、正しいものを１つ選びなさい。安全確保の観点から判断しなさい。,,,,,,拘束時間の月間基準は旅客だけに適用される。,"トラック運転者の拘束時間は、１年3,300時間以内かつ１ヵ月284時間以内が原則である。",１ヵ月の拘束時間は原則350時間以内である。,１ヵ月の拘束時間には点呼時間を含めない。,2,"拘束時間月間については、「トラック運転者の拘束時間は、１年3,300時間以内かつ１ヵ月284時間以内が原則である。」が正しい。その他の選択肢は、要件、期限、主体又は義務の内容が法令上の原則と異なる。",,,,
347,single,労働基準法関係,,１日拘束時間に関する次の記述のうち、正しいものを１つ選びなさい。実務での運行管理を想定して判断しなさい。,,,,,,１日の拘束時間は原則20時間以内である。,延長する場合の最大拘束時間に上限はない。,１日の拘束時間は運転時間だけを合計する。,１日の拘束時間は原則13時間以内、延長する場合でも最大15時間以内である。ただし、一定の長距離貨物運送では週２回まで16時間とできる例外がある。,4,１日拘束時間については、「１日の拘束時間は原則13時間以内、延長する場合でも最大15時間以内である。ただし、一定の長距離貨物運送では週２回まで16時間とできる例外がある。」が正しい。その他の選択肢は、要件、期限、主体又は義務の内容が法令上の原則と異なる。,,,,
349,single,労働基準法関係,,運転時間に関する次の記述のうち、正しいものを１つ選びなさい。安全確保の観点から判断しなさい。,,,,,,運転時間は拘束時間と同じ意味である。,運転時間は２日平均で１日９時間以内、２週間平均で１週間44時間以内とされる。,運転時間は２日平均で１日12時間以内である。,２週間平均の運転時間基準は１週間60時間以内である。,2,運転時間については、「運転時間は２日平均で１日９時間以内、２週間平均で１週間44時間以内とされる。」が正しい。その他の選択肢は、要件、期限、主体又は義務の内容が法令上の原則と異なる。,,,,
351,single,労働基準法関係,,休日労働に関する次の記述のうち、誤っているものを１つ選びなさい。実務での運行管理を想定して判断しなさい。,,,,,,改善基準では、休日労働は２週間について１回を超えないものとし、拘束時間等の限度内で行う。,平均賃金は、原則として算定事由発生日以前３ヵ月間の賃金総額を、その期間の総日数で除して計算する。,常時10人以上の労働者を使用する使用者は、就業規則を作成し行政官庁へ届け出る必要がある。,休日労働は36協定があれば改善基準と無関係に行える。,4,休日労働については、「改善基準では、休日労働は２週間について１回を超えないものとし、拘束時間等の限度内で行う。」が基本である。正答の選択肢はこの原則と異なるため誤りである。,,,,
352,single,労働基準法関係,,労働条件の最低基準に関する次の記述のうち、正しいものを１つ選びなさい。試験対策として、もっとも適切な記述を選びなさい。,,,,,,労働基準法の基準を理由に労働条件を低下させることは当然に認められる。,労働条件の基準は使用者が一方的に下げることができる。,労働基準法で定める労働条件の基準は最低のものであり、当事者は労働条件の向上を図るよう努める。,労働基準法の基準は努力目標であり、下回る労働条件も自由に定められる。,3,労働条件の最低基準については、「労働基準法で定める労働条件の基準は最低のものであり、当事者は労働条件の向上を図るよう努める。」が正しい。その他の選択肢は、要件、期限、主体又は義務の内容が法令上の原則と異なる。,,,,
355,single,労働基準法関係,,休憩時間に関する次の記述のうち、正しいものを１つ選びなさい。実務での運行管理を想定して判断しなさい。,,,,,,労働時間が８時間を超えても休憩は30分で足りる。,休憩は労働時間の終了後にまとめて与えればよい。,休憩時間は運転者には適用されない。,使用者は、労働時間が６時間を超える場合45分以上、８時間を超える場合１時間以上の休憩を労働時間の途中に与える。,4,休憩時間については、「使用者は、労働時間が６時間を超える場合45分以上、８時間を超える場合１時間以上の休憩を労働時間の途中に与える。」が正しい。その他の選択肢は、要件、期限、主体又は義務の内容が法令上の原則と異なる。,,,,
357,single,労働基準法関係,,年次有給休暇に関する次の記述のうち、正しいものを１つ選びなさい。安全確保の観点から判断しなさい。,,,,,,年次有給休暇は運転者には適用されない。,雇入れの日から６ヵ月継続勤務し、全労働日の８割以上出勤した労働者には、原則10労働日の年次有給休暇を与える。,年次有給休暇は３ヵ月継続勤務で必ず20日付与される。,全労働日の５割出勤すれば年次有給休暇が付与される。,2,年次有給休暇については、「雇入れの日から６ヵ月継続勤務し、全労働日の８割以上出勤した労働者には、原則10労働日の年次有給休暇を与える。」が正しい。その他の選択肢は、要件、期限、主体又は義務の内容が法令上の原則と異なる。,,,,
359,single,労働基準法関係,,解雇予告に関する次の記述のうち、正しいものを１つ選びなさい。実務での運行管理を想定して判断しなさい。,,,,,,解雇予告は３日前で足りる。,平均賃金を支払えば、解雇理由に関係なく常に即時解雇できる。,解雇予告制度は正社員には適用されない。,使用者が労働者を解雇する場合、原則として30日前の予告又は30日分以上の平均賃金の支払いが必要である。,4,解雇予告については、「使用者が労働者を解雇する場合、原則として30日前の予告又は30日分以上の平均賃金の支払いが必要である。」が正しい。その他の選択肢は、要件、期限、主体又は義務の内容が法令上の原則と異なる。,,,,
361,single,労働基準法関係,,就業規則の意見聴取に関する次の記述のうち、誤っているものを１つ選びなさい。安全確保の観点から判断しなさい。,,,,,,勤務終了後の休息期間は、継続11時間以上与えるよう努めることを基本とし、継続９時間を下回ってはならない。,就業規則の変更には、過半数代表者の同意が必ず必要である。,就業規則の作成又は変更時は、過半数組合又は過半数代表者の意見を聴く必要がある。,午後10時から午前５時までの深夜労働には、通常賃金の２割５分以上の割増賃金が必要である。,2,就業規則の意見聴取については、「就業規則の作成又は変更時は、過半数組合又は過半数代表者の意見を聴く必要がある。」が基本である。正答の選択肢はこの原則と異なるため誤りである。,,,,
362,single,労働基準法関係,,法令等の周知に関する次の記述のうち、正しいものを１つ選びなさい。法令上の原則に基づいて判断しなさい。,,,,,,使用者は、労働基準法令の要旨、就業規則、36協定等を労働者に周知させる必要がある。,36協定は使用者だけが保管すれば労働者への周知は不要である。,労働基準法令の要旨は社外秘として周知してはならない。,就業規則は作成すれば周知不要である。,1,法令等の周知については、「使用者は、労働基準法令の要旨、就業規則、36協定等を労働者に周知させる必要がある。」が正しい。その他の選択肢は、要件、期限、主体又は義務の内容が法令上の原則と異なる。,,,,
365,single,労働基準法関係,,減給制裁に関する次の記述のうち、正しいものを１つ選びなさい。安全確保の観点から判断しなさい。,,,,,,減給制裁は就業規則に定めなくても無制限に行える。,減給制裁は、１回の額が平均賃金１日分の半額を超えず、総額が一賃金支払期の賃金総額の10分の１を超えてはならない。,減給制裁は１回につき平均賃金３日分まで自由に定められる。,減給制裁の総額に上限はない。,2,減給制裁については、「減給制裁は、１回の額が平均賃金１日分の半額を超えず、総額が一賃金支払期の賃金総額の10分の１を超えてはならない。」が正しい。その他の選択肢は、要件、期限、主体又は義務の内容が法令上の原則と異なる。,,,,
367,single,労働基準法関係,,拘束時間月間に関する次の記述のうち、正しいものを１つ選びなさい。実務での運行管理を想定して判断しなさい。,,,,,,１ヵ月の拘束時間は原則350時間以内である。,１ヵ月の拘束時間には点呼時間を含めない。,拘束時間の月間基準は旅客だけに適用される。,"トラック運転者の拘束時間は、１年3,300時間以内かつ１ヵ月284時間以内が原則である。",4,"拘束時間月間については、「トラック運転者の拘束時間は、１年3,300時間以内かつ１ヵ月284時間以内が原則である。」が正しい。その他の選択肢は、要件、期限、主体又は義務の内容が法令上の原則と異なる。",,,,
369,single,労働基準法関係,,１日拘束時間に関する次の記述のうち、正しいものを１つ選びなさい。安全確保の観点から判断しなさい。,,,,,,１日の拘束時間は運転時間だけを合計する。,１日の拘束時間は原則13時間以内、延長する場合でも最大15時間以内である。ただし、一定の長距離貨物運送では週２回まで16時間とできる例外がある。,１日の拘束時間は原則20時間以内である。,延長する場合の最大拘束時間に上限はない。,2,１日拘束時間については、「１日の拘束時間は原則13時間以内、延長する場合でも最大15時間以内である。ただし、一定の長距離貨物運送では週２回まで16時間とできる例外がある。」が正しい。その他の選択肢は、要件、期限、主体又は義務の内容が法令上の原則と異なる。,,,,
371,single,労働基準法関係,,運転時間に関する次の記述のうち、誤っているものを１つ選びなさい。実務での運行管理を想定して判断しなさい。,,,,,,運転時間は２日平均で１日９時間以内、２週間平均で１週間44時間以内とされる。,労働基準法で定める労働条件の基準は最低のものであり、当事者は労働条件の向上を図るよう努める。,業務上負傷疾病による休業期間及びその後30日、産前産後休業期間及びその後30日は、原則として解雇できない。,２週間平均の運転時間基準は１週間60時間以内である。,4,運転時間については、「運転時間は２日平均で１日９時間以内、２週間平均で１週間44時間以内とされる。」が基本である。正答の選択肢はこの原則と異なるため誤りである。,,,,
372,single,労働基準法関係,,連続運転時間に関する次の記述のうち、正しいものを１つ選びなさい。試験対策として、もっとも適切な記述を選びなさい。,,,,,,運転中断は１回５分を６回取れば常に足りる。,４時間を超えても、到着予定時刻を優先して運転を継続できる。,連続運転時間は４時間を超えてはならず、４時間以内又は４時間経過直後に合計30分以上の運転中断が必要である。,連続運転時間は６時間まで認められる。,3,連続運転時間については、「連続運転時間は４時間を超えてはならず、４時間以内又は４時間経過直後に合計30分以上の運転中断が必要である。」が正しい。その他の選択肢は、要件、期限、主体又は義務の内容が法令上の原則と異なる。,,,,
375,single,労働基準法関係,,労働条件明示に関する次の記述のうち、正しいものを１つ選びなさい。実務での運行管理を想定して判断しなさい。,,,,,,労働条件は採用後１年以内に口頭で伝えれば足りる。,賃金や労働時間は明示事項ではない。,明示された労働条件が事実と違っても、労働者は直ちに契約解除できない。,使用者は、労働契約の締結に際し、賃金、労働時間その他の労働条件を明示しなければならない。,4,労働条件明示については、「使用者は、労働契約の締結に際し、賃金、労働時間その他の労働条件を明示しなければならない。」が正しい。その他の選択肢は、要件、期限、主体又は義務の内容が法令上の原則と異なる。,,,,
377,single,労働基準法関係,,休憩時間に関する次の記述のうち、正しいものを１つ選びなさい。安全確保の観点から判断しなさい。,,,,,,休憩時間は運転者には適用されない。,使用者は、労働時間が６時間を超える場合45分以上、８時間を超える場合１時間以上の休憩を労働時間の途中に与える。,労働時間が８時間を超えても休憩は30分で足りる。,休憩は労働時間の終了後にまとめて与えればよい。,2,休憩時間については、「使用者は、労働時間が６時間を超える場合45分以上、８時間を超える場合１時間以上の休憩を労働時間の途中に与える。」が正しい。その他の選択肢は、要件、期限、主体又は義務の内容が法令上の原則と異なる。,,,,
379,single,労働基準法関係,,年次有給休暇に関する次の記述のうち、正しいものを１つ選びなさい。実務での運行管理を想定して判断しなさい。,,,,,,年次有給休暇は３ヵ月継続勤務で必ず20日付与される。,全労働日の５割出勤すれば年次有給休暇が付与される。,年次有給休暇は運転者には適用されない。,雇入れの日から６ヵ月継続勤務し、全労働日の８割以上出勤した労働者には、原則10労働日の年次有給休暇を与える。,4,年次有給休暇については、「雇入れの日から６ヵ月継続勤務し、全労働日の８割以上出勤した労働者には、原則10労働日の年次有給休暇を与える。」が正しい。その他の選択肢は、要件、期限、主体又は義務の内容が法令上の原則と異なる。,,,,
381,single,労働基準法関係,,解雇予告に関する次の記述のうち、誤っているものを１つ選びなさい。安全確保の観点から判断しなさい。,,,,,,"労使協定がある場合でも、１年3,400時間以内の範囲で、年６ヵ月まで１ヵ月310時間までの延長に限られる。",解雇予告制度は正社員には適用されない。,使用者が労働者を解雇する場合、原則として30日前の予告又は30日分以上の平均賃金の支払いが必要である。,使用者は、労働基準法令の要旨、就業規則、36協定等を労働者に周知させる必要がある。,2,解雇予告については、「使用者が労働者を解雇する場合、原則として30日前の予告又は30日分以上の平均賃金の支払いが必要である。」が基本である。正答の選択肢はこの原則と異なるため誤りである。,,,,
382,single,労働基準法関係,,就業規則に関する次の記述のうち、正しいものを１つ選びなさい。法令上の原則に基づいて判断しなさい。,,,,,,常時10人以上の労働者を使用する使用者は、就業規則を作成し行政官庁へ届け出る必要がある。,常時５人以上の労働者を使用すれば必ず就業規則の届出が必要である。,常時10人以上でも就業規則は口頭で定めれば足りる。,就業規則は労働者に周知する必要がない。,1,就業規則については、「常時10人以上の労働者を使用する使用者は、就業規則を作成し行政官庁へ届け出る必要がある。」が正しい。その他の選択肢は、要件、期限、主体又は義務の内容が法令上の原則と異なる。,,,,
385,single,労働基準法関係,,36協定に関する次の記述のうち、正しいものを１つ選びなさい。安全確保の観点から判断しなさい。,,,,,,36協定があれば、健康上特に有害な業務でも１日何時間でも延長できる。,労使協定を締結し届け出た場合、協定の範囲内で時間外労働又は休日労働をさせることができる。,36協定がなくても、繁忙期であれば自由に時間外労働を命じられる。,36協定は口頭合意だけで足り、届出は不要である。,2,36協定については、「労使協定を締結し届け出た場合、協定の範囲内で時間外労働又は休日労働をさせることができる。」が正しい。その他の選択肢は、要件、期限、主体又は義務の内容が法令上の原則と異なる。,,,,
387,single,実務上の知識及び能力,,酒気帯び防止に関する次の記述のうち、正しいものを１つ選びなさい。実務での運行管理を想定して判断しなさい。,,,,,,基準値未満であれば酒気を帯びていても乗務させられる。,飲酒から時間が経っていれば検知器確認は不要である。,酒気帯び確認は本人の自己申告だけで足りる。,酒気を帯びた状態であれば、呼気中アルコール濃度が処罰基準未満でも乗務させてはならない。,4,酒気帯び防止については、「酒気を帯びた状態であれば、呼気中アルコール濃度が処罰基準未満でも乗務させてはならない。」が正しい。その他の選択肢は、要件、期限、主体又は義務の内容が法令上の原則と異なる。,,,,
389,single,実務上の知識及び能力,,SASに関する次の記述のうち、正しいものを１つ選びなさい。安全確保の観点から判断しなさい。,,,,,,睡眠時無呼吸症候群は短距離運転では考慮しなくてよい。,睡眠時無呼吸症候群は居眠り運転や生活習慣病リスクに関係するため、早期発見と受診指導が重要である。,睡眠時無呼吸症候群は運転中の眠気とは無関係である。,いびきがある運転者は必ず乗務禁止で、受診指導は不要である。,2,SASについては、「睡眠時無呼吸症候群は居眠り運転や生活習慣病リスクに関係するため、早期発見と受診指導が重要である。」が正しい。その他の選択肢は、要件、期限、主体又は義務の内容が法令上の原則と異なる。,,,,
391,single,実務上の知識及び能力,,荷崩れ防止に関する次の記述のうち、誤っているものを１つ選びなさい。実務での運行管理を想定して判断しなさい。,,,,,,積載時は偏荷重を避け、ロープやシート等で荷崩れ・落下を防ぐ必要がある。,遠心力は速度の２乗に比例し、カーブ半径が小さいほど大きくなるため、急カーブでは十分減速する。,夜間、自車と対向車のライトで道路中央付近の歩行者等が見えにくくなることを蒸発現象という。,荷崩れ防止は荷主だけが行うもので運行管理とは無関係である。,4,荷崩れ防止については、「積載時は偏荷重を避け、ロープやシート等で荷崩れ・落下を防ぐ必要がある。」が基本である。正答の選択肢はこの原則と異なるため誤りである。,,,,
392,single,実務上の知識及び能力,,過積載の危険に関する次の記述のうち、正しいものを１つ選びなさい。試験対策として、もっとも適切な記述を選びなさい。,,,,,,積載重量が増えるほど制動距離は短くなる。,過積載は車両の安定性を高めるため安全である。,過積載は制動距離を長くし、車両の安定性を低下させ、事故時の被害を大きくする。,過積載は低速走行すれば制動距離に影響しない。,3,過積載の危険については、「過積載は制動距離を長くし、車両の安定性を低下させ、事故時の被害を大きくする。」が正しい。その他の選択肢は、要件、期限、主体又は義務の内容が法令上の原則と異なる。,,,,
395,single,実務上の知識及び能力,,制動距離に関する次の記述のうち、正しいものを１つ選びなさい。実務での運行管理を想定して判断しなさい。,,,,,,停止距離は制動距離だけで、空走距離は含めない。,速度が高くなっても停止距離は変わらない。,空走距離はブレーキが効き始めてから停止するまでの距離である。,停止距離は空走距離と制動距離の合計であり、速度が高いほど長くなる。,4,制動距離については、「停止距離は空走距離と制動距離の合計であり、速度が高いほど長くなる。」が正しい。その他の選択肢は、要件、期限、主体又は義務の内容が法令上の原則と異なる。,,,,
397,single,実務上の知識及び能力,,フェード現象に関する次の記述のうち、正しいものを１つ選びなさい。安全確保の観点から判断しなさい。,,,,,,フェード現象はエンジン始動時にだけ発生する。,長い下り坂等でブレーキを使い続け、摩擦熱により制動力が低下する現象をフェード現象という。,フェード現象はタイヤが波打つ現象である。,フェード現象は水上を滑走する現象である。,2,フェード現象については、「長い下り坂等でブレーキを使い続け、摩擦熱により制動力が低下する現象をフェード現象という。」が正しい。その他の選択肢は、要件、期限、主体又は義務の内容が法令上の原則と異なる。,,,,
399,single,実務上の知識及び能力,,スタンディングウェーブに関する次の記述のうち、正しいものを１つ選びなさい。実務での運行管理を想定して判断しなさい。,,,,,,スタンディングウェーブ現象はブレーキ液の沸騰をいう。,スタンディングウェーブ現象は霧で視界が悪くなる現象である。,スタンディングウェーブ現象は荷崩れだけをいう。,高速走行時にタイヤが波打つように変形する現象をスタンディングウェーブ現象という。,4,スタンディングウェーブについては、「高速走行時にタイヤが波打つように変形する現象をスタンディングウェーブ現象という。」が正しい。その他の選択肢は、要件、期限、主体又は義務の内容が法令上の原則と異なる。,,,,
401,single,実務上の知識及び能力,,踏切内故障に関する次の記述のうち、誤っているものを１つ選びなさい。安全確保の観点から判断しなさい。,,,,,,点呼では、顔色、声の調子、応答、疾病・疲労の申告等から安全運転できる状態か確認することが重要である。,踏切内で動けなくなった場合は、まず荷主へ到着遅延を連絡すれば足りる。,踏切内で立ち往生した場合は、非常ボタンや発炎筒等で列車に知らせ、車両を移動させる措置を講じる。,危険予知訓練では、道路状況、歩行者、自転車、天候、車両特性から潜在危険を予測し回避行動を考える。,2,踏切内故障については、「踏切内で立ち往生した場合は、非常ボタンや発炎筒等で列車に知らせ、車両を移動させる措置を講じる。」が基本である。正答の選択肢はこの原則と異なるため誤りである。,,,,
402,single,実務上の知識及び能力,,高速道路での停止に関する次の記述のうち、正しいものを１つ選びなさい。法令上の原則に基づいて判断しなさい。,,,,,,高速道路で故障等により停止した場合は、非常点滅表示灯、停止表示器材等で後続車へ知らせ、安全な場所へ避難する。,高速道路では停止表示器材を使わず車内で待機するのが原則である。,非常点滅表示灯をつければ、停止表示器材や避難は常に不要である。,高速道路での故障時は後続車に知らせず修理を始める。,1,高速道路での停止については、「高速道路で故障等により停止した場合は、非常点滅表示灯、停止表示器材等で後続車へ知らせ、安全な場所へ避難する。」が正しい。その他の選択肢は、要件、期限、主体又は義務の内容が法令上の原則と異なる。,,,,
405,single,実務上の知識及び能力,,ドライブレコーダーに関する次の記述のうち、正しいものを１つ選びなさい。安全確保の観点から判断しなさい。,,,,,,映像があれば点呼や指導監督は不要になる。,ドライブレコーダー映像は、事故原因分析やヒヤリ・ハット教育に活用できる。,ドライブレコーダー映像は教育に使ってはならない。,ドライブレコーダーは速度や運転行動の振り返りに役立たない。,2,ドライブレコーダーについては、「ドライブレコーダー映像は、事故原因分析やヒヤリ・ハット教育に活用できる。」が正しい。その他の選択肢は、要件、期限、主体又は義務の内容が法令上の原則と異なる。,,,,
407,single,実務上の知識及び能力,,制限外許可に関する次の記述のうち、正しいものを１つ選びなさい。実務での運行管理を想定して判断しなさい。,,,,,,分割できない積載物であっても、制限を超えれば許可の検討が必要である。,制限外許可は運転者が口頭で荷主から受ける許可である。,制限外許可は普通貨物自動車には一切関係しない。,積載物の大きさや積載方法が道路交通法の制限を超える場合、制限外許可が必要となることがある。,4,制限外許可については、「積載物の大きさや積載方法が道路交通法の制限を超える場合、制限外許可が必要となることがある。」が正しい。その他の選択肢は、要件、期限、主体又は義務の内容が法令上の原則と異なる。,,,,
409,single,実務上の知識及び能力,,免許区分に関する次の記述のうち、正しいものを１つ選びなさい。安全確保の観点から判断しなさい。,,,,,,免許区分の確認は初回採用時だけで足りる。,配車時は、車両総重量、最大積載量、乗車定員に応じ、必要な運転免許を確認する。,大型免許を持たない運転者でも、経験が長ければ大型車を運転できる。,最大積載量だけ見れば、車両総重量や乗車定員は確認不要である。,2,免許区分については、「配車時は、車両総重量、最大積載量、乗車定員に応じ、必要な運転免許を確認する。」が正しい。その他の選択肢は、要件、期限、主体又は義務の内容が法令上の原則と異なる。,,,,
411,single,実務上の知識及び能力,,酒気帯び防止に関する次の記述のうち、誤っているものを１つ選びなさい。実務での運行管理を想定して判断しなさい。,,,,,,酒気を帯びた状態であれば、呼気中アルコール濃度が処罰基準未満でも乗務させてはならない。,眠気を誘う薬を服用した場合、安全運転に影響するおそれがあるため、医師や薬剤師への確認を指導する。,水たまり等でタイヤが水に乗り、操舵や制動が効きにくくなる現象をハイドロプレーニング現象という。,飲酒から時間が経っていれば検知器確認は不要である。,4,酒気帯び防止については、「酒気を帯びた状態であれば、呼気中アルコール濃度が処罰基準未満でも乗務させてはならない。」が基本である。正答の選択肢はこの原則と異なるため誤りである。,,,,
412,single,実務上の知識及び能力,,睡眠不足に関する次の記述のうち、正しいものを１つ選びなさい。試験対策として、もっとも適切な記述を選びなさい。,,,,,,睡眠不足は運転技能に影響しない。,休憩予定があれば、明らかな睡眠不足でも必ず乗務させる。,睡眠不足や強い眠気は事故につながるため、点呼や日常指導で確認し、必要に応じ乗務を見合わせる。,眠気は運転開始後に解消するため、点呼で確認する必要はない。,3,睡眠不足については、「睡眠不足や強い眠気は事故につながるため、点呼や日常指導で確認し、必要に応じ乗務を見合わせる。」が正しい。その他の選択肢は、要件、期限、主体又は義務の内容が法令上の原則と異なる。,,,,
415,single,実務上の知識及び能力,,荷崩れ防止に関する次の記述のうち、正しいものを１つ選びなさい。実務での運行管理を想定して判断しなさい。,,,,,,重量物は荷台後端に集中させるほど安定する。,近距離運送では荷崩れ防止措置は不要である。,荷崩れ防止は荷主だけが行うもので運行管理とは無関係である。,積載時は偏荷重を避け、ロープやシート等で荷崩れ・落下を防ぐ必要がある。,4,荷崩れ防止については、「積載時は偏荷重を避け、ロープやシート等で荷崩れ・落下を防ぐ必要がある。」が正しい。その他の選択肢は、要件、期限、主体又は義務の内容が法令上の原則と異なる。,,,,
417,single,実務上の知識及び能力,,重心と横転に関する次の記述のうち、正しいものを１つ選びなさい。安全確保の観点から判断しなさい。,,,,,,横転リスクは速度やカーブ半径と無関係である。,重心が高い貨物や液体積載のタンク車は、カーブや急操作で横転リスクが高くなる。,重心が高いほど横転リスクは低くなる。,液体積載では重心移動がないため横転しにくい。,2,重心と横転については、「重心が高い貨物や液体積載のタンク車は、カーブや急操作で横転リスクが高くなる。」が正しい。その他の選択肢は、要件、期限、主体又は義務の内容が法令上の原則と異なる。,,,,
419,single,実務上の知識及び能力,,制動距離に関する次の記述のうち、正しいものを１つ選びなさい。実務での運行管理を想定して判断しなさい。,,,,,,停止距離は制動距離だけで、空走距離は含めない。,速度が高くなっても停止距離は変わらない。,空走距離はブレーキが効き始めてから停止するまでの距離である。,停止距離は空走距離と制動距離の合計であり、速度が高いほど長くなる。,4,制動距離については、「停止距離は空走距離と制動距離の合計であり、速度が高いほど長くなる。」が正しい。その他の選択肢は、要件、期限、主体又は義務の内容が法令上の原則と異なる。,,,,
421,single,実務上の知識及び能力,,フェード現象に関する次の記述のうち、誤っているものを１つ選びなさい。安全確保の観点から判断しなさい。,,,,,,車両の寸法や重量が道路法の一般的制限値を超える場合、特殊車両通行許可が必要となることがある。,フェード現象はエンジン始動時にだけ発生する。,長い下り坂等でブレーキを使い続け、摩擦熱により制動力が低下する現象をフェード現象という。,夜間、自車と対向車のライトで道路中央付近の歩行者等が見えにくくなることを蒸発現象という。,2,フェード現象については、「長い下り坂等でブレーキを使い続け、摩擦熱により制動力が低下する現象をフェード現象という。」が基本である。正答の選択肢はこの原則と異なるため誤りである。,,,,
422,single,実務上の知識及び能力,,ベーパー・ロックに関する次の記述のうち、正しいものを１つ選びなさい。法令上の原則に基づいて判断しなさい。,,,,,,ブレーキ液に気泡が発生し、油圧が伝わりにくくなる現象をベーパー・ロック現象という。,ベーパー・ロック現象はタイヤの溝が深くなる現象である。,ベーパー・ロック現象は道路標識が見えにくくなる現象である。,ベーパー・ロック現象は速度抑制装置の故障をいう。,1,ベーパー・ロックについては、「ブレーキ液に気泡が発生し、油圧が伝わりにくくなる現象をベーパー・ロック現象という。」が正しい。その他の選択肢は、要件、期限、主体又は義務の内容が法令上の原則と異なる。,,,,
425,single,実務上の知識及び能力,,踏切内故障に関する次の記述のうち、正しいものを１つ選びなさい。安全確保の観点から判断しなさい。,,,,,,踏切内の立ち往生では車両を動かす措置を講じてはならない。,踏切内で立ち往生した場合は、非常ボタンや発炎筒等で列車に知らせ、車両を移動させる措置を講じる。,踏切内で動けなくなった場合は、まず荷主へ到着遅延を連絡すれば足りる。,列車が見えてから初めて非常ボタンを押せばよい。,2,踏切内故障については、「踏切内で立ち往生した場合は、非常ボタンや発炎筒等で列車に知らせ、車両を移動させる措置を講じる。」が正しい。その他の選択肢は、要件、期限、主体又は義務の内容が法令上の原則と異なる。,,,,
427,single,実務上の知識及び能力,,地震時の避難に関する次の記述のうち、正しいものを１つ選びなさい。実務での運行管理を想定して判断しなさい。,,,,,,避難時は必ずキーを持ち出しドアロックする。,地震時は運行管理者への連絡を一切行わず、予定どおり運行を続ける。,車両を置く場合は窓を全開にして離れる。,大地震で車両を置いて避難する場合は、原則としてエンジンを止め、キーを付けたまま、窓を閉め、ドアロックしない。,4,地震時の避難については、「大地震で車両を置いて避難する場合は、原則としてエンジンを止め、キーを付けたまま、窓を閉め、ドアロックしない。」が正しい。その他の選択肢は、要件、期限、主体又は義務の内容が法令上の原則と異なる。,,,,
429,single,実務上の知識及び能力,,ドライブレコーダーに関する次の記述のうち、正しいものを１つ選びなさい。安全確保の観点から判断しなさい。,,,,,,映像があれば点呼や指導監督は不要になる。,ドライブレコーダー映像は、事故原因分析やヒヤリ・ハット教育に活用できる。,ドライブレコーダー映像は教育に使ってはならない。,ドライブレコーダーは速度や運転行動の振り返りに役立たない。,2,ドライブレコーダーについては、「ドライブレコーダー映像は、事故原因分析やヒヤリ・ハット教育に活用できる。」が正しい。その他の選択肢は、要件、期限、主体又は義務の内容が法令上の原則と異なる。,,,,
431,single,実務上の知識及び能力,,制限外許可に関する次の記述のうち、誤っているものを１つ選びなさい。実務での運行管理を想定して判断しなさい。,,,,,,積載物の大きさや積載方法が道路交通法の制限を超える場合、制限外許可が必要となることがある。,点呼では、顔色、声の調子、応答、疾病・疲労の申告等から安全運転できる状態か確認することが重要である。,過積載は制動距離を長くし、車両の安定性を低下させ、事故時の被害を大きくする。,分割できない積載物であっても、制限を超えれば許可の検討が必要である。,4,制限外許可については、「積載物の大きさや積載方法が道路交通法の制限を超える場合、制限外許可が必要となることがある。」が基本である。正答の選択肢はこの原則と異なるため誤りである。,,,,
432,single,実務上の知識及び能力,,高速道路速度設定に関する次の記述のうち、正しいものを１つ選びなさい。試験対策として、もっとも適切な記述を選びなさい。,,,,,,高速道路では貨物自動車も常に時速120キロメートルで計画できる。,速度設定は運転者に任せ、運行管理者は確認しなくてよい。,高速道路の運行計画では、法定最高速度や指定最高速度を踏まえ、無理な到着時刻を設定しない。,荷主指定時刻を守るためなら、法定速度を超える計画を立ててよい。,3,高速道路速度設定については、「高速道路の運行計画では、法定最高速度や指定最高速度を踏まえ、無理な到着時刻を設定しない。」が正しい。その他の選択肢は、要件、期限、主体又は義務の内容が法令上の原則と異なる。,,,,
435,single,実務上の知識及び能力,,酒気帯び防止に関する次の記述のうち、正しいものを１つ選びなさい。実務での運行管理を想定して判断しなさい。,,,,,,基準値未満であれば酒気を帯びていても乗務させられる。,飲酒から時間が経っていれば検知器確認は不要である。,酒気帯び確認は本人の自己申告だけで足りる。,酒気を帯びた状態であれば、呼気中アルコール濃度が処罰基準未満でも乗務させてはならない。,4,酒気帯び防止については、「酒気を帯びた状態であれば、呼気中アルコール濃度が処罰基準未満でも乗務させてはならない。」が正しい。その他の選択肢は、要件、期限、主体又は義務の内容が法令上の原則と異なる。,,,,
437,single,実務上の知識及び能力,,SASに関する次の記述のうち、正しいものを１つ選びなさい。安全確保の観点から判断しなさい。,,,,,,睡眠時無呼吸症候群は短距離運転では考慮しなくてよい。,睡眠時無呼吸症候群は居眠り運転や生活習慣病リスクに関係するため、早期発見と受診指導が重要である。,睡眠時無呼吸症候群は運転中の眠気とは無関係である。,いびきがある運転者は必ず乗務禁止で、受診指導は不要である。,2,SASについては、「睡眠時無呼吸症候群は居眠り運転や生活習慣病リスクに関係するため、早期発見と受診指導が重要である。」が正しい。その他の選択肢は、要件、期限、主体又は義務の内容が法令上の原則と異なる。,,,,
439,single,実務上の知識及び能力,,荷崩れ防止に関する次の記述のうち、正しいものを１つ選びなさい。実務での運行管理を想定して判断しなさい。,,,,,,重量物は荷台後端に集中させるほど安定する。,近距離運送では荷崩れ防止措置は不要である。,荷崩れ防止は荷主だけが行うもので運行管理とは無関係である。,積載時は偏荷重を避け、ロープやシート等で荷崩れ・落下を防ぐ必要がある。,4,荷崩れ防止については、「積載時は偏荷重を避け、ロープやシート等で荷崩れ・落下を防ぐ必要がある。」が正しい。その他の選択肢は、要件、期限、主体又は義務の内容が法令上の原則と異なる。,,,,
441,single,実務上の知識及び能力,,重心と横転に関する次の記述のうち、誤っているものを１つ選びなさい。安全確保の観点から判断しなさい。,,,,,,高速道路で故障等により停止した場合は、非常点滅表示灯、停止表示器材等で後続車へ知らせ、安全な場所へ避難する。,液体積載では重心移動がないため横転しにくい。,重心が高い貨物や液体積載のタンク車は、カーブや急操作で横転リスクが高くなる。,水たまり等でタイヤが水に乗り、操舵や制動が効きにくくなる現象をハイドロプレーニング現象という。,2,重心と横転については、「重心が高い貨物や液体積載のタンク車は、カーブや急操作で横転リスクが高くなる。」が基本である。正答の選択肢はこの原則と異なるため誤りである。,,,,
442,single,実務上の知識及び能力,,遠心力に関する次の記述のうち、正しいものを１つ選びなさい。法令上の原則に基づいて判断しなさい。,,,,,,遠心力は速度の２乗に比例し、カーブ半径が小さいほど大きくなるため、急カーブでは十分減速する。,速度が２倍になると遠心力は２倍にとどまる。,カーブ半径が小さいほど遠心力は小さくなる。,遠心力は積載重量や速度と無関係である。,1,遠心力については、「遠心力は速度の２乗に比例し、カーブ半径が小さいほど大きくなるため、急カーブでは十分減速する。」が正しい。その他の選択肢は、要件、期限、主体又は義務の内容が法令上の原則と異なる。,,,,
445,single,実務上の知識及び能力,,フェード現象に関する次の記述のうち、正しいものを１つ選びなさい。安全確保の観点から判断しなさい。,,,,,,フェード現象はエンジン始動時にだけ発生する。,長い下り坂等でブレーキを使い続け、摩擦熱により制動力が低下する現象をフェード現象という。,フェード現象はタイヤが波打つ現象である。,フェード現象は水上を滑走する現象である。,2,フェード現象については、「長い下り坂等でブレーキを使い続け、摩擦熱により制動力が低下する現象をフェード現象という。」が正しい。その他の選択肢は、要件、期限、主体又は義務の内容が法令上の原則と異なる。,,,,
447,single,実務上の知識及び能力,,スタンディングウェーブに関する次の記述のうち、正しいものを１つ選びなさい。実務での運行管理を想定して判断しなさい。,,,,,,スタンディングウェーブ現象はブレーキ液の沸騰をいう。,スタンディングウェーブ現象は霧で視界が悪くなる現象である。,スタンディングウェーブ現象は荷崩れだけをいう。,高速走行時にタイヤが波打つように変形する現象をスタンディングウェーブ現象という。,4,スタンディングウェーブについては、「高速走行時にタイヤが波打つように変形する現象をスタンディングウェーブ現象という。」が正しい。その他の選択肢は、要件、期限、主体又は義務の内容が法令上の原則と異なる。,,,,
449,single,実務上の知識及び能力,,踏切内故障に関する次の記述のうち、正しいものを１つ選びなさい。安全確保の観点から判断しなさい。,,,,,,踏切内の立ち往生では車両を動かす措置を講じてはならない。,踏切内で立ち往生した場合は、非常ボタンや発炎筒等で列車に知らせ、車両を移動させる措置を講じる。,踏切内で動けなくなった場合は、まず荷主へ到着遅延を連絡すれば足りる。,列車が見えてから初めて非常ボタンを押せばよい。,2,踏切内故障については、「踏切内で立ち往生した場合は、非常ボタンや発炎筒等で列車に知らせ、車両を移動させる措置を講じる。」が正しい。その他の選択肢は、要件、期限、主体又は義務の内容が法令上の原則と異なる。,,,,
451,single,実務上の知識及び能力,,地震時の避難に関する次の記述のうち、誤っているものを１つ選びなさい。実務での運行管理を想定して判断しなさい。,,,,,,大地震で車両を置いて避難する場合は、原則としてエンジンを止め、キーを付けたまま、窓を閉め、ドアロックしない。,車両の寸法や重量が道路法の一般的制限値を超える場合、特殊車両通行許可が必要となることがある。,睡眠不足や強い眠気は事故につながるため、点呼や日常指導で確認し、必要に応じ乗務を見合わせる。,車両を置く場合は窓を全開にして離れる。,4,地震時の避難については、「大地震で車両を置いて避難する場合は、原則としてエンジンを止め、キーを付けたまま、窓を閉め、ドアロックしない。」が基本である。正答の選択肢はこの原則と異なるため誤りである。,,,,
452,single,実務上の知識及び能力,,危険予知に関する次の記述のうち、正しいものを１つ選びなさい。試験対策として、もっとも適切な記述を選びなさい。,,,,,,ベテラン運転者には危険予知訓練は不要である。,危険予知では道路状況や天候を考慮してはならない。,危険予知訓練では、道路状況、歩行者、自転車、天候、車両特性から潜在危険を予測し回避行動を考える。,危険予知訓練は事故後の責任追及だけを目的とする。,3,危険予知については、「危険予知訓練では、道路状況、歩行者、自転車、天候、車両特性から潜在危険を予測し回避行動を考える。」が正しい。その他の選択肢は、要件、期限、主体又は義務の内容が法令上の原則と異なる。,,,,
455,single,実務上の知識及び能力,,制限外許可に関する次の記述のうち、正しいものを１つ選びなさい。実務での運行管理を想定して判断しなさい。,,,,,,分割できない積載物であっても、制限を超えれば許可の検討が必要である。,制限外許可は運転者が口頭で荷主から受ける許可である。,制限外許可は普通貨物自動車には一切関係しない。,積載物の大きさや積載方法が道路交通法の制限を超える場合、制限外許可が必要となることがある。,4,制限外許可については、「積載物の大きさや積載方法が道路交通法の制限を超える場合、制限外許可が必要となることがある。」が正しい。その他の選択肢は、要件、期限、主体又は義務の内容が法令上の原則と異なる。,,,,
457,single,実務上の知識及び能力,,免許区分に関する次の記述のうち、正しいものを１つ選びなさい。安全確保の観点から判断しなさい。,,,,,,免許区分の確認は初回採用時だけで足りる。,配車時は、車両総重量、最大積載量、乗車定員に応じ、必要な運転免許を確認する。,大型免許を持たない運転者でも、経験が長ければ大型車を運転できる。,最大積載量だけ見れば、車両総重量や乗車定員は確認不要である。,2,免許区分については、「配車時は、車両総重量、最大積載量、乗車定員に応じ、必要な運転免許を確認する。」が正しい。その他の選択肢は、要件、期限、主体又は義務の内容が法令上の原則と異なる。,,,,
459,single,実務上の知識及び能力,,酒気帯び防止に関する次の記述のうち、正しいものを１つ選びなさい。実務での運行管理を想定して判断しなさい。,,,,,,基準値未満であれば酒気を帯びていても乗務させられる。,飲酒から時間が経っていれば検知器確認は不要である。,酒気帯び確認は本人の自己申告だけで足りる。,酒気を帯びた状態であれば、呼気中アルコール濃度が処罰基準未満でも乗務させてはならない。,4,酒気帯び防止については、「酒気を帯びた状態であれば、呼気中アルコール濃度が処罰基準未満でも乗務させてはならない。」が正しい。その他の選択肢は、要件、期限、主体又は義務の内容が法令上の原則と異なる。,,,,
461,single,実務上の知識及び能力,,SASに関する次の記述のうち、誤っているものを１つ選びなさい。安全確保の観点から判断しなさい。,,,,,,ブレーキ液に気泡が発生し、油圧が伝わりにくくなる現象をベーパー・ロック現象という。,睡眠時無呼吸症候群は運転中の眠気とは無関係である。,睡眠時無呼吸症候群は居眠り運転や生活習慣病リスクに関係するため、早期発見と受診指導が重要である。,過積載は制動距離を長くし、車両の安定性を低下させ、事故時の被害を大きくする。,2,SASについては、「睡眠時無呼吸症候群は居眠り運転や生活習慣病リスクに関係するため、早期発見と受診指導が重要である。」が基本である。正答の選択肢はこの原則と異なるため誤りである。,,,,
462,single,実務上の知識及び能力,,服薬に関する次の記述のうち、正しいものを１つ選びなさい。法令上の原則に基づいて判断しなさい。,,,,,,眠気を誘う薬を服用した場合、安全運転に影響するおそれがあるため、医師や薬剤師への確認を指導する。,市販薬は運転に影響しないため、確認不要である。,薬を飲んだことは個人情報なので点呼で一切確認できない。,眠気を誘う薬でも、本人が慣れていれば必ず運転できる。,1,服薬については、「眠気を誘う薬を服用した場合、安全運転に影響するおそれがあるため、医師や薬剤師への確認を指導する。」が正しい。その他の選択肢は、要件、期限、主体又は義務の内容が法令上の原則と異なる。,,,,
465,single,実務上の知識及び能力,,重心と横転に関する次の記述のうち、正しいものを１つ選びなさい。安全確保の観点から判断しなさい。,,,,,,横転リスクは速度やカーブ半径と無関係である。,重心が高い貨物や液体積載のタンク車は、カーブや急操作で横転リスクが高くなる。,重心が高いほど横転リスクは低くなる。,液体積載では重心移動がないため横転しにくい。,2,重心と横転については、「重心が高い貨物や液体積載のタンク車は、カーブや急操作で横転リスクが高くなる。」が正しい。その他の選択肢は、要件、期限、主体又は義務の内容が法令上の原則と異なる。,,,,
467,single,実務上の知識及び能力,,制動距離に関する次の記述のうち、正しいものを１つ選びなさい。実務での運行管理を想定して判断しなさい。,,,,,,停止距離は制動距離だけで、空走距離は含めない。,速度が高くなっても停止距離は変わらない。,空走距離はブレーキが効き始めてから停止するまでの距離である。,停止距離は空走距離と制動距離の合計であり、速度が高いほど長くなる。,4,制動距離については、「停止距離は空走距離と制動距離の合計であり、速度が高いほど長くなる。」が正しい。その他の選択肢は、要件、期限、主体又は義務の内容が法令上の原則と異なる。,,,,
469,single,実務上の知識及び能力,,フェード現象に関する次の記述のうち、正しいものを１つ選びなさい。安全確保の観点から判断しなさい。,,,,,,フェード現象はエンジン始動時にだけ発生する。,長い下り坂等でブレーキを使い続け、摩擦熱により制動力が低下する現象をフェード現象という。,フェード現象はタイヤが波打つ現象である。,フェード現象は水上を滑走する現象である。,2,フェード現象については、「長い下り坂等でブレーキを使い続け、摩擦熱により制動力が低下する現象をフェード現象という。」が正しい。その他の選択肢は、要件、期限、主体又は義務の内容が法令上の原則と異なる。,,,,
471,single,実務上の知識及び能力,,スタンディングウェーブに関する次の記述のうち、誤っているものを１つ選びなさい。実務での運行管理を想定して判断しなさい。,,,,,,高速走行時にタイヤが波打つように変形する現象をスタンディングウェーブ現象という。,高速道路で故障等により停止した場合は、非常点滅表示灯、停止表示器材等で後続車へ知らせ、安全な場所へ避難する。,高速道路の運行計画では、法定最高速度や指定最高速度を踏まえ、無理な到着時刻を設定しない。,スタンディングウェーブ現象は霧で視界が悪くなる現象である。,4,スタンディングウェーブについては、「高速走行時にタイヤが波打つように変形する現象をスタンディングウェーブ現象という。」が基本である。正答の選択肢はこの原則と異なるため誤りである。,,,,
472,single,実務上の知識及び能力,,蒸発現象に関する次の記述のうち、正しいものを１つ選びなさい。試験対策として、もっとも適切な記述を選びなさい。,,,,,,蒸発現象は昼間の直射日光下でだけ起こる。,蒸発現象は車内の窓ガラスが曇ることをいう。,夜間、自車と対向車のライトで道路中央付近の歩行者等が見えにくくなることを蒸発現象という。,蒸発現象はブレーキ熱で水分が蒸発する現象である。,3,蒸発現象については、「夜間、自車と対向車のライトで道路中央付近の歩行者等が見えにくくなることを蒸発現象という。」が正しい。その他の選択肢は、要件、期限、主体又は義務の内容が法令上の原則と異なる。,,,,
475,single,実務上の知識及び能力,,地震時の避難に関する次の記述のうち、正しいものを１つ選びなさい。実務での運行管理を想定して判断しなさい。,,,,,,避難時は必ずキーを持ち出しドアロックする。,地震時は運行管理者への連絡を一切行わず、予定どおり運行を続ける。,車両を置く場合は窓を全開にして離れる。,大地震で車両を置いて避難する場合は、原則としてエンジンを止め、キーを付けたまま、窓を閉め、ドアロックしない。,4,地震時の避難については、「大地震で車両を置いて避難する場合は、原則としてエンジンを止め、キーを付けたまま、窓を閉め、ドアロックしない。」が正しい。その他の選択肢は、要件、期限、主体又は義務の内容が法令上の原則と異なる。,,,,
477,single,実務上の知識及び能力,,ドライブレコーダーに関する次の記述のうち、正しいものを１つ選びなさい。安全確保の観点から判断しなさい。,,,,,,映像があれば点呼や指導監督は不要になる。,ドライブレコーダー映像は、事故原因分析やヒヤリ・ハット教育に活用できる。,ドライブレコーダー映像は教育に使ってはならない。,ドライブレコーダーは速度や運転行動の振り返りに役立たない。,2,ドライブレコーダーについては、「ドライブレコーダー映像は、事故原因分析やヒヤリ・ハット教育に活用できる。」が正しい。その他の選択肢は、要件、期限、主体又は義務の内容が法令上の原則と異なる。,,,,
479,single,実務上の知識及び能力,,制限外許可に関する次の記述のうち、正しいものを１つ選びなさい。実務での運行管理を想定して判断しなさい。,,,,,,分割できない積載物であっても、制限を超えれば許可の検討が必要である。,制限外許可は運転者が口頭で荷主から受ける許可である。,制限外許可は普通貨物自動車には一切関係しない。,積載物の大きさや積載方法が道路交通法の制限を超える場合、制限外許可が必要となることがある。,4,制限外許可については、「積載物の大きさや積載方法が道路交通法の制限を超える場合、制限外許可が必要となることがある。」が正しい。その他の選択肢は、要件、期限、主体又は義務の内容が法令上の原則と異なる。,,,,
481,single,実務上の知識及び能力,,免許区分に関する次の記述のうち、誤っているものを１つ選びなさい。安全確保の観点から判断しなさい。,,,,,,遠心力は速度の２乗に比例し、カーブ半径が小さいほど大きくなるため、急カーブでは十分減速する。,免許区分の確認は初回採用時だけで足りる。,配車時は、車両総重量、最大積載量、乗車定員に応じ、必要な運転免許を確認する。,睡眠不足や強い眠気は事故につながるため、点呼や日常指導で確認し、必要に応じ乗務を見合わせる。,2,免許区分については、「配車時は、車両総重量、最大積載量、乗車定員に応じ、必要な運転免許を確認する。」が基本である。正答の選択肢はこの原則と異なるため誤りである。,,,,
482,single,実務上の知識及び能力,,点呼と体調確認に関する次の記述のうち、正しいものを１つ選びなさい。法令上の原則に基づいて判断しなさい。,,,,,,点呼では、顔色、声の調子、応答、疾病・疲労の申告等から安全運転できる状態か確認することが重要である。,本人が大丈夫と言えば、発熱や強い眠気があっても必ず乗務させる。,点呼では体調確認をせず、出庫時刻だけ確認すればよい。,体調確認は健康診断の日だけ行えば足りる。,1,点呼と体調確認については、「点呼では、顔色、声の調子、応答、疾病・疲労の申告等から安全運転できる状態か確認することが重要である。」が正しい。その他の選択肢は、要件、期限、主体又は義務の内容が法令上の原則と異なる。,,,,
485,single,実務上の知識及び能力,,SASに関する次の記述のうち、正しいものを１つ選びなさい。安全確保の観点から判断しなさい。,,,,,,睡眠時無呼吸症候群は短距離運転では考慮しなくてよい。,睡眠時無呼吸症候群は居眠り運転や生活習慣病リスクに関係するため、早期発見と受診指導が重要である。,睡眠時無呼吸症候群は運転中の眠気とは無関係である。,いびきがある運転者は必ず乗務禁止で、受診指導は不要である。,2,SASについては、「睡眠時無呼吸症候群は居眠り運転や生活習慣病リスクに関係するため、早期発見と受診指導が重要である。」が正しい。その他の選択肢は、要件、期限、主体又は義務の内容が法令上の原則と異なる。,,,,
487,single,実務上の知識及び能力,,荷崩れ防止に関する次の記述のうち、正しいものを１つ選びなさい。実務での運行管理を想定して判断しなさい。,,,,,,重量物は荷台後端に集中させるほど安定する。,近距離運送では荷崩れ防止措置は不要である。,荷崩れ防止は荷主だけが行うもので運行管理とは無関係である。,積載時は偏荷重を避け、ロープやシート等で荷崩れ・落下を防ぐ必要がある。,4,荷崩れ防止については、「積載時は偏荷重を避け、ロープやシート等で荷崩れ・落下を防ぐ必要がある。」が正しい。その他の選択肢は、要件、期限、主体又は義務の内容が法令上の原則と異なる。,,,,
489,single,実務上の知識及び能力,,重心と横転に関する次の記述のうち、正しいものを１つ選びなさい。安全確保の観点から判断しなさい。,,,,,,横転リスクは速度やカーブ半径と無関係である。,重心が高い貨物や液体積載のタンク車は、カーブや急操作で横転リスクが高くなる。,重心が高いほど横転リスクは低くなる。,液体積載では重心移動がないため横転しにくい。,2,重心と横転については、「重心が高い貨物や液体積載のタンク車は、カーブや急操作で横転リスクが高くなる。」が正しい。その他の選択肢は、要件、期限、主体又は義務の内容が法令上の原則と異なる。,,,,
491,single,実務上の知識及び能力,,制動距離に関する次の記述のうち、誤っているものを１つ選びなさい。実務での運行管理を想定して判断しなさい。,,,,,,停止距離は空走距離と制動距離の合計であり、速度が高いほど長くなる。,ブレーキ液に気泡が発生し、油圧が伝わりにくくなる現象をベーパー・ロック現象という。,危険予知訓練では、道路状況、歩行者、自転車、天候、車両特性から潜在危険を予測し回避行動を考える。,停止距離は制動距離だけで、空走距離は含めない。,4,制動距離については、「停止距離は空走距離と制動距離の合計であり、速度が高いほど長くなる。」が基本である。正答の選択肢はこの原則と異なるため誤りである。,,,,
492,single,実務上の知識及び能力,,ハイドロプレーニングに関する次の記述のうち、正しいものを１つ選びなさい。試験対策として、もっとも適切な記述を選びなさい。,,,,,,ハイドロプレーニング現象は乾燥路面でのみ発生する。,ハイドロプレーニング現象はタイヤ空気圧と一切関係しない。,水たまり等でタイヤが水に乗り、操舵や制動が効きにくくなる現象をハイドロプレーニング現象という。,ハイドロプレーニング現象はブレーキ液に気泡が生じる現象である。,3,ハイドロプレーニングについては、「水たまり等でタイヤが水に乗り、操舵や制動が効きにくくなる現象をハイドロプレーニング現象という。」が正しい。その他の選択肢は、要件、期限、主体又は義務の内容が法令上の原則と異なる。,,,,
495,single,実務上の知識及び能力,,スタンディングウェーブに関する次の記述のうち、正しいものを１つ選びなさい。実務での運行管理を想定して判断しなさい。,,,,,,スタンディングウェーブ現象はブレーキ液の沸騰をいう。,スタンディングウェーブ現象は霧で視界が悪くなる現象である。,スタンディングウェーブ現象は荷崩れだけをいう。,高速走行時にタイヤが波打つように変形する現象をスタンディングウェーブ現象という。,4,スタンディングウェーブについては、「高速走行時にタイヤが波打つように変形する現象をスタンディングウェーブ現象という。」が正しい。その他の選択肢は、要件、期限、主体又は義務の内容が法令上の原則と異なる。,,,,
497,single,実務上の知識及び能力,,踏切内故障に関する次の記述のうち、正しいものを１つ選びなさい。安全確保の観点から判断しなさい。,,,,,,踏切内の立ち往生では車両を動かす措置を講じてはならない。,踏切内で立ち往生した場合は、非常ボタンや発炎筒等で列車に知らせ、車両を移動させる措置を講じる。,踏切内で動けなくなった場合は、まず荷主へ到着遅延を連絡すれば足りる。,列車が見えてから初めて非常ボタンを押せばよい。,2,踏切内故障については、「踏切内で立ち往生した場合は、非常ボタンや発炎筒等で列車に知らせ、車両を移動させる措置を講じる。」が正しい。その他の選択肢は、要件、期限、主体又は義務の内容が法令上の原則と異なる。,,,,
499,single,実務上の知識及び能力,,地震時の避難に関する次の記述のうち、正しいものを１つ選びなさい。実務での運行管理を想定して判断しなさい。,,,,,,避難時は必ずキーを持ち出しドアロックする。,地震時は運行管理者への連絡を一切行わず、予定どおり運行を続ける。,車両を置く場合は窓を全開にして離れる。,大地震で車両を置いて避難する場合は、原則としてエンジンを止め、キーを付けたまま、窓を閉め、ドアロックしない。,4,地震時の避難については、「大地震で車両を置いて避難する場合は、原則としてエンジンを止め、キーを付けたまま、窓を閉め、ドアロックしない。」が正しい。その他の選択肢は、要件、期限、主体又は義務の内容が法令上の原則と異なる。,,,,
